/*******************************************************************************
 * Size: 16 px
 * Bpp: 4
 * Opts: --no-compress --no-prefilter --bpp 4 --size 16 --font D:\.Desktop\rebuild\cankao\PocketBook-Windows-Simulator\assets\fonts\NotoSansSC-SemiBold.ttf -r 0x20-0x7F --symbols 笔记空白横线方格点阵已保存到本地上传完成请先连接页面清没有可的内容写满蓝牙击启用最近还服务器未修改快速录今天把想法留在此刻开始书桌日历安排语言外观显示模式主题颜色亮暗网络搜索中关闭断密码名称加入取消输设备结果信号放ノート紙線眼ドッロカル済みアプ了に続してくださいペジを去またするがありせんこのは満杯でタ効化れサバ変更クイ記録デうち残書きめスレンダ予定語観表モラテマネワ検オフ切パ参キャセ力無結護éàèЗаметкиПусоЛнСТчхрльгзвшпдюцщНяжёыЕБАИШГОДЯйВРбЦУ文ç硅笺是一个向嵌智能终端项目它提供手、管理音口联状态和后续分析等。使构建界位要：灵感你，通过或由调多大型进行将总知识扩展系数据返回屏下作为电子当然也以做前发图形竖×首三导航纸张宽整种各橡皮擦套正善深画布字对比度换事件触稳性块功列真实层包含时间期按钮区域卡片量条底部工具栏收起类选择四全专注些复碎念单缓冲段避免每都长占便迁移支持气息议程月高份优针计弹划置青绿紫黄粉需同变考虑问背景边框墨水交互阶不新增坐标生除伪压只于轻微我们限板玩出花样慢动略粗细与附强添隐藏直依赖统访括继硬相规载麦克风储├─│└拟根执运产品链路负责采集任转像别节户步仓库聚焦独立档资料报错案什么？怎道很人但解决所 --font D:\.Desktop\rebuild\WaferLog\lvgl\scripts\built_in_font\FontAwesome5-Solid+Brands+Regular.woff -r 61441,61448,61451,61452,61453,61457,61459,61461,61465,61468,61473,61478,61479,61480,61502,61507,61512,61515,61516,61517,61521,61522,61523,61524,61543,61544,61550,61552,61553,61556,61559,61560,61561,61563,61587,61589,61636,61637,61639,61641,61664,61671,61674,61683,61724,61732,61787,61931,62016,62017,62018,62019,62020,62087,62099,62212,62189,62810,63426,63650 --format lvgl -o src\fonts\waferlog_font_16.c --force-fast-kern-format
 ******************************************************************************/

#ifdef LV_LVGL_H_INCLUDE_SIMPLE
#include "lvgl.h"
#else
#include "lvgl/lvgl.h"
#endif

#ifndef WAFERLOG_FONT_16
#define WAFERLOG_FONT_16 1
#endif

#if WAFERLOG_FONT_16

/*-----------------
 *    BITMAPS
 *----------------*/

/*Store the image of the glyphs*/
static LV_ATTRIBUTE_LARGE_CONST const uint8_t glyph_bitmap[] = {
    /* U+0020 " " */

    /* U+0021 "!" */
    0x3f, 0xf0, 0x2f, 0xf0, 0x1f, 0xe0, 0x1f, 0xe0,
    0xf, 0xd0, 0xf, 0xc0, 0xe, 0xb0, 0xd, 0xa0,
    0x0, 0x0, 0x2d, 0xb0, 0x7f, 0xf4, 0x2e, 0xd1,

    /* U+0022 "\"" */
    0x9f, 0xa0, 0xbf, 0x88, 0xf9, 0xa, 0xf8, 0x7f,
    0x80, 0x9f, 0x65, 0xf6, 0x7, 0xf4, 0x3f, 0x40,
    0x5f, 0x20, 0x61, 0x1, 0x60,

    /* U+0023 "#" */
    0x0, 0xf, 0x40, 0xab, 0x0, 0x2, 0xf2, 0xc,
    0x90, 0x0, 0x4f, 0x0, 0xe7, 0x0, 0xff, 0xff,
    0xff, 0xfd, 0x6, 0xcd, 0x68, 0xf8, 0x50, 0xa,
    0xa0, 0x4f, 0x10, 0x2, 0xc9, 0x27, 0xf2, 0x6,
    0xff, 0xff, 0xff, 0xf7, 0x15, 0xf8, 0x5b, 0xc5,
    0x20, 0x2f, 0x30, 0xb9, 0x0, 0x4, 0xf1, 0xd,
    0x70, 0x0, 0x5f, 0x0, 0xf5, 0x0,

    /* U+0024 "$" */
    0x0, 0x0, 0x83, 0x0, 0x0, 0x0, 0xf, 0x70,
    0x0, 0x0, 0x4d, 0xff, 0xa2, 0x0, 0x4f, 0xfd,
    0xef, 0xd0, 0xa, 0xf9, 0x0, 0x63, 0x0, 0xbf,
    0x70, 0x0, 0x0, 0x7, 0xff, 0x60, 0x0, 0x0,
    0xb, 0xff, 0xd5, 0x0, 0x0, 0x5, 0xdf, 0xf8,
    0x0, 0x0, 0x0, 0x8f, 0xf1, 0x0, 0x0, 0x0,
    0xef, 0x30, 0x76, 0x0, 0x2f, 0xf1, 0xf, 0xfe,
    0xdf, 0xfa, 0x0, 0x29, 0xef, 0xe8, 0x0, 0x0,
    0x0, 0xf7, 0x0, 0x0, 0x0, 0x8, 0x30, 0x0,

    /* U+0025 "%" */
    0x4, 0xdf, 0xb2, 0x0, 0x1, 0xf4, 0x0, 0x1,
    0xfb, 0x4e, 0xc0, 0x0, 0x9b, 0x0, 0x0, 0x5f,
    0x30, 0x7f, 0x20, 0x2f, 0x30, 0x0, 0x7, 0xf1,
    0x5, 0xf3, 0xa, 0xa0, 0x0, 0x0, 0x6f, 0x20,
    0x6f, 0x23, 0xf2, 0x0, 0x0, 0x2, 0xf9, 0x1c,
    0xd0, 0xc9, 0x9, 0xff, 0x80, 0x6, 0xff, 0xe3,
    0x4f, 0x17, 0xf2, 0x3f, 0x50, 0x1, 0x30, 0xd,
    0x80, 0xdb, 0x0, 0xdb, 0x0, 0x0, 0x5, 0xe0,
    0xe, 0xa0, 0xc, 0xc0, 0x0, 0x0, 0xd7, 0x0,
    0xdc, 0x0, 0xea, 0x0, 0x0, 0x6e, 0x0, 0x7,
    0xf7, 0x8f, 0x50, 0x0, 0xe, 0x60, 0x0, 0x9,
    0xfe, 0x70,

    /* U+0026 "&" */
    0x0, 0x9, 0xff, 0xa0, 0x0, 0x0, 0x0, 0xaf,
    0xaa, 0xf8, 0x0, 0x0, 0x0, 0xfe, 0x0, 0xfb,
    0x0, 0x0, 0x0, 0xfe, 0x7, 0xf7, 0x0, 0x0,
    0x0, 0xbf, 0xbf, 0xc0, 0x0, 0x0, 0x0, 0x8f,
    0xf9, 0x0, 0x8, 0xa1, 0x9, 0xff, 0xfb, 0x0,
    0x2f, 0xd0, 0x4f, 0xf2, 0xcf, 0xb0, 0xaf, 0x60,
    0x7f, 0xa0, 0x1d, 0xfe, 0xfd, 0x0, 0x6f, 0xd1,
    0x1, 0xef, 0xfa, 0x10, 0xe, 0xfe, 0xbe, 0xff,
    0xff, 0xf3, 0x1, 0xae, 0xfe, 0x91, 0x29, 0xd0,

    /* U+0027 "'" */
    0x9f, 0xa8, 0xf9, 0x7f, 0x85, 0xf6, 0x3f, 0x40,
    0x61,

    /* U+0028 "(" */
    0x0, 0x0, 0x0, 0x9, 0xc0, 0x2, 0xf9, 0x0,
    0x8f, 0x20, 0xe, 0xd0, 0x3, 0xf9, 0x0, 0x6f,
    0x60, 0x8, 0xf4, 0x0, 0x9f, 0x30, 0x9, 0xf3,
    0x0, 0x8f, 0x40, 0x6, 0xf6, 0x0, 0x3f, 0x90,
    0x0, 0xed, 0x0, 0x9, 0xf2, 0x0, 0x2f, 0x90,
    0x0, 0x9d, 0x0, 0x0, 0x0,

    /* U+0029 ")" */
    0x0, 0x0, 0x0, 0xc8, 0x0, 0xa, 0xf1, 0x0,
    0x3f, 0x80, 0x0, 0xed, 0x0, 0x9, 0xf2, 0x0,
    0x6f, 0x50, 0x4, 0xf7, 0x0, 0x3f, 0x90, 0x3,
    0xf9, 0x0, 0x4f, 0x80, 0x6, 0xf6, 0x0, 0x9f,
    0x20, 0xd, 0xe0, 0x3, 0xf8, 0x0, 0xaf, 0x20,
    0xd, 0x90, 0x0, 0x0, 0x0,

    /* U+002A "*" */
    0x0, 0xa, 0xa0, 0x0, 0x4, 0x2b, 0xc1, 0x40,
    0xf, 0xff, 0xff, 0xf1, 0x0, 0xaf, 0xfa, 0x0,
    0x0, 0xdd, 0xdd, 0x0, 0x2, 0xc2, 0x2c, 0x20,

    /* U+002B "+" */
    0x0, 0x0, 0x42, 0x0, 0x0, 0x0, 0x2f, 0x80,
    0x0, 0x0, 0x2, 0xf8, 0x0, 0x0, 0x0, 0x2f,
    0x80, 0x0, 0x6f, 0xff, 0xff, 0xff, 0xb3, 0x88,
    0x9f, 0xc8, 0x86, 0x0, 0x2, 0xf8, 0x0, 0x0,
    0x0, 0x2f, 0x80, 0x0, 0x0, 0x2, 0xf8, 0x0,
    0x0,

    /* U+002C "," */
    0x3, 0x95, 0x0, 0xcf, 0xf1, 0x7, 0xff, 0x30,
    0x6, 0xf1, 0x3, 0xeb, 0x0, 0xfc, 0x10, 0x2,
    0x0, 0x0,

    /* U+002D "-" */
    0x29, 0x99, 0x91, 0x3f, 0xff, 0xf1,

    /* U+002E "." */
    0x6d, 0x7d, 0xfe, 0x7f, 0x80,

    /* U+002F "/" */
    0x0, 0x0, 0xda, 0x0, 0x1, 0xf6, 0x0, 0x5,
    0xf2, 0x0, 0x9, 0xe0, 0x0, 0xe, 0xa0, 0x0,
    0x2f, 0x50, 0x0, 0x6f, 0x10, 0x0, 0xad, 0x0,
    0x0, 0xe9, 0x0, 0x3, 0xf4, 0x0, 0x7, 0xf0,
    0x0, 0xb, 0xc0, 0x0, 0xf, 0x80, 0x0, 0x4f,
    0x30, 0x0, 0x8f, 0x0, 0x0, 0x56, 0x0, 0x0,

    /* U+0030 "0" */
    0x0, 0x4c, 0xfe, 0x70, 0x0, 0x3f, 0xfb, 0xef,
    0x80, 0xb, 0xf7, 0x1, 0xff, 0x10, 0xff, 0x10,
    0xb, 0xf6, 0x3f, 0xe0, 0x0, 0x8f, 0x84, 0xfd,
    0x0, 0x7, 0xfa, 0x4f, 0xd0, 0x0, 0x7f, 0xa3,
    0xfe, 0x0, 0x8, 0xf8, 0xf, 0xf1, 0x0, 0xbf,
    0x50, 0xbf, 0x70, 0x2f, 0xf1, 0x2, 0xff, 0xce,
    0xf8, 0x0, 0x3, 0xcf, 0xe7, 0x0,

    /* U+0031 "1" */
    0x2, 0x8f, 0xf1, 0x0, 0x4f, 0xff, 0xf1, 0x0,
    0x16, 0x7f, 0xf1, 0x0, 0x0, 0x1f, 0xf1, 0x0,
    0x0, 0x1f, 0xf1, 0x0, 0x0, 0x1f, 0xf1, 0x0,
    0x0, 0x1f, 0xf1, 0x0, 0x0, 0x1f, 0xf1, 0x0,
    0x0, 0x1f, 0xf1, 0x0, 0x0, 0x1f, 0xf1, 0x0,
    0x8c, 0xcf, 0xfc, 0xc4, 0xaf, 0xff, 0xff, 0xf5,

    /* U+0032 "2" */
    0x2, 0xae, 0xfd, 0x60, 0x2, 0xef, 0xdd, 0xff,
    0x60, 0xa, 0x50, 0x8, 0xfd, 0x0, 0x0, 0x0,
    0x3f, 0xf0, 0x0, 0x0, 0x4, 0xfe, 0x0, 0x0,
    0x0, 0xaf, 0x90, 0x0, 0x0, 0x4f, 0xf1, 0x0,
    0x0, 0x2e, 0xf6, 0x0, 0x0, 0x1d, 0xf9, 0x0,
    0x0, 0x1d, 0xfb, 0x0, 0x0, 0x2e, 0xff, 0xcd,
    0xdd, 0x75, 0xff, 0xff, 0xff, 0xf8,

    /* U+0033 "3" */
    0x2, 0xae, 0xfd, 0x80, 0x0, 0xef, 0xdc, 0xff,
    0xa0, 0x4, 0x50, 0x5, 0xff, 0x0, 0x0, 0x0,
    0x3f, 0xf0, 0x0, 0x0, 0x3c, 0xfa, 0x0, 0x1,
    0xff, 0xf9, 0x0, 0x0, 0x9, 0xbf, 0xf7, 0x0,
    0x0, 0x0, 0x2f, 0xf3, 0x0, 0x0, 0x0, 0xdf,
    0x70, 0xb4, 0x0, 0x3f, 0xf5, 0x5f, 0xfe, 0xdf,
    0xfc, 0x0, 0x4b, 0xef, 0xd8, 0x0,

    /* U+0034 "4" */
    0x0, 0x0, 0x7f, 0xf7, 0x0, 0x0, 0x1f, 0xff,
    0x70, 0x0, 0xa, 0xfc, 0xf7, 0x0, 0x4, 0xfc,
    0x9f, 0x70, 0x0, 0xdf, 0x39, 0xf7, 0x0, 0x7f,
    0x90, 0x9f, 0x70, 0x1f, 0xe1, 0x9, 0xf7, 0x9,
    0xfe, 0xaa, 0xef, 0xd9, 0xaf, 0xff, 0xff, 0xff,
    0xe0, 0x0, 0x0, 0x9f, 0x70, 0x0, 0x0, 0x9,
    0xf7, 0x0, 0x0, 0x0, 0x9f, 0x70,

    /* U+0035 "5" */
    0x5, 0xff, 0xff, 0xff, 0x0, 0x6f, 0xfd, 0xdd,
    0xc0, 0x7, 0xf8, 0x0, 0x0, 0x0, 0x8f, 0x70,
    0x0, 0x0, 0x8, 0xf9, 0x88, 0x30, 0x0, 0x9f,
    0xff, 0xff, 0x90, 0x1, 0x61, 0x7, 0xff, 0x30,
    0x0, 0x0, 0xd, 0xf7, 0x0, 0x0, 0x0, 0xcf,
    0x70, 0xa3, 0x0, 0x4f, 0xf3, 0x5f, 0xfd, 0xdf,
    0xfa, 0x0, 0x3b, 0xef, 0xd7, 0x0,

    /* U+0036 "6" */
    0x0, 0x8, 0xef, 0xd6, 0x0, 0xc, 0xff, 0xcf,
    0xf3, 0x7, 0xfc, 0x10, 0x14, 0x0, 0xdf, 0x30,
    0x0, 0x0, 0x1f, 0xf0, 0x68, 0x60, 0x2, 0xfe,
    0xdf, 0xff, 0xc0, 0x3f, 0xf9, 0x12, 0xdf, 0x71,
    0xff, 0x0, 0x6, 0xfa, 0xe, 0xf1, 0x0, 0x6f,
    0xa0, 0x9f, 0x90, 0xb, 0xf7, 0x1, 0xef, 0xcc,
    0xfe, 0x10, 0x2, 0xaf, 0xfa, 0x20,

    /* U+0037 "7" */
    0x3f, 0xff, 0xff, 0xff, 0x92, 0xdd, 0xdd, 0xdf,
    0xf6, 0x0, 0x0, 0x4, 0xfb, 0x0, 0x0, 0x0,
    0xdf, 0x20, 0x0, 0x0, 0x6f, 0x90, 0x0, 0x0,
    0xd, 0xf2, 0x0, 0x0, 0x2, 0xfe, 0x0, 0x0,
    0x0, 0x6f, 0xa0, 0x0, 0x0, 0x9, 0xf8, 0x0,
    0x0, 0x0, 0xcf, 0x60, 0x0, 0x0, 0xe, 0xf5,
    0x0, 0x0, 0x0, 0xff, 0x40, 0x0,

    /* U+0038 "8" */
    0x0, 0x5d, 0xfe, 0x91, 0x0, 0x5f, 0xe9, 0xcf,
    0xb0, 0xb, 0xf5, 0x0, 0xdf, 0x10, 0xbf, 0x40,
    0xb, 0xf1, 0x6, 0xfd, 0x31, 0xfb, 0x0, 0x9,
    0xff, 0xee, 0x10, 0x3, 0xec, 0xbf, 0xf8, 0x0,
    0xee, 0x0, 0x4e, 0xf5, 0x3f, 0xb0, 0x0, 0x8f,
    0x92, 0xfe, 0x0, 0xa, 0xf8, 0xb, 0xfe, 0x9b,
    0xff, 0x20, 0x8, 0xdf, 0xea, 0x20,

    /* U+0039 "9" */
    0x0, 0x8e, 0xfd, 0x50, 0x0, 0x9f, 0xeb, 0xff,
    0x50, 0x2f, 0xf1, 0x3, 0xfe, 0x5, 0xfb, 0x0,
    0xc, 0xf4, 0x4f, 0xc0, 0x0, 0x9f, 0x71, 0xff,
    0x50, 0x5f, 0xf8, 0x7, 0xff, 0xff, 0xcf, 0x80,
    0x3, 0x87, 0x2a, 0xf6, 0x0, 0x0, 0x0, 0xef,
    0x20, 0x24, 0x0, 0x8f, 0xc0, 0xd, 0xfd, 0xef,
    0xf3, 0x0, 0x3b, 0xff, 0xb2, 0x0,

    /* U+003A ":" */
    0x7f, 0x8d, 0xfe, 0x6e, 0x70, 0x0, 0x0, 0x0,
    0x0, 0x6d, 0x7d, 0xfe, 0x7f, 0x80,

    /* U+003B ";" */
    0x7, 0xf8, 0x0, 0xdf, 0xe0, 0x6, 0xe7, 0x0,
    0x0, 0x0, 0x0, 0x0, 0x0, 0x0, 0x0, 0x3,
    0x95, 0x0, 0xcf, 0xf1, 0x7, 0xff, 0x30, 0x6,
    0xf1, 0x3, 0xeb, 0x0, 0xfc, 0x10, 0x2, 0x0,
    0x0,

    /* U+003C "<" */
    0x0, 0x0, 0x0, 0x5, 0x70, 0x0, 0x3, 0x9e,
    0xfb, 0x1, 0x7d, 0xff, 0xc6, 0x14, 0xff, 0xd7,
    0x10, 0x0, 0x5f, 0xfa, 0x50, 0x0, 0x0, 0x39,
    0xff, 0xfa, 0x40, 0x0, 0x0, 0x5b, 0xff, 0xb0,
    0x0, 0x0, 0x1, 0x89,

    /* U+003D "=" */
    0x6f, 0xff, 0xff, 0xff, 0xb3, 0x99, 0x99, 0x99,
    0x96, 0x0, 0x0, 0x0, 0x0, 0x0, 0x0, 0x0,
    0x0, 0x0, 0x6f, 0xff, 0xff, 0xff, 0xb3, 0x99,
    0x99, 0x99, 0x96,

    /* U+003E ">" */
    0x47, 0x10, 0x0, 0x0, 0x6, 0xff, 0xb5, 0x0,
    0x0, 0x5, 0xaf, 0xfe, 0x93, 0x0, 0x0, 0x5,
    0xbf, 0xfa, 0x0, 0x0, 0x38, 0xef, 0xb0, 0x28,
    0xdf, 0xfb, 0x50, 0x5f, 0xfd, 0x71, 0x0, 0x5,
    0xa4, 0x0, 0x0, 0x0,

    /* U+003F "?" */
    0x2, 0xaf, 0xfc, 0x30, 0x1e, 0xfd, 0xef, 0xf1,
    0x4, 0x30, 0xe, 0xf4, 0x0, 0x0, 0xe, 0xf3,
    0x0, 0x0, 0x8f, 0xb0, 0x0, 0x6, 0xfd, 0x10,
    0x0, 0xf, 0xf2, 0x0, 0x0, 0x2f, 0xb0, 0x0,
    0x0, 0x0, 0x0, 0x0, 0x0, 0x3d, 0xb0, 0x0,
    0x0, 0x8f, 0xf3, 0x0, 0x0, 0x3e, 0xc0, 0x0,

    /* U+0040 "@" */
    0x0, 0x0, 0x4, 0xae, 0xff, 0xd7, 0x10, 0x0,
    0x0, 0x2, 0xcf, 0xc8, 0x66, 0xaf, 0xe2, 0x0,
    0x0, 0x2e, 0xe4, 0x0, 0x0, 0x2, 0xde, 0x10,
    0x0, 0xde, 0x10, 0x0, 0x10, 0x20, 0x2f, 0x80,
    0x6, 0xf4, 0x0, 0x8f, 0xfa, 0xf2, 0xa, 0xd0,
    0xc, 0xd0, 0x7, 0xf9, 0x6f, 0xf0, 0x7, 0xf0,
    0xf, 0x80, 0xf, 0xc0, 0xd, 0xc0, 0x6, 0xf1,
    0x1f, 0x70, 0x4f, 0x60, 0xf, 0x90, 0x7, 0xf0,
    0x1f, 0x70, 0x6f, 0x40, 0x3f, 0x60, 0xd, 0xb0,
    0xf, 0xa0, 0x4f, 0xa2, 0xcf, 0x92, 0x9f, 0x30,
    0xa, 0xf1, 0xb, 0xff, 0x89, 0xff, 0xe5, 0x0,
    0x2, 0xfc, 0x10, 0x32, 0x0, 0x33, 0x0, 0x0,
    0x0, 0x4f, 0xe7, 0x31, 0x24, 0x50, 0x0, 0x0,
    0x0, 0x2, 0xaf, 0xff, 0xff, 0xa0, 0x0, 0x0,
    0x0, 0x0, 0x0, 0x34, 0x30, 0x0, 0x0, 0x0,

    /* U+0041 "A" */
    0x0, 0x0, 0x6f, 0xf9, 0x0, 0x0, 0x0, 0x0,
    0xbf, 0xfe, 0x0, 0x0, 0x0, 0x0, 0xfd, 0xbf,
    0x30, 0x0, 0x0, 0x5, 0xf9, 0x7f, 0x80, 0x0,
    0x0, 0xa, 0xf4, 0x3f, 0xd0, 0x0, 0x0, 0xf,
    0xf0, 0xe, 0xf2, 0x0, 0x0, 0x4f, 0xc0, 0xa,
    0xf7, 0x0, 0x0, 0x9f, 0xeb, 0xbd, 0xfc, 0x0,
    0x0, 0xef, 0xff, 0xff, 0xff, 0x10, 0x4, 0xfe,
    0x0, 0x0, 0xdf, 0x60, 0x9, 0xfa, 0x0, 0x0,
    0x8f, 0xb0, 0xe, 0xf5, 0x0, 0x0, 0x4f, 0xf1,

    /* U+0042 "B" */
    0x8f, 0xff, 0xfe, 0xb3, 0x0, 0x8f, 0xeb, 0xbe,
    0xff, 0x30, 0x8f, 0xb0, 0x0, 0xdf, 0x80, 0x8f,
    0xb0, 0x0, 0xaf, 0x80, 0x8f, 0xb0, 0x4, 0xff,
    0x30, 0x8f, 0xff, 0xff, 0xf6, 0x0, 0x8f, 0xea,
    0xac, 0xff, 0x60, 0x8f, 0xb0, 0x0, 0x4f, 0xf0,
    0x8f, 0xb0, 0x0, 0xf, 0xf2, 0x8f, 0xb0, 0x0,
    0x6f, 0xf1, 0x8f, 0xeb, 0xbd, 0xff, 0x80, 0x8f,
    0xff, 0xff, 0xc5, 0x0,

    /* U+0043 "C" */
    0x0, 0x3, 0xae, 0xfd, 0x70, 0x0, 0x6f, 0xff,
    0xef, 0xf8, 0x3, 0xff, 0x91, 0x2, 0xa1, 0xa,
    0xfb, 0x0, 0x0, 0x0, 0xf, 0xf5, 0x0, 0x0,
    0x0, 0x1f, 0xf3, 0x0, 0x0, 0x0, 0x1f, 0xf3,
    0x0, 0x0, 0x0, 0xf, 0xf5, 0x0, 0x0, 0x0,
    0xb, 0xfb, 0x0, 0x0, 0x0, 0x4, 0xff, 0x90,
    0x2, 0xc5, 0x0, 0x7f, 0xff, 0xff, 0xfb, 0x0,
    0x4, 0xbf, 0xfd, 0x70,

    /* U+0044 "D" */
    0x8f, 0xff, 0xfc, 0x70, 0x0, 0x8f, 0xfc, 0xef,
    0xfd, 0x10, 0x8f, 0xb0, 0x3, 0xef, 0xb0, 0x8f,
    0xb0, 0x0, 0x4f, 0xf2, 0x8f, 0xb0, 0x0, 0xf,
    0xf6, 0x8f, 0xb0, 0x0, 0xd, 0xf7, 0x8f, 0xb0,
    0x0, 0xd, 0xf7, 0x8f, 0xb0, 0x0, 0xf, 0xf5,
    0x8f, 0xb0, 0x0, 0x5f, 0xf2, 0x8f, 0xb0, 0x4,
    0xef, 0xa0, 0x8f, 0xfc, 0xef, 0xfd, 0x10, 0x8f,
    0xff, 0xfc, 0x70, 0x0,

    /* U+0045 "E" */
    0x8f, 0xff, 0xff, 0xfa, 0x8f, 0xfd, 0xdd, 0xd9,
    0x8f, 0xb0, 0x0, 0x0, 0x8f, 0xb0, 0x0, 0x0,
    0x8f, 0xb0, 0x0, 0x0, 0x8f, 0xff, 0xff, 0xe0,
    0x8f, 0xfd, 0xdd, 0xc0, 0x8f, 0xb0, 0x0, 0x0,
    0x8f, 0xb0, 0x0, 0x0, 0x8f, 0xb0, 0x0, 0x0,
    0x8f, 0xfd, 0xdd, 0xdb, 0x8f, 0xff, 0xff, 0xfd,

    /* U+0046 "F" */
    0x8f, 0xff, 0xff, 0xfb, 0x8f, 0xfd, 0xdd, 0xd9,
    0x8f, 0xb0, 0x0, 0x0, 0x8f, 0xb0, 0x0, 0x0,
    0x8f, 0xb0, 0x0, 0x0, 0x8f, 0xfd, 0xdd, 0xc0,
    0x8f, 0xff, 0xff, 0xf0, 0x8f, 0xb0, 0x0, 0x0,
    0x8f, 0xb0, 0x0, 0x0, 0x8f, 0xb0, 0x0, 0x0,
    0x8f, 0xb0, 0x0, 0x0, 0x8f, 0xb0, 0x0, 0x0,

    /* U+0047 "G" */
    0x0, 0x2, 0xae, 0xfe, 0x91, 0x0, 0x5, 0xff,
    0xfe, 0xff, 0xd0, 0x3, 0xff, 0xa1, 0x0, 0x83,
    0x0, 0xaf, 0xc0, 0x0, 0x0, 0x0, 0xf, 0xf5,
    0x0, 0x0, 0x0, 0x1, 0xff, 0x30, 0xb, 0xdd,
    0xd4, 0x1f, 0xf3, 0x0, 0xdf, 0xff, 0x50, 0xff,
    0x50, 0x0, 0xb, 0xf5, 0xb, 0xfc, 0x0, 0x0,
    0xbf, 0x50, 0x4f, 0xfa, 0x10, 0xc, 0xf5, 0x0,
    0x7f, 0xff, 0xff, 0xff, 0x30, 0x0, 0x3a, 0xef,
    0xea, 0x30,

    /* U+0048 "H" */
    0x8f, 0xb0, 0x0, 0xa, 0xf9, 0x8f, 0xb0, 0x0,
    0xa, 0xf9, 0x8f, 0xb0, 0x0, 0xa, 0xf9, 0x8f,
    0xb0, 0x0, 0xa, 0xf9, 0x8f, 0xb0, 0x0, 0xa,
    0xf9, 0x8f, 0xff, 0xff, 0xff, 0xf9, 0x8f, 0xfe,
    0xee, 0xef, 0xf9, 0x8f, 0xb0, 0x0, 0xa, 0xf9,
    0x8f, 0xb0, 0x0, 0xa, 0xf9, 0x8f, 0xb0, 0x0,
    0xa, 0xf9, 0x8f, 0xb0, 0x0, 0xa, 0xf9, 0x8f,
    0xb0, 0x0, 0xa, 0xf9,

    /* U+0049 "I" */
    0x8f, 0xb8, 0xfb, 0x8f, 0xb8, 0xfb, 0x8f, 0xb8,
    0xfb, 0x8f, 0xb8, 0xfb, 0x8f, 0xb8, 0xfb, 0x8f,
    0xb8, 0xfb,

    /* U+004A "J" */
    0x0, 0x0, 0xa, 0xf9, 0x0, 0x0, 0xa, 0xf9,
    0x0, 0x0, 0xa, 0xf9, 0x0, 0x0, 0xa, 0xf9,
    0x0, 0x0, 0xa, 0xf9, 0x0, 0x0, 0xa, 0xf9,
    0x0, 0x0, 0xa, 0xf9, 0x0, 0x0, 0xa, 0xf9,
    0x0, 0x0, 0xb, 0xf9, 0x2c, 0x70, 0x2e, 0xf6,
    0x4f, 0xff, 0xff, 0xe0, 0x4, 0xcf, 0xfb, 0x20,

    /* U+004B "K" */
    0x8f, 0xb0, 0x0, 0x8f, 0xd0, 0x8f, 0xb0, 0x5,
    0xff, 0x20, 0x8f, 0xb0, 0x2f, 0xf5, 0x0, 0x8f,
    0xb0, 0xdf, 0x90, 0x0, 0x8f, 0xb9, 0xfd, 0x0,
    0x0, 0x8f, 0xff, 0xff, 0x20, 0x0, 0x8f, 0xff,
    0xdf, 0xb0, 0x0, 0x8f, 0xf8, 0x1f, 0xf4, 0x0,
    0x8f, 0xd0, 0x8, 0xfd, 0x0, 0x8f, 0xb0, 0x0,
    0xef, 0x70, 0x8f, 0xb0, 0x0, 0x5f, 0xf1, 0x8f,
    0xb0, 0x0, 0xc, 0xfa,

    /* U+004C "L" */
    0x8f, 0xb0, 0x0, 0x0, 0x8f, 0xb0, 0x0, 0x0,
    0x8f, 0xb0, 0x0, 0x0, 0x8f, 0xb0, 0x0, 0x0,
    0x8f, 0xb0, 0x0, 0x0, 0x8f, 0xb0, 0x0, 0x0,
    0x8f, 0xb0, 0x0, 0x0, 0x8f, 0xb0, 0x0, 0x0,
    0x8f, 0xb0, 0x0, 0x0, 0x8f, 0xb0, 0x0, 0x0,
    0x8f, 0xfd, 0xdd, 0xd7, 0x8f, 0xff, 0xff, 0xf9,

    /* U+004D "M" */
    0x8f, 0xf2, 0x0, 0x0, 0x9f, 0xf1, 0x8f, 0xf8,
    0x0, 0x0, 0xef, 0xf1, 0x8f, 0xfd, 0x0, 0x4,
    0xff, 0xf1, 0x8f, 0xcf, 0x30, 0xa, 0xfc, 0xf1,
    0x8f, 0x8f, 0x90, 0xf, 0xbd, 0xf1, 0x8f, 0x6d,
    0xe0, 0x5f, 0x5e, 0xf1, 0x8f, 0x78, 0xf4, 0xaf,
    0xf, 0xf1, 0x8f, 0x72, 0xfa, 0xfa, 0xf, 0xf1,
    0x8f, 0x70, 0xcf, 0xf4, 0xf, 0xf1, 0x8f, 0x70,
    0x6f, 0xe0, 0xf, 0xf1, 0x8f, 0x70, 0x1e, 0x80,
    0xf, 0xf1, 0x8f, 0x70, 0x0, 0x0, 0xf, 0xf1,

    /* U+004E "N" */
    0x8f, 0xf1, 0x0, 0xb, 0xf7, 0x8f, 0xf9, 0x0,
    0xb, 0xf7, 0x8f, 0xff, 0x20, 0xb, 0xf7, 0x8f,
    0xbf, 0xa0, 0xb, 0xf7, 0x8f, 0x7d, 0xf3, 0xb,
    0xf7, 0x8f, 0x85, 0xfb, 0xb, 0xf7, 0x8f, 0x90,
    0xcf, 0x4a, 0xf7, 0x8f, 0x90, 0x4f, 0xc8, 0xf7,
    0x8f, 0x90, 0xb, 0xfb, 0xf7, 0x8f, 0x90, 0x3,
    0xff, 0xf7, 0x8f, 0x90, 0x0, 0xaf, 0xf7, 0x8f,
    0x90, 0x0, 0x2f, 0xf7,

    /* U+004F "O" */
    0x0, 0x5, 0xcf, 0xfd, 0x70, 0x0, 0x0, 0x9f,
    0xff, 0xff, 0xfc, 0x0, 0x5, 0xff, 0x70, 0x4,
    0xff, 0x90, 0xc, 0xfa, 0x0, 0x0, 0x6f, 0xf0,
    0xf, 0xf5, 0x0, 0x0, 0xf, 0xf4, 0x1f, 0xf3,
    0x0, 0x0, 0xe, 0xf5, 0x1f, 0xf3, 0x0, 0x0,
    0xe, 0xf5, 0xf, 0xf5, 0x0, 0x0, 0x1f, 0xf3,
    0xb, 0xfb, 0x0, 0x0, 0x6f, 0xf0, 0x4, 0xff,
    0x80, 0x5, 0xff, 0x80, 0x0, 0x8f, 0xff, 0xff,
    0xfb, 0x0, 0x0, 0x4, 0xcf, 0xfd, 0x70, 0x0,

    /* U+0050 "P" */
    0x8f, 0xff, 0xfe, 0xa3, 0x8, 0xff, 0xcc, 0xff,
    0xf3, 0x8f, 0xb0, 0x0, 0xbf, 0xb8, 0xfb, 0x0,
    0x5, 0xfd, 0x8f, 0xb0, 0x0, 0x6f, 0xd8, 0xfb,
    0x0, 0x3e, 0xf8, 0x8f, 0xff, 0xff, 0xfc, 0x8,
    0xfe, 0xcb, 0xa5, 0x0, 0x8f, 0xb0, 0x0, 0x0,
    0x8, 0xfb, 0x0, 0x0, 0x0, 0x8f, 0xb0, 0x0,
    0x0, 0x8, 0xfb, 0x0, 0x0, 0x0,

    /* U+0051 "Q" */
    0x0, 0x5, 0xcf, 0xfd, 0x70, 0x0, 0x0, 0x9f,
    0xff, 0xff, 0xfc, 0x0, 0x5, 0xff, 0x70, 0x4,
    0xff, 0x90, 0xc, 0xfa, 0x0, 0x0, 0x6f, 0xf0,
    0xf, 0xf5, 0x0, 0x0, 0xf, 0xf4, 0x1f, 0xf3,
    0x0, 0x0, 0xe, 0xf5, 0x1f, 0xf3, 0x0, 0x0,
    0xe, 0xf5, 0xf, 0xf5, 0x0, 0x0, 0x1f, 0xf3,
    0xb, 0xfa, 0x0, 0x0, 0x6f, 0xf0, 0x4, 0xff,
    0x60, 0x3, 0xef, 0x80, 0x0, 0x8f, 0xfe, 0xdf,
    0xfb, 0x0, 0x0, 0x4, 0xcf, 0xfe, 0x70, 0x0,
    0x0, 0x0, 0x9, 0xfe, 0x30, 0x0, 0x0, 0x0,
    0x0, 0xcf, 0xfd, 0xc8, 0x0, 0x0, 0x0, 0x7,
    0xdf, 0xfa,

    /* U+0052 "R" */
    0x8f, 0xff, 0xfe, 0xb4, 0x0, 0x8f, 0xfc, 0xce,
    0xff, 0x50, 0x8f, 0xb0, 0x0, 0xaf, 0xc0, 0x8f,
    0xb0, 0x0, 0x4f, 0xe0, 0x8f, 0xb0, 0x0, 0x5f,
    0xe0, 0x8f, 0xb0, 0x3, 0xdf, 0x90, 0x8f, 0xff,
    0xff, 0xfd, 0x10, 0x8f, 0xec, 0xdf, 0xe0, 0x0,
    0x8f, 0xb0, 0x2f, 0xf5, 0x0, 0x8f, 0xb0, 0x8,
    0xfe, 0x0, 0x8f, 0xb0, 0x0, 0xef, 0x80, 0x8f,
    0xb0, 0x0, 0x5f, 0xf2,

    /* U+0053 "S" */
    0x0, 0x3b, 0xff, 0xd7, 0x0, 0x3, 0xff, 0xfe,
    0xff, 0xa0, 0xb, 0xfb, 0x0, 0x2a, 0x20, 0xc,
    0xf8, 0x0, 0x0, 0x0, 0x8, 0xff, 0x92, 0x0,
    0x0, 0x0, 0xcf, 0xff, 0xc4, 0x0, 0x0, 0x5,
    0xcf, 0xff, 0x80, 0x0, 0x0, 0x3, 0xbf, 0xf1,
    0x0, 0x0, 0x0, 0x1f, 0xf4, 0x9, 0xc4, 0x0,
    0x6f, 0xf1, 0x1e, 0xff, 0xff, 0xff, 0x80, 0x0,
    0x7d, 0xff, 0xc6, 0x0,

    /* U+0054 "T" */
    0x8f, 0xff, 0xff, 0xff, 0xf7, 0x6d, 0xdd, 0xff,
    0xdd, 0xd6, 0x0, 0x2, 0xff, 0x10, 0x0, 0x0,
    0x2, 0xff, 0x10, 0x0, 0x0, 0x2, 0xff, 0x10,
    0x0, 0x0, 0x2, 0xff, 0x10, 0x0, 0x0, 0x2,
    0xff, 0x10, 0x0, 0x0, 0x2, 0xff, 0x10, 0x0,
    0x0, 0x2, 0xff, 0x10, 0x0, 0x0, 0x2, 0xff,
    0x10, 0x0, 0x0, 0x2, 0xff, 0x10, 0x0, 0x0,
    0x2, 0xff, 0x10, 0x0,

    /* U+0055 "U" */
    0x9f, 0xa0, 0x0, 0xa, 0xf8, 0x9f, 0xa0, 0x0,
    0xa, 0xf8, 0x9f, 0xa0, 0x0, 0xa, 0xf8, 0x9f,
    0xa0, 0x0, 0xa, 0xf8, 0x9f, 0xa0, 0x0, 0xa,
    0xf8, 0x9f, 0xa0, 0x0, 0xa, 0xf8, 0x9f, 0xa0,
    0x0, 0xa, 0xf7, 0x8f, 0xa0, 0x0, 0xb, 0xf7,
    0x6f, 0xd0, 0x0, 0xe, 0xf5, 0x1f, 0xf7, 0x0,
    0x8f, 0xf1, 0x8, 0xff, 0xff, 0xff, 0x70, 0x0,
    0x6d, 0xff, 0xc5, 0x0,

    /* U+0056 "V" */
    0xe, 0xf6, 0x0, 0x0, 0x8f, 0xb0, 0xaf, 0xb0,
    0x0, 0xc, 0xf6, 0x5, 0xff, 0x0, 0x1, 0xff,
    0x10, 0xf, 0xf3, 0x0, 0x5f, 0xd0, 0x0, 0xbf,
    0x80, 0x9, 0xf8, 0x0, 0x6, 0xfc, 0x0, 0xdf,
    0x30, 0x0, 0x1f, 0xf0, 0x2f, 0xe0, 0x0, 0x0,
    0xcf, 0x46, 0xf9, 0x0, 0x0, 0x8, 0xf9, 0xaf,
    0x40, 0x0, 0x0, 0x3f, 0xde, 0xf0, 0x0, 0x0,
    0x0, 0xef, 0xfb, 0x0, 0x0, 0x0, 0x9, 0xff,
    0x60, 0x0,

    /* U+0057 "W" */
    0x9f, 0xb0, 0x0, 0xbf, 0x60, 0x0, 0xff, 0x26,
    0xfd, 0x0, 0xf, 0xfa, 0x0, 0x2f, 0xf0, 0x3f,
    0xf0, 0x3, 0xff, 0xe0, 0x5, 0xfc, 0x0, 0xff,
    0x20, 0x7f, 0xcf, 0x20, 0x7f, 0x90, 0xd, 0xf5,
    0xb, 0xf7, 0xf6, 0xa, 0xf6, 0x0, 0xaf, 0x70,
    0xec, 0x3f, 0xa0, 0xdf, 0x30, 0x6, 0xfa, 0x2f,
    0x90, 0xfd, 0xf, 0xf0, 0x0, 0x3f, 0xd5, 0xf5,
    0xc, 0xf2, 0xfd, 0x0, 0x0, 0xff, 0x8f, 0x20,
    0x9f, 0x7f, 0xa0, 0x0, 0xd, 0xfd, 0xe0, 0x5,
    0xfd, 0xf7, 0x0, 0x0, 0xaf, 0xfb, 0x0, 0x1f,
    0xff, 0x40, 0x0, 0x7, 0xff, 0x70, 0x0, 0xef,
    0xf1, 0x0,

    /* U+0058 "X" */
    0x4f, 0xf2, 0x0, 0x2f, 0xf3, 0xc, 0xfa, 0x0,
    0x9f, 0xa0, 0x3, 0xff, 0x21, 0xff, 0x20, 0x0,
    0xbf, 0x97, 0xf9, 0x0, 0x0, 0x2f, 0xfe, 0xf1,
    0x0, 0x0, 0xa, 0xff, 0x90, 0x0, 0x0, 0xc,
    0xff, 0xa0, 0x0, 0x0, 0x5f, 0xcf, 0xf3, 0x0,
    0x0, 0xdf, 0x48, 0xfc, 0x0, 0x6, 0xfd, 0x1,
    0xff, 0x50, 0xe, 0xf5, 0x0, 0x9f, 0xd0, 0x7f,
    0xd0, 0x0, 0x1f, 0xf6,

    /* U+0059 "Y" */
    0xd, 0xf7, 0x0, 0x4, 0xff, 0x10, 0x6f, 0xe0,
    0x0, 0xaf, 0x90, 0x0, 0xef, 0x50, 0x1f, 0xf1,
    0x0, 0x6, 0xfb, 0x7, 0xf9, 0x0, 0x0, 0xe,
    0xf2, 0xef, 0x20, 0x0, 0x0, 0x8f, 0xcf, 0xa0,
    0x0, 0x0, 0x1, 0xff, 0xf3, 0x0, 0x0, 0x0,
    0x9, 0xfc, 0x0, 0x0, 0x0, 0x0, 0x8f, 0xb0,
    0x0, 0x0, 0x0, 0x8, 0xfb, 0x0, 0x0, 0x0,
    0x0, 0x8f, 0xb0, 0x0, 0x0, 0x0, 0x8, 0xfb,
    0x0, 0x0,

    /* U+005A "Z" */
    0xc, 0xff, 0xff, 0xff, 0xf1, 0xa, 0xdd, 0xdd,
    0xff, 0xe0, 0x0, 0x0, 0x2, 0xff, 0x50, 0x0,
    0x0, 0xb, 0xfb, 0x0, 0x0, 0x0, 0x6f, 0xf1,
    0x0, 0x0, 0x1, 0xef, 0x60, 0x0, 0x0, 0xa,
    0xfc, 0x0, 0x0, 0x0, 0x4f, 0xf2, 0x0, 0x0,
    0x0, 0xef, 0x80, 0x0, 0x0, 0x8, 0xfd, 0x0,
    0x0, 0x0, 0x2f, 0xfe, 0xdd, 0xdd, 0xd1, 0x4f,
    0xff, 0xff, 0xff, 0xf2,

    /* U+005B "[" */
    0x6f, 0xff, 0x36, 0xf6, 0x30, 0x6f, 0x40, 0x6,
    0xf4, 0x0, 0x6f, 0x40, 0x6, 0xf4, 0x0, 0x6f,
    0x40, 0x6, 0xf4, 0x0, 0x6f, 0x40, 0x6, 0xf4,
    0x0, 0x6f, 0x40, 0x6, 0xf4, 0x0, 0x6f, 0x40,
    0x6, 0xf4, 0x0, 0x6f, 0xff, 0x31, 0x22, 0x20,

    /* U+005C "\\" */
    0x7f, 0x0, 0x0, 0x2f, 0x40, 0x0, 0xe, 0x90,
    0x0, 0xa, 0xd0, 0x0, 0x6, 0xf1, 0x0, 0x2,
    0xf5, 0x0, 0x0, 0xda, 0x0, 0x0, 0x9e, 0x0,
    0x0, 0x5f, 0x20, 0x0, 0x1f, 0x60, 0x0, 0xc,
    0xa0, 0x0, 0x8, 0xe0, 0x0, 0x4, 0xf3, 0x0,
    0x0, 0xf7, 0x0, 0x0, 0xcb, 0x0, 0x0, 0x47,

    /* U+005D "]" */
    0x4f, 0xff, 0x50, 0x37, 0xf5, 0x0, 0x5f, 0x50,
    0x5, 0xf5, 0x0, 0x5f, 0x50, 0x5, 0xf5, 0x0,
    0x5f, 0x50, 0x5, 0xf5, 0x0, 0x5f, 0x50, 0x5,
    0xf5, 0x0, 0x5f, 0x50, 0x5, 0xf5, 0x0, 0x5f,
    0x50, 0x5, 0xf5, 0x4f, 0xff, 0x50, 0x22, 0x20,

    /* U+005E "^" */
    0x0, 0x6, 0xfc, 0x0, 0x0, 0x0, 0xdf, 0xf3,
    0x0, 0x0, 0x3f, 0x9f, 0x90, 0x0, 0xa, 0xf1,
    0xcf, 0x0, 0x1, 0xfc, 0x6, 0xf6, 0x0, 0x6f,
    0x60, 0x1f, 0xc0, 0xd, 0xf0, 0x0, 0xaf, 0x30,

    /* U+005F "_" */
    0x0, 0x0, 0x0, 0x0, 0xc, 0xff, 0xff, 0xff,
    0xfd, 0x23, 0x33, 0x33, 0x33, 0x30,

    /* U+0060 "`" */
    0x0, 0x20, 0x0, 0x9, 0xf3, 0x0, 0x9, 0xfe,
    0x10, 0x0, 0x7f, 0xc0, 0x0, 0x6, 0x40,

    /* U+0061 "a" */
    0x1, 0x8d, 0xff, 0xa1, 0x0, 0x9f, 0xec, 0xff,
    0xb0, 0x1, 0x40, 0x3, 0xff, 0x10, 0x0, 0x37,
    0xaf, 0xf3, 0x3, 0xdf, 0xeb, 0xff, 0x30, 0xef,
    0x50, 0xf, 0xf3, 0x2f, 0xf0, 0x3, 0xff, 0x30,
    0xef, 0xdc, 0xff, 0xf3, 0x3, 0xdf, 0xd5, 0xaf,
    0x30,

    /* U+0062 "b" */
    0xbf, 0x80, 0x0, 0x0, 0xb, 0xf8, 0x0, 0x0,
    0x0, 0xbf, 0x80, 0x0, 0x0, 0xb, 0xf8, 0x0,
    0x0, 0x0, 0xbf, 0x89, 0xff, 0xa1, 0xb, 0xff,
    0xfd, 0xff, 0xc0, 0xbf, 0xc1, 0x4, 0xff, 0x3b,
    0xf8, 0x0, 0xe, 0xf6, 0xbf, 0x80, 0x0, 0xcf,
    0x7b, 0xf8, 0x0, 0xe, 0xf6, 0xbf, 0xa0, 0x6,
    0xff, 0x1b, 0xff, 0xed, 0xff, 0x80, 0xbf, 0x3a,
    0xfe, 0x70, 0x0,

    /* U+0063 "c" */
    0x0, 0x2a, 0xef, 0xc4, 0x3, 0xff, 0xed, 0xf7,
    0xd, 0xfb, 0x0, 0x20, 0x2f, 0xf2, 0x0, 0x0,
    0x4f, 0xf0, 0x0, 0x0, 0x3f, 0xf2, 0x0, 0x0,
    0xe, 0xfb, 0x0, 0x21, 0x4, 0xff, 0xed, 0xfb,
    0x0, 0x3b, 0xff, 0xc4,

    /* U+0064 "d" */
    0x0, 0x0, 0x0, 0x4f, 0xf0, 0x0, 0x0, 0x4,
    0xff, 0x0, 0x0, 0x0, 0x4f, 0xf0, 0x0, 0x0,
    0x4, 0xff, 0x0, 0x4d, 0xfd, 0x7f, 0xf0, 0x4f,
    0xfe, 0xdf, 0xff, 0xd, 0xfa, 0x0, 0x6f, 0xf2,
    0xff, 0x20, 0x4, 0xff, 0x3f, 0xf1, 0x0, 0x4f,
    0xf2, 0xff, 0x20, 0x4, 0xff, 0xe, 0xf9, 0x0,
    0x8f, 0xf0, 0x7f, 0xfe, 0xef, 0xff, 0x0, 0x7e,
    0xfc, 0x3e, 0xf0,

    /* U+0065 "e" */
    0x0, 0x3b, 0xff, 0xa1, 0x0, 0x4f, 0xfc, 0xdf,
    0xc0, 0xd, 0xf6, 0x0, 0xaf, 0x43, 0xff, 0x22,
    0x27, 0xf8, 0x4f, 0xff, 0xff, 0xff, 0x82, 0xff,
    0x55, 0x55, 0x52, 0xd, 0xf7, 0x0, 0x1, 0x0,
    0x4f, 0xfd, 0xbd, 0xd0, 0x0, 0x3b, 0xff, 0xc6,
    0x0,

    /* U+0066 "f" */
    0x0, 0x3c, 0xfe, 0x30, 0xe, 0xfd, 0xc1, 0x4,
    0xff, 0x0, 0x0, 0x5f, 0xe0, 0x0, 0x7f, 0xff,
    0xf9, 0x6, 0xdf, 0xfb, 0x60, 0x5, 0xfe, 0x0,
    0x0, 0x5f, 0xe0, 0x0, 0x5, 0xfe, 0x0, 0x0,
    0x5f, 0xe0, 0x0, 0x5, 0xfe, 0x0, 0x0, 0x5f,
    0xe0, 0x0, 0x5, 0xfe, 0x0, 0x0,

    /* U+0067 "g" */
    0x0, 0x8e, 0xff, 0xff, 0xf1, 0xb, 0xfd, 0x8c,
    0xfe, 0xd1, 0xf, 0xf2, 0x1, 0xfd, 0x0, 0xc,
    0xf7, 0x17, 0xfd, 0x0, 0x2, 0xff, 0xff, 0xe3,
    0x0, 0x8, 0xf3, 0x43, 0x0, 0x0, 0xc, 0xf0,
    0x0, 0x0, 0x0, 0xa, 0xfe, 0xbb, 0xb8, 0x20,
    0x5, 0xff, 0xff, 0xff, 0xf1, 0x2f, 0xa0, 0x0,
    0x1f, 0xf2, 0x3f, 0xf8, 0x67, 0xcf, 0xb0, 0x5,
    0xcf, 0xfe, 0xc6, 0x0,

    /* U+0068 "h" */
    0xbf, 0x80, 0x0, 0x0, 0xbf, 0x80, 0x0, 0x0,
    0xbf, 0x80, 0x0, 0x0, 0xbf, 0x80, 0x0, 0x0,
    0xbf, 0x77, 0xef, 0xb1, 0xbf, 0xff, 0xef, 0xfa,
    0xbf, 0xd2, 0x7, 0xfe, 0xbf, 0x80, 0x4, 0xff,
    0xbf, 0x80, 0x3, 0xff, 0xbf, 0x80, 0x3, 0xff,
    0xbf, 0x80, 0x3, 0xff, 0xbf, 0x80, 0x3, 0xff,
    0xbf, 0x80, 0x3, 0xff,

    /* U+0069 "i" */
    0x9f, 0x6d, 0xfa, 0x26, 0x10, 0x0, 0xbf, 0x8b,
    0xf8, 0xbf, 0x8b, 0xf8, 0xbf, 0x8b, 0xf8, 0xbf,
    0x8b, 0xf8, 0xbf, 0x80,

    /* U+006A "j" */
    0x0, 0x9f, 0x60, 0xd, 0xfa, 0x0, 0x26, 0x10,
    0x0, 0x0, 0x0, 0xbf, 0x80, 0xb, 0xf8, 0x0,
    0xbf, 0x80, 0xb, 0xf8, 0x0, 0xbf, 0x80, 0xb,
    0xf8, 0x0, 0xbf, 0x80, 0xb, 0xf8, 0x0, 0xbf,
    0x80, 0xc, 0xf7, 0x7c, 0xff, 0x3a, 0xfe, 0x60,

    /* U+006B "k" */
    0xbf, 0x70, 0x0, 0x0, 0xb, 0xf7, 0x0, 0x0,
    0x0, 0xbf, 0x70, 0x0, 0x0, 0xb, 0xf7, 0x0,
    0x0, 0x0, 0xbf, 0x70, 0xb, 0xfb, 0xb, 0xf7,
    0x8, 0xfd, 0x10, 0xbf, 0x74, 0xff, 0x20, 0xb,
    0xfa, 0xff, 0x50, 0x0, 0xbf, 0xff, 0xf9, 0x0,
    0xb, 0xff, 0x9e, 0xf3, 0x0, 0xbf, 0xb0, 0x6f,
    0xd0, 0xb, 0xf7, 0x0, 0xdf, 0x70, 0xbf, 0x70,
    0x4, 0xff, 0x20,

    /* U+006C "l" */
    0xbf, 0x80, 0xbf, 0x80, 0xbf, 0x80, 0xbf, 0x80,
    0xbf, 0x80, 0xbf, 0x80, 0xbf, 0x80, 0xbf, 0x80,
    0xbf, 0x80, 0xbf, 0x80, 0xbf, 0x80, 0x8f, 0xf4,
    0x1d, 0xf7,

    /* U+006D "m" */
    0xbf, 0x49, 0xff, 0xb1, 0x6d, 0xfc, 0x20, 0xbf,
    0xfe, 0xbf, 0xfe, 0xfb, 0xef, 0xc0, 0xbf, 0xc0,
    0x8, 0xff, 0x20, 0x3f, 0xf0, 0xbf, 0x80, 0x6,
    0xfd, 0x0, 0x1f, 0xf1, 0xbf, 0x80, 0x6, 0xfd,
    0x0, 0x1f, 0xf2, 0xbf, 0x80, 0x6, 0xfd, 0x0,
    0x1f, 0xf2, 0xbf, 0x80, 0x6, 0xfd, 0x0, 0x1f,
    0xf2, 0xbf, 0x80, 0x6, 0xfd, 0x0, 0x1f, 0xf2,
    0xbf, 0x80, 0x6, 0xfd, 0x0, 0x1f, 0xf2,

    /* U+006E "n" */
    0xbf, 0x49, 0xef, 0xb1, 0xbf, 0xfe, 0xaf, 0xfa,
    0xbf, 0xc0, 0x6, 0xfe, 0xbf, 0x80, 0x3, 0xff,
    0xbf, 0x80, 0x3, 0xff, 0xbf, 0x80, 0x3, 0xff,
    0xbf, 0x80, 0x3, 0xff, 0xbf, 0x80, 0x3, 0xff,
    0xbf, 0x80, 0x3, 0xff,

    /* U+006F "o" */
    0x0, 0x3b, 0xff, 0xb3, 0x0, 0x4, 0xff, 0xde,
    0xff, 0x40, 0xd, 0xf9, 0x0, 0x9f, 0xd0, 0x3f,
    0xf2, 0x0, 0x2f, 0xf2, 0x4f, 0xf0, 0x0, 0xf,
    0xf3, 0x2f, 0xf2, 0x0, 0x2f, 0xf2, 0xd, 0xf9,
    0x0, 0x9f, 0xd0, 0x4, 0xff, 0xee, 0xff, 0x30,
    0x0, 0x3b, 0xff, 0xb3, 0x0,

    /* U+0070 "p" */
    0xbf, 0x6a, 0xff, 0xa1, 0xb, 0xff, 0xd9, 0xef,
    0xc0, 0xbf, 0xa0, 0x2, 0xff, 0x3b, 0xf8, 0x0,
    0xd, 0xf6, 0xbf, 0x80, 0x0, 0xcf, 0x7b, 0xf8,
    0x0, 0xe, 0xf6, 0xbf, 0xa0, 0x7, 0xff, 0x1b,
    0xff, 0xed, 0xff, 0x80, 0xbf, 0x9b, 0xfe, 0x70,
    0xb, 0xf8, 0x0, 0x0, 0x0, 0xbf, 0x80, 0x0,
    0x0, 0xb, 0xf8, 0x0, 0x0, 0x0,

    /* U+0071 "q" */
    0x0, 0x4d, 0xfd, 0x5d, 0xf0, 0x4f, 0xfe, 0xdf,
    0xff, 0xd, 0xfa, 0x0, 0x6f, 0xf2, 0xff, 0x20,
    0x4, 0xff, 0x3f, 0xf1, 0x0, 0x4f, 0xf2, 0xff,
    0x20, 0x4, 0xff, 0xe, 0xf9, 0x0, 0x8f, 0xf0,
    0x7f, 0xfe, 0xef, 0xff, 0x0, 0x7e, 0xfc, 0x6f,
    0xf0, 0x0, 0x0, 0x4, 0xff, 0x0, 0x0, 0x0,
    0x4f, 0xf0, 0x0, 0x0, 0x4, 0xff,

    /* U+0072 "r" */
    0x0, 0x0, 0x0, 0xbf, 0x39, 0xfc, 0xbf, 0xdf,
    0xb7, 0xbf, 0xf3, 0x0, 0xbf, 0x90, 0x0, 0xbf,
    0x80, 0x0, 0xbf, 0x80, 0x0, 0xbf, 0x80, 0x0,
    0xbf, 0x80, 0x0, 0xbf, 0x80, 0x0,

    /* U+0073 "s" */
    0x1, 0xaf, 0xfc, 0x50, 0xc, 0xfd, 0xae, 0xd0,
    0xf, 0xf1, 0x0, 0x10, 0xd, 0xfc, 0x60, 0x0,
    0x1, 0xbf, 0xfe, 0x50, 0x0, 0x2, 0x8f, 0xf2,
    0x5, 0x0, 0xd, 0xf4, 0x4f, 0xea, 0xcf, 0xe1,
    0x6, 0xcf, 0xfb, 0x20,

    /* U+0074 "t" */
    0x0, 0x86, 0x0, 0x0, 0x1f, 0xd0, 0x0, 0x3,
    0xfd, 0x0, 0xa, 0xff, 0xff, 0xf1, 0x6c, 0xff,
    0xaa, 0x0, 0x6f, 0xd0, 0x0, 0x6, 0xfd, 0x0,
    0x0, 0x6f, 0xd0, 0x0, 0x6, 0xfd, 0x0, 0x0,
    0x5f, 0xf0, 0x0, 0x1, 0xff, 0xdc, 0x10, 0x5,
    0xdf, 0xe3,

    /* U+0075 "u" */
    0xdf, 0x60, 0x6, 0xfd, 0xdf, 0x60, 0x6, 0xfd,
    0xdf, 0x60, 0x6, 0xfd, 0xdf, 0x60, 0x6, 0xfd,
    0xdf, 0x60, 0x6, 0xfd, 0xcf, 0x60, 0x6, 0xfd,
    0xbf, 0xa0, 0x1c, 0xfd, 0x7f, 0xfe, 0xfd, 0xfd,
    0x9, 0xff, 0x91, 0xfd,

    /* U+0076 "v" */
    0x9f, 0xa0, 0x0, 0x6f, 0xb4, 0xfe, 0x0, 0xb,
    0xf6, 0xe, 0xf3, 0x0, 0xff, 0x10, 0x9f, 0x80,
    0x5f, 0xb0, 0x3, 0xfc, 0x9, 0xf6, 0x0, 0xe,
    0xf1, 0xef, 0x10, 0x0, 0x9f, 0x8f, 0xb0, 0x0,
    0x3, 0xff, 0xf6, 0x0, 0x0, 0xd, 0xff, 0x10,
    0x0,

    /* U+0077 "w" */
    0x7f, 0xc0, 0x3, 0xff, 0x0, 0xf, 0xf1, 0x2f,
    0xf0, 0x7, 0xff, 0x40, 0x2f, 0xd0, 0xe, 0xf3,
    0xb, 0xdf, 0x80, 0x6f, 0x90, 0xa, 0xf7, 0xf,
    0x8e, 0xc0, 0xaf, 0x50, 0x6, 0xfb, 0x3f, 0x5b,
    0xf0, 0xdf, 0x10, 0x2, 0xfd, 0x7f, 0x27, 0xf4,
    0xfd, 0x0, 0x0, 0xef, 0xbe, 0x3, 0xfa, 0xf9,
    0x0, 0x0, 0xaf, 0xfa, 0x0, 0xff, 0xf5, 0x0,
    0x0, 0x5f, 0xf6, 0x0, 0xcf, 0xf1, 0x0,

    /* U+0078 "x" */
    0x4f, 0xf2, 0x2, 0xff, 0x20, 0xaf, 0xa0, 0x9f,
    0x80, 0x1, 0xff, 0x4f, 0xe0, 0x0, 0x6, 0xff,
    0xf6, 0x0, 0x0, 0x1f, 0xfe, 0x0, 0x0, 0xa,
    0xfe, 0xf6, 0x0, 0x3, 0xfc, 0x4f, 0xe1, 0x0,
    0xdf, 0x50, 0xbf, 0xa0, 0x7f, 0xd0, 0x2, 0xff,
    0x40,

    /* U+0079 "y" */
    0x9f, 0xa0, 0x0, 0x7f, 0xa2, 0xff, 0x0, 0xc,
    0xf5, 0xb, 0xf6, 0x1, 0xfe, 0x0, 0x5f, 0xb0,
    0x6f, 0x90, 0x0, 0xef, 0x1b, 0xf3, 0x0, 0x7,
    0xf6, 0xfd, 0x0, 0x0, 0x1f, 0xef, 0x80, 0x0,
    0x0, 0xaf, 0xf2, 0x0, 0x0, 0x6, 0xfc, 0x0,
    0x0, 0x0, 0xcf, 0x60, 0x0, 0xb, 0xef, 0xc0,
    0x0, 0x1, 0xff, 0xa1, 0x0, 0x0,

    /* U+007A "z" */
    0xe, 0xff, 0xff, 0xf8, 0xa, 0xbb, 0xdf, 0xf4,
    0x0, 0x0, 0xcf, 0xa0, 0x0, 0x7, 0xfe, 0x10,
    0x0, 0x2f, 0xf4, 0x0, 0x0, 0xcf, 0x90, 0x0,
    0x7, 0xfe, 0x0, 0x0, 0x2f, 0xfd, 0xbb, 0xb7,
    0x5f, 0xff, 0xff, 0xfa,

    /* U+007B "{" */
    0x0, 0x6e, 0xf3, 0x0, 0xef, 0x40, 0x0, 0xfc,
    0x0, 0x0, 0xfc, 0x0, 0x0, 0xed, 0x0, 0x0,
    0xed, 0x0, 0x4, 0xfb, 0x0, 0x6f, 0xe2, 0x0,
    0x17, 0xfa, 0x0, 0x0, 0xed, 0x0, 0x0, 0xed,
    0x0, 0x0, 0xfd, 0x0, 0x0, 0xfc, 0x0, 0x0,
    0xfe, 0x0, 0x0, 0x8f, 0xf3, 0x0, 0x1, 0x20,

    /* U+007C "|" */
    0x5d, 0x16, 0xf1, 0x6f, 0x16, 0xf1, 0x6f, 0x16,
    0xf1, 0x6f, 0x16, 0xf1, 0x6f, 0x16, 0xf1, 0x6f,
    0x16, 0xf1, 0x6f, 0x16, 0xf1, 0x6f, 0x16, 0xf1,
    0x6f, 0x16, 0xf1,

    /* U+007D "}" */
    0x4f, 0xe5, 0x0, 0x4, 0xfe, 0x0, 0x0, 0xdf,
    0x0, 0x0, 0xdf, 0x0, 0x0, 0xee, 0x0, 0x0,
    0xed, 0x0, 0x0, 0xcf, 0x40, 0x0, 0x3e, 0xf6,
    0x0, 0xaf, 0x71, 0x0, 0xed, 0x0, 0x0, 0xed,
    0x0, 0x0, 0xde, 0x0, 0x0, 0xdf, 0x0, 0x1,
    0xfe, 0x0, 0x4f, 0xf7, 0x0, 0x2, 0x10, 0x0,

    /* U+007E "~" */
    0x5, 0xef, 0x80, 0x5, 0x13, 0xfc, 0xaf, 0xda,
    0xf8, 0x5, 0x0, 0x4d, 0xf9, 0x0,

    /* U+00D7 "×" */
    0x0, 0x0, 0x0, 0x0, 0x0, 0x0, 0xb, 0x80,
    0x0, 0x0, 0x7, 0xc0, 0xa, 0xf8, 0x0, 0x0,
    0x8f, 0xa0, 0x0, 0xaf, 0x80, 0x8, 0xfa, 0x0,
    0x0, 0xa, 0xf9, 0x8f, 0xa0, 0x0, 0x0, 0x0,
    0x9f, 0xfa, 0x0, 0x0, 0x0, 0x0, 0x9f, 0xf9,
    0x0, 0x0, 0x0, 0x9, 0xf9, 0x9f, 0x90, 0x0,
    0x0, 0x9f, 0x90, 0x9, 0xf9, 0x0, 0x9, 0xf9,
    0x0, 0x0, 0x8f, 0xa0, 0xc, 0x90, 0x0, 0x0,
    0x8, 0xc0, 0x0, 0x0, 0x0, 0x0, 0x0, 0x0,

    /* U+00E0 "à" */
    0x0, 0x2, 0x0, 0x0, 0x0, 0xa, 0xf2, 0x0,
    0x0, 0x0, 0x9f, 0xe1, 0x0, 0x0, 0x0, 0x8f,
    0xc0, 0x0, 0x0, 0x0, 0x64, 0x0, 0x0, 0x0,
    0x0, 0x0, 0x0, 0x1, 0x8d, 0xff, 0xa1, 0x0,
    0x9f, 0xec, 0xff, 0xb0, 0x1, 0x40, 0x3, 0xff,
    0x10, 0x0, 0x37, 0xaf, 0xf3, 0x3, 0xdf, 0xeb,
    0xff, 0x30, 0xef, 0x50, 0xf, 0xf3, 0x2f, 0xf0,
    0x3, 0xff, 0x30, 0xef, 0xdc, 0xff, 0xf3, 0x3,
    0xdf, 0xd5, 0xaf, 0x30,

    /* U+00E7 "ç" */
    0x0, 0x2a, 0xef, 0xc4, 0x3, 0xff, 0xed, 0xf7,
    0xd, 0xfb, 0x0, 0x20, 0x2f, 0xf2, 0x0, 0x0,
    0x4f, 0xf0, 0x0, 0x0, 0x3f, 0xf2, 0x0, 0x0,
    0xe, 0xfa, 0x0, 0x21, 0x4, 0xff, 0xec, 0xfa,
    0x0, 0x3b, 0xff, 0xc4, 0x0, 0x3, 0xf3, 0x0,
    0x0, 0x4, 0xce, 0x20, 0x0, 0x0, 0x6f, 0x40,
    0x0, 0xf, 0xd8, 0x0,

    /* U+00E8 "è" */
    0x0, 0x2, 0x0, 0x0, 0x0, 0xb, 0xe1, 0x0,
    0x0, 0x0, 0xbf, 0xd0, 0x0, 0x0, 0x0, 0xaf,
    0xa0, 0x0, 0x0, 0x0, 0x73, 0x0, 0x0, 0x0,
    0x0, 0x0, 0x0, 0x0, 0x3b, 0xff, 0xa1, 0x0,
    0x4f, 0xfc, 0xdf, 0xc0, 0xd, 0xf6, 0x0, 0xaf,
    0x43, 0xff, 0x22, 0x27, 0xf8, 0x4f, 0xff, 0xff,
    0xff, 0x82, 0xff, 0x55, 0x55, 0x52, 0xd, 0xf7,
    0x0, 0x1, 0x0, 0x4f, 0xfd, 0xbd, 0xd0, 0x0,
    0x3b, 0xff, 0xc6, 0x0,

    /* U+00E9 "é" */
    0x0, 0x0, 0x0, 0x20, 0x0, 0x0, 0x0, 0x5f,
    0x70, 0x0, 0x0, 0x3f, 0xf6, 0x0, 0x0, 0x1e,
    0xf5, 0x0, 0x0, 0x0, 0x74, 0x0, 0x0, 0x0,
    0x0, 0x0, 0x0, 0x0, 0x3b, 0xff, 0xa1, 0x0,
    0x4f, 0xfc, 0xdf, 0xc0, 0xd, 0xf6, 0x0, 0xaf,
    0x43, 0xff, 0x22, 0x27, 0xf8, 0x4f, 0xff, 0xff,
    0xff, 0x82, 0xff, 0x55, 0x55, 0x52, 0xd, 0xf7,
    0x0, 0x1, 0x0, 0x4f, 0xfd, 0xbd, 0xd0, 0x0,
    0x3b, 0xff, 0xc6, 0x0,

    /* U+0410 "А" */
    0x0, 0x0, 0x6f, 0xf9, 0x0, 0x0, 0x0, 0x0,
    0xbf, 0xfe, 0x0, 0x0, 0x0, 0x0, 0xfd, 0xbf,
    0x30, 0x0, 0x0, 0x5, 0xf9, 0x7f, 0x80, 0x0,
    0x0, 0xa, 0xf4, 0x3f, 0xd0, 0x0, 0x0, 0xf,
    0xf0, 0xe, 0xf2, 0x0, 0x0, 0x4f, 0xc0, 0xa,
    0xf7, 0x0, 0x0, 0x9f, 0xeb, 0xbd, 0xfc, 0x0,
    0x0, 0xef, 0xff, 0xff, 0xff, 0x10, 0x4, 0xfe,
    0x0, 0x0, 0xdf, 0x60, 0x9, 0xfa, 0x0, 0x0,
    0x8f, 0xb0, 0xe, 0xf5, 0x0, 0x0, 0x4f, 0xf1,

    /* U+0411 "Б" */
    0x8f, 0xff, 0xff, 0xff, 0x40, 0x8f, 0xfd, 0xdd,
    0xdd, 0x30, 0x8f, 0xb0, 0x0, 0x0, 0x0, 0x8f,
    0xb0, 0x0, 0x0, 0x0, 0x8f, 0xb0, 0x0, 0x0,
    0x0, 0x8f, 0xff, 0xff, 0xc5, 0x0, 0x8f, 0xea,
    0xac, 0xff, 0x80, 0x8f, 0xb0, 0x0, 0x6f, 0xf0,
    0x8f, 0xb0, 0x0, 0x2f, 0xf0, 0x8f, 0xb0, 0x0,
    0x8f, 0xe0, 0x8f, 0xeb, 0xbd, 0xff, 0x60, 0x8f,
    0xff, 0xff, 0xc5, 0x0,

    /* U+0412 "В" */
    0x8f, 0xff, 0xfe, 0xb3, 0x0, 0x8f, 0xeb, 0xbe,
    0xff, 0x30, 0x8f, 0xb0, 0x0, 0xdf, 0x80, 0x8f,
    0xb0, 0x0, 0xaf, 0x80, 0x8f, 0xb0, 0x4, 0xff,
    0x30, 0x8f, 0xff, 0xff, 0xf6, 0x0, 0x8f, 0xea,
    0xac, 0xff, 0x60, 0x8f, 0xb0, 0x0, 0x4f, 0xf0,
    0x8f, 0xb0, 0x0, 0xf, 0xf2, 0x8f, 0xb0, 0x0,
    0x6f, 0xf1, 0x8f, 0xeb, 0xbd, 0xff, 0x80, 0x8f,
    0xff, 0xff, 0xc5, 0x0,

    /* U+0413 "Г" */
    0x8f, 0xff, 0xff, 0xfb, 0x8f, 0xfd, 0xdd, 0xd9,
    0x8f, 0xb0, 0x0, 0x0, 0x8f, 0xb0, 0x0, 0x0,
    0x8f, 0xb0, 0x0, 0x0, 0x8f, 0xb0, 0x0, 0x0,
    0x8f, 0xb0, 0x0, 0x0, 0x8f, 0xb0, 0x0, 0x0,
    0x8f, 0xb0, 0x0, 0x0, 0x8f, 0xb0, 0x0, 0x0,
    0x8f, 0xb0, 0x0, 0x0, 0x8f, 0xb0, 0x0, 0x0,

    /* U+0414 "Д" */
    0x0, 0x8, 0xff, 0xff, 0xff, 0x30, 0x0, 0xb,
    0xfe, 0xdd, 0xff, 0x30, 0x0, 0xd, 0xf2, 0x0,
    0xff, 0x30, 0x0, 0xf, 0xf0, 0x0, 0xff, 0x30,
    0x0, 0x3f, 0xd0, 0x0, 0xff, 0x30, 0x0, 0x6f,
    0xa0, 0x0, 0xff, 0x30, 0x0, 0x9f, 0x70, 0x0,
    0xff, 0x30, 0x0, 0xdf, 0x40, 0x0, 0xff, 0x30,
    0x1, 0xff, 0x0, 0x0, 0xff, 0x30, 0x9, 0xf9,
    0x0, 0x0, 0xff, 0x30, 0x9f, 0xfe, 0xdd, 0xdd,
    0xff, 0xe7, 0xaf, 0xff, 0xff, 0xff, 0xff, 0xf9,
    0x9f, 0x80, 0x0, 0x0, 0x9, 0xf8, 0x8f, 0x80,
    0x0, 0x0, 0x9, 0xf7, 0x8f, 0x80, 0x0, 0x0,
    0x9, 0xf6,

    /* U+0415 "Е" */
    0x8f, 0xff, 0xff, 0xfa, 0x8f, 0xfd, 0xdd, 0xd9,
    0x8f, 0xb0, 0x0, 0x0, 0x8f, 0xb0, 0x0, 0x0,
    0x8f, 0xb0, 0x0, 0x0, 0x8f, 0xff, 0xff, 0xe0,
    0x8f, 0xfd, 0xdd, 0xc0, 0x8f, 0xb0, 0x0, 0x0,
    0x8f, 0xb0, 0x0, 0x0, 0x8f, 0xb0, 0x0, 0x0,
    0x8f, 0xfd, 0xdd, 0xdb, 0x8f, 0xff, 0xff, 0xfd,

    /* U+0417 "З" */
    0x0, 0x7d, 0xff, 0xc6, 0x0, 0xa, 0xff, 0xef,
    0xff, 0x70, 0x1, 0xa2, 0x0, 0xaf, 0xd0, 0x0,
    0x0, 0x0, 0x4f, 0xd0, 0x0, 0x0, 0x2, 0xbf,
    0x80, 0x0, 0xb, 0xff, 0xfc, 0x0, 0x0, 0x7,
    0xab, 0xef, 0xb0, 0x0, 0x0, 0x0, 0x1e, 0xf5,
    0x0, 0x0, 0x0, 0xb, 0xf7, 0xa, 0xa2, 0x0,
    0x5f, 0xf5, 0x1e, 0xff, 0xff, 0xff, 0xc0, 0x1,
    0x8d, 0xff, 0xd7, 0x0,

    /* U+0418 "И" */
    0x8f, 0xb0, 0x0, 0x1e, 0xfa, 0x8f, 0xb0, 0x0,
    0x8f, 0xfa, 0x8f, 0xb0, 0x1, 0xff, 0xfa, 0x8f,
    0xb0, 0xa, 0xfb, 0xfa, 0x8f, 0xb0, 0x3f, 0xd7,
    0xfa, 0x8f, 0xa0, 0xbf, 0x58, 0xfa, 0x8f, 0xa4,
    0xfd, 0x9, 0xfa, 0x8f, 0x8c, 0xf4, 0x9, 0xfa,
    0x8f, 0xbf, 0xb0, 0x9, 0xfa, 0x8f, 0xff, 0x30,
    0x9, 0xfa, 0x8f, 0xfa, 0x0, 0x9, 0xfa, 0x8f,
    0xf2, 0x0, 0x9, 0xfa,

    /* U+041B "Л" */
    0x0, 0x0, 0x5f, 0xff, 0xff, 0xf3, 0x0, 0x0,
    0x8f, 0xed, 0xdf, 0xf3, 0x0, 0x0, 0xbf, 0x50,
    0xf, 0xf3, 0x0, 0x0, 0xef, 0x20, 0xf, 0xf3,
    0x0, 0x1, 0xff, 0x0, 0xf, 0xf3, 0x0, 0x4,
    0xfc, 0x0, 0xf, 0xf3, 0x0, 0x7, 0xf9, 0x0,
    0xf, 0xf3, 0x0, 0xb, 0xf6, 0x0, 0xf, 0xf3,
    0x0, 0xf, 0xf3, 0x0, 0xf, 0xf3, 0x1, 0x7f,
    0xe0, 0x0, 0xf, 0xf3, 0xd, 0xff, 0x70, 0x0,
    0xf, 0xf3, 0xf, 0xfa, 0x0, 0x0, 0xf, 0xf3,

    /* U+041D "Н" */
    0x8f, 0xb0, 0x0, 0xa, 0xf9, 0x8f, 0xb0, 0x0,
    0xa, 0xf9, 0x8f, 0xb0, 0x0, 0xa, 0xf9, 0x8f,
    0xb0, 0x0, 0xa, 0xf9, 0x8f, 0xb0, 0x0, 0xa,
    0xf9, 0x8f, 0xff, 0xff, 0xff, 0xf9, 0x8f, 0xfe,
    0xee, 0xef, 0xf9, 0x8f, 0xb0, 0x0, 0xa, 0xf9,
    0x8f, 0xb0, 0x0, 0xa, 0xf9, 0x8f, 0xb0, 0x0,
    0xa, 0xf9, 0x8f, 0xb0, 0x0, 0xa, 0xf9, 0x8f,
    0xb0, 0x0, 0xa, 0xf9,

    /* U+041E "О" */
    0x0, 0x5, 0xcf, 0xfd, 0x70, 0x0, 0x0, 0x9f,
    0xff, 0xff, 0xfc, 0x0, 0x5, 0xff, 0x70, 0x4,
    0xff, 0x90, 0xc, 0xfa, 0x0, 0x0, 0x6f, 0xf0,
    0xf, 0xf5, 0x0, 0x0, 0xf, 0xf4, 0x1f, 0xf3,
    0x0, 0x0, 0xe, 0xf5, 0x1f, 0xf3, 0x0, 0x0,
    0xe, 0xf5, 0xf, 0xf5, 0x0, 0x0, 0x1f, 0xf3,
    0xb, 0xfb, 0x0, 0x0, 0x6f, 0xf0, 0x4, 0xff,
    0x80, 0x5, 0xff, 0x80, 0x0, 0x8f, 0xff, 0xff,
    0xfb, 0x0, 0x0, 0x4, 0xcf, 0xfd, 0x70, 0x0,

    /* U+041F "П" */
    0x8f, 0xff, 0xff, 0xff, 0xf6, 0x8f, 0xfd, 0xdd,
    0xdf, 0xf6, 0x8f, 0xb0, 0x0, 0xd, 0xf6, 0x8f,
    0xb0, 0x0, 0xd, 0xf6, 0x8f, 0xb0, 0x0, 0xd,
    0xf6, 0x8f, 0xb0, 0x0, 0xd, 0xf6, 0x8f, 0xb0,
    0x0, 0xd, 0xf6, 0x8f, 0xb0, 0x0, 0xd, 0xf6,
    0x8f, 0xb0, 0x0, 0xd, 0xf6, 0x8f, 0xb0, 0x0,
    0xd, 0xf6, 0x8f, 0xb0, 0x0, 0xd, 0xf6, 0x8f,
    0xb0, 0x0, 0xd, 0xf6,

    /* U+0420 "Р" */
    0x8f, 0xff, 0xfe, 0xa3, 0x8, 0xff, 0xcc, 0xff,
    0xf3, 0x8f, 0xb0, 0x0, 0xbf, 0xb8, 0xfb, 0x0,
    0x5, 0xfd, 0x8f, 0xb0, 0x0, 0x6f, 0xd8, 0xfb,
    0x0, 0x3e, 0xf8, 0x8f, 0xff, 0xff, 0xfc, 0x8,
    0xfe, 0xcb, 0xa5, 0x0, 0x8f, 0xb0, 0x0, 0x0,
    0x8, 0xfb, 0x0, 0x0, 0x0, 0x8f, 0xb0, 0x0,
    0x0, 0x8, 0xfb, 0x0, 0x0, 0x0,

    /* U+0421 "С" */
    0x0, 0x3, 0xae, 0xfd, 0x70, 0x0, 0x6f, 0xff,
    0xef, 0xf8, 0x3, 0xff, 0x91, 0x2, 0xa1, 0xa,
    0xfb, 0x0, 0x0, 0x0, 0xf, 0xf5, 0x0, 0x0,
    0x0, 0x1f, 0xf3, 0x0, 0x0, 0x0, 0x1f, 0xf3,
    0x0, 0x0, 0x0, 0xf, 0xf5, 0x0, 0x0, 0x0,
    0xb, 0xfb, 0x0, 0x0, 0x0, 0x4, 0xff, 0x90,
    0x2, 0xc5, 0x0, 0x7f, 0xff, 0xff, 0xfb, 0x0,
    0x4, 0xbf, 0xfd, 0x70,

    /* U+0422 "Т" */
    0x8f, 0xff, 0xff, 0xff, 0xf7, 0x6d, 0xdd, 0xff,
    0xdd, 0xd6, 0x0, 0x2, 0xff, 0x10, 0x0, 0x0,
    0x2, 0xff, 0x10, 0x0, 0x0, 0x2, 0xff, 0x10,
    0x0, 0x0, 0x2, 0xff, 0x10, 0x0, 0x0, 0x2,
    0xff, 0x10, 0x0, 0x0, 0x2, 0xff, 0x10, 0x0,
    0x0, 0x2, 0xff, 0x10, 0x0, 0x0, 0x2, 0xff,
    0x10, 0x0, 0x0, 0x2, 0xff, 0x10, 0x0, 0x0,
    0x2, 0xff, 0x10, 0x0,

    /* U+0423 "У" */
    0xbf, 0x90, 0x0, 0x9, 0xfa, 0x4f, 0xf1, 0x0,
    0xf, 0xf3, 0xd, 0xf6, 0x0, 0x5f, 0xd0, 0x5,
    0xfd, 0x0, 0xbf, 0x60, 0x0, 0xef, 0x31, 0xff,
    0x0, 0x0, 0x7f, 0x96, 0xf9, 0x0, 0x0, 0xf,
    0xfc, 0xf3, 0x0, 0x0, 0x8, 0xff, 0xc0, 0x0,
    0x0, 0x1, 0xff, 0x60, 0x0, 0x0, 0x5, 0xfe,
    0x0, 0x0, 0x6, 0xff, 0xf6, 0x0, 0x0, 0x8,
    0xfe, 0x70, 0x0, 0x0,

    /* U+0426 "Ц" */
    0x8f, 0xb0, 0x0, 0xf, 0xf3, 0x8, 0xfb, 0x0,
    0x0, 0xff, 0x30, 0x8f, 0xb0, 0x0, 0xf, 0xf3,
    0x8, 0xfb, 0x0, 0x0, 0xff, 0x30, 0x8f, 0xb0,
    0x0, 0xf, 0xf3, 0x8, 0xfb, 0x0, 0x0, 0xff,
    0x30, 0x8f, 0xb0, 0x0, 0xf, 0xf3, 0x8, 0xfb,
    0x0, 0x0, 0xff, 0x30, 0x8f, 0xb0, 0x0, 0xf,
    0xf3, 0x8, 0xfb, 0x0, 0x0, 0xff, 0x30, 0x8f,
    0xfd, 0xdd, 0xdf, 0xfe, 0x88, 0xff, 0xff, 0xff,
    0xff, 0xf9, 0x0, 0x0, 0x0, 0x0, 0x9f, 0x80,
    0x0, 0x0, 0x0, 0x9, 0xf7, 0x0, 0x0, 0x0,
    0x0, 0x9f, 0x60,

    /* U+0428 "Ш" */
    0x8f, 0xa0, 0x0, 0xff, 0x20, 0x7, 0xfb, 0x8f,
    0xa0, 0x0, 0xff, 0x20, 0x7, 0xfb, 0x8f, 0xa0,
    0x0, 0xff, 0x20, 0x7, 0xfb, 0x8f, 0xa0, 0x0,
    0xff, 0x20, 0x7, 0xfb, 0x8f, 0xa0, 0x0, 0xff,
    0x20, 0x7, 0xfb, 0x8f, 0xa0, 0x0, 0xff, 0x20,
    0x7, 0xfb, 0x8f, 0xa0, 0x0, 0xff, 0x20, 0x7,
    0xfb, 0x8f, 0xa0, 0x0, 0xff, 0x20, 0x7, 0xfb,
    0x8f, 0xa0, 0x0, 0xff, 0x20, 0x7, 0xfb, 0x8f,
    0xa0, 0x0, 0xff, 0x20, 0x7, 0xfb, 0x8f, 0xfd,
    0xdd, 0xff, 0xed, 0xde, 0xfb, 0x8f, 0xff, 0xff,
    0xff, 0xff, 0xff, 0xfb,

    /* U+042F "Я" */
    0x0, 0x5b, 0xff, 0xff, 0xf7, 0x6, 0xff, 0xec,
    0xcf, 0xf7, 0xd, 0xf9, 0x0, 0xc, 0xf7, 0xf,
    0xf3, 0x0, 0xc, 0xf7, 0xf, 0xf4, 0x0, 0xc,
    0xf7, 0xb, 0xfd, 0x30, 0xc, 0xf7, 0x2, 0xef,
    0xff, 0xff, 0xf7, 0x0, 0xd, 0xfd, 0xbf, 0xf7,
    0x0, 0x5f, 0xf2, 0xc, 0xf7, 0x1, 0xef, 0x70,
    0xc, 0xf7, 0xb, 0xfc, 0x0, 0xc, 0xf7, 0x6f,
    0xf2, 0x0, 0xc, 0xf7,

    /* U+0430 "а" */
    0x1, 0x8d, 0xff, 0xa1, 0x0, 0x9f, 0xec, 0xff,
    0xb0, 0x1, 0x40, 0x3, 0xff, 0x10, 0x0, 0x37,
    0xaf, 0xf3, 0x3, 0xdf, 0xeb, 0xff, 0x30, 0xef,
    0x50, 0xf, 0xf3, 0x2f, 0xf0, 0x3, 0xff, 0x30,
    0xef, 0xdc, 0xff, 0xf3, 0x3, 0xdf, 0xd5, 0xaf,
    0x30,

    /* U+0431 "б" */
    0x0, 0x0, 0x0, 0x0, 0x10, 0x0, 0x0, 0x48,
    0xbe, 0xa0, 0x0, 0x3d, 0xff, 0xff, 0xc0, 0x1,
    0xff, 0xd8, 0x63, 0x0, 0x9, 0xfa, 0x0, 0x0,
    0x0, 0xe, 0xf4, 0x59, 0x82, 0x0, 0xf, 0xfd,
    0xff, 0xff, 0x40, 0x2f, 0xfb, 0x10, 0xaf, 0xe0,
    0x2f, 0xf0, 0x0, 0x2f, 0xf2, 0x1f, 0xf0, 0x0,
    0xf, 0xf4, 0xe, 0xf2, 0x0, 0x2f, 0xf2, 0x9,
    0xfa, 0x0, 0x9f, 0xd0, 0x1, 0xef, 0xed, 0xff,
    0x40, 0x0, 0x2a, 0xff, 0xc4, 0x0,

    /* U+0432 "в" */
    0xbf, 0xff, 0xfc, 0x50, 0xbf, 0xb7, 0x9f, 0xf3,
    0xbf, 0x70, 0xc, 0xf6, 0xbf, 0x82, 0x4e, 0xf2,
    0xbf, 0xff, 0xff, 0x70, 0xbf, 0xa5, 0x6d, 0xf7,
    0xbf, 0x70, 0x7, 0xfc, 0xbf, 0xb7, 0x8e, 0xf8,
    0xbf, 0xff, 0xfd, 0x80,

    /* U+0433 "г" */
    0xbf, 0xff, 0xff, 0x3b, 0xfd, 0xbb, 0xb2, 0xbf,
    0x80, 0x0, 0xb, 0xf8, 0x0, 0x0, 0xbf, 0x80,
    0x0, 0xb, 0xf8, 0x0, 0x0, 0xbf, 0x80, 0x0,
    0xb, 0xf8, 0x0, 0x0, 0xbf, 0x80, 0x0, 0x0,

    /* U+0434 "д" */
    0x0, 0xbf, 0xff, 0xff, 0x90, 0x0, 0xdf, 0xbb,
    0xef, 0x90, 0x0, 0xff, 0x0, 0xaf, 0x90, 0x1,
    0xfe, 0x0, 0xaf, 0x90, 0x3, 0xfc, 0x0, 0xaf,
    0x90, 0x5, 0xf9, 0x0, 0xaf, 0x90, 0xa, 0xf5,
    0x0, 0xaf, 0x90, 0x9f, 0xfb, 0xbb, 0xef, 0xeb,
    0xbf, 0xff, 0xff, 0xff, 0xfe, 0xbf, 0x60, 0x0,
    0x3, 0xfe, 0x9f, 0x60, 0x0, 0x3, 0xfd, 0x8f,
    0x60, 0x0, 0x3, 0xfc,

    /* U+0435 "е" */
    0x0, 0x3b, 0xff, 0xa1, 0x0, 0x4f, 0xfc, 0xdf,
    0xc0, 0xd, 0xf6, 0x0, 0xaf, 0x43, 0xff, 0x22,
    0x27, 0xf8, 0x4f, 0xff, 0xff, 0xff, 0x82, 0xff,
    0x55, 0x55, 0x52, 0xd, 0xf7, 0x0, 0x1, 0x0,
    0x4f, 0xfd, 0xbd, 0xd0, 0x0, 0x3b, 0xff, 0xc6,
    0x0,

    /* U+0436 "ж" */
    0x5f, 0xb1, 0x6, 0xf9, 0x0, 0x9f, 0x90, 0x3f,
    0xfb, 0x6, 0xf9, 0x7, 0xff, 0x70, 0x2, 0xdf,
    0x36, 0xf9, 0xe, 0xf4, 0x0, 0x0, 0x5f, 0xdd,
    0xfe, 0xcf, 0x90, 0x0, 0x0, 0x3f, 0xff, 0xff,
    0xff, 0x70, 0x0, 0x0, 0xcf, 0x56, 0xf9, 0x1f,
    0xf1, 0x0, 0x6, 0xfc, 0x6, 0xf9, 0x9, 0xf9,
    0x0, 0xe, 0xf4, 0x6, 0xf9, 0x1, 0xff, 0x30,
    0x8f, 0xc0, 0x6, 0xf9, 0x0, 0x9f, 0xc0,

    /* U+0437 "з" */
    0x7, 0xdf, 0xfc, 0x40, 0xe, 0xeb, 0xdf, 0xf3,
    0x2, 0x0, 0xb, 0xf7, 0x0, 0x2, 0x4e, 0xf3,
    0x0, 0x6f, 0xff, 0x80, 0x0, 0x25, 0x5c, 0xf8,
    0x2, 0x0, 0x7, 0xfd, 0x2f, 0xeb, 0xcf, 0xf8,
    0x7, 0xdf, 0xfc, 0x60,

    /* U+0438 "и" */
    0xbf, 0x70, 0x3, 0xff, 0x2b, 0xf7, 0x0, 0xdf,
    0xf2, 0xbf, 0x70, 0x7f, 0xff, 0x2b, 0xf7, 0x2f,
    0xbd, 0xf2, 0xbf, 0x6b, 0xf2, 0xff, 0x2b, 0xf9,
    0xf8, 0xf, 0xf2, 0xbf, 0xfd, 0x0, 0xff, 0x2b,
    0xff, 0x40, 0xf, 0xf2, 0xbf, 0xa0, 0x0, 0xff,
    0x20,

    /* U+0439 "й" */
    0xa, 0xf3, 0xa, 0xf2, 0x0, 0x2d, 0xff, 0xf8,
    0x0, 0x0, 0x2, 0x31, 0x0, 0x0, 0x0, 0x0,
    0x0, 0x0, 0xbf, 0x70, 0x3, 0xff, 0x2b, 0xf7,
    0x0, 0xdf, 0xf2, 0xbf, 0x70, 0x7f, 0xff, 0x2b,
    0xf7, 0x2f, 0xbd, 0xf2, 0xbf, 0x6b, 0xf2, 0xff,
    0x2b, 0xf9, 0xf8, 0xf, 0xf2, 0xbf, 0xfd, 0x0,
    0xff, 0x2b, 0xff, 0x40, 0xf, 0xf2, 0xbf, 0xa0,
    0x0, 0xff, 0x20,

    /* U+043A "к" */
    0x0, 0x0, 0x0, 0x0, 0xb, 0xf8, 0x0, 0x8e,
    0xb0, 0xbf, 0x80, 0x5f, 0xf7, 0xb, 0xf8, 0xd,
    0xf2, 0x0, 0xbf, 0xdc, 0xfa, 0x0, 0xb, 0xff,
    0xff, 0xa0, 0x0, 0xbf, 0x80, 0xef, 0x40, 0xb,
    0xf8, 0x6, 0xfd, 0x0, 0xbf, 0x80, 0xd, 0xf7,
    0xb, 0xf8, 0x0, 0x4f, 0xf2,

    /* U+043B "л" */
    0x0, 0x6f, 0xff, 0xff, 0xc0, 0x8, 0xfd, 0xbd,
    0xfc, 0x0, 0xaf, 0x50, 0x6f, 0xc0, 0xc, 0xf3,
    0x6, 0xfc, 0x0, 0xef, 0x10, 0x6f, 0xc0, 0xf,
    0xe0, 0x6, 0xfc, 0x6, 0xfc, 0x0, 0x6f, 0xc9,
    0xff, 0x60, 0x6, 0xfc, 0xbf, 0x90, 0x0, 0x6f,
    0xc0,

    /* U+043C "м" */
    0xbf, 0xf0, 0x0, 0x3f, 0xf8, 0xbf, 0xf6, 0x0,
    0x9f, 0xf8, 0xbf, 0xec, 0x0, 0xfe, 0xf8, 0xbf,
    0xaf, 0x25, 0xfa, 0xf8, 0xbf, 0x5f, 0x8a, 0xe7,
    0xf8, 0xbf, 0x3c, 0xef, 0x97, 0xf8, 0xbf, 0x46,
    0xff, 0x28, 0xf8, 0xbf, 0x41, 0xfc, 0x8, 0xf8,
    0xbf, 0x40, 0x21, 0x8, 0xf8,

    /* U+043D "н" */
    0xbf, 0x80, 0x1, 0xff, 0x2b, 0xf8, 0x0, 0x1f,
    0xf2, 0xbf, 0x80, 0x1, 0xff, 0x2b, 0xff, 0xee,
    0xef, 0xf2, 0xbf, 0xff, 0xff, 0xff, 0x2b, 0xf8,
    0x0, 0x1f, 0xf2, 0xbf, 0x80, 0x1, 0xff, 0x2b,
    0xf8, 0x0, 0x1f, 0xf2, 0xbf, 0x80, 0x1, 0xff,
    0x20,

    /* U+043E "о" */
    0x0, 0x3b, 0xff, 0xb3, 0x0, 0x4, 0xff, 0xde,
    0xff, 0x40, 0xd, 0xf9, 0x0, 0x9f, 0xd0, 0x3f,
    0xf2, 0x0, 0x2f, 0xf2, 0x4f, 0xf0, 0x0, 0xf,
    0xf3, 0x2f, 0xf2, 0x0, 0x2f, 0xf2, 0xd, 0xf9,
    0x0, 0x9f, 0xd0, 0x4, 0xff, 0xee, 0xff, 0x30,
    0x0, 0x3b, 0xff, 0xb3, 0x0,

    /* U+043F "п" */
    0xbf, 0xff, 0xff, 0xff, 0xbf, 0xdb, 0xbc, 0xff,
    0xbf, 0x80, 0x4, 0xff, 0xbf, 0x80, 0x4, 0xff,
    0xbf, 0x80, 0x4, 0xff, 0xbf, 0x80, 0x4, 0xff,
    0xbf, 0x80, 0x4, 0xff, 0xbf, 0x80, 0x4, 0xff,
    0xbf, 0x80, 0x4, 0xff,

    /* U+0440 "р" */
    0xbf, 0x6a, 0xff, 0xa1, 0xb, 0xff, 0xd9, 0xef,
    0xc0, 0xbf, 0xa0, 0x2, 0xff, 0x3b, 0xf8, 0x0,
    0xd, 0xf6, 0xbf, 0x80, 0x0, 0xcf, 0x7b, 0xf8,
    0x0, 0xe, 0xf6, 0xbf, 0xa0, 0x7, 0xff, 0x1b,
    0xff, 0xed, 0xff, 0x80, 0xbf, 0x9b, 0xfe, 0x70,
    0xb, 0xf8, 0x0, 0x0, 0x0, 0xbf, 0x80, 0x0,
    0x0, 0xb, 0xf8, 0x0, 0x0, 0x0,

    /* U+0441 "с" */
    0x0, 0x2a, 0xef, 0xc4, 0x3, 0xff, 0xed, 0xf7,
    0xd, 0xfb, 0x0, 0x20, 0x2f, 0xf2, 0x0, 0x0,
    0x4f, 0xf0, 0x0, 0x0, 0x3f, 0xf2, 0x0, 0x0,
    0xe, 0xfb, 0x0, 0x21, 0x4, 0xff, 0xed, 0xfb,
    0x0, 0x3b, 0xff, 0xc4,

    /* U+0442 "т" */
    0x8f, 0xff, 0xff, 0xff, 0x35, 0xbb, 0xef, 0xdb,
    0xb2, 0x0, 0xc, 0xf7, 0x0, 0x0, 0x0, 0xcf,
    0x70, 0x0, 0x0, 0xc, 0xf7, 0x0, 0x0, 0x0,
    0xcf, 0x70, 0x0, 0x0, 0xc, 0xf7, 0x0, 0x0,
    0x0, 0xcf, 0x70, 0x0, 0x0, 0xc, 0xf7, 0x0,
    0x0,

    /* U+0443 "у" */
    0x9f, 0xa0, 0x0, 0x7f, 0xa2, 0xff, 0x0, 0xc,
    0xf5, 0xb, 0xf6, 0x1, 0xfe, 0x0, 0x5f, 0xb0,
    0x6f, 0x90, 0x0, 0xef, 0x1b, 0xf3, 0x0, 0x7,
    0xf6, 0xfd, 0x0, 0x0, 0x1f, 0xef, 0x80, 0x0,
    0x0, 0xaf, 0xf2, 0x0, 0x0, 0x6, 0xfc, 0x0,
    0x0, 0x0, 0xcf, 0x60, 0x0, 0xb, 0xef, 0xc0,
    0x0, 0x1, 0xff, 0xa1, 0x0, 0x0,

    /* U+0445 "х" */
    0x4f, 0xf2, 0x2, 0xff, 0x20, 0xaf, 0xa0, 0x9f,
    0x80, 0x1, 0xff, 0x4f, 0xe0, 0x0, 0x6, 0xff,
    0xf6, 0x0, 0x0, 0x1f, 0xfe, 0x0, 0x0, 0xa,
    0xfe, 0xf6, 0x0, 0x3, 0xfc, 0x4f, 0xe1, 0x0,
    0xdf, 0x50, 0xbf, 0xa0, 0x7f, 0xd0, 0x2, 0xff,
    0x40,

    /* U+0446 "ц" */
    0xbf, 0x80, 0x5, 0xfd, 0x0, 0xbf, 0x80, 0x5,
    0xfd, 0x0, 0xbf, 0x80, 0x5, 0xfd, 0x0, 0xbf,
    0x80, 0x5, 0xfd, 0x0, 0xbf, 0x80, 0x5, 0xfd,
    0x0, 0xbf, 0x80, 0x5, 0xfd, 0x0, 0xbf, 0x80,
    0x5, 0xfd, 0x0, 0xbf, 0xdb, 0xbd, 0xff, 0xb2,
    0xbf, 0xff, 0xff, 0xff, 0xf3, 0x0, 0x0, 0x0,
    0xe, 0xf2, 0x0, 0x0, 0x0, 0xe, 0xf1, 0x0,
    0x0, 0x0, 0xe, 0xf0,

    /* U+0447 "ч" */
    0xf, 0xf2, 0x0, 0xdf, 0x60, 0xff, 0x20, 0xd,
    0xf6, 0xf, 0xf2, 0x0, 0xdf, 0x60, 0xff, 0x60,
    0xd, 0xf6, 0x9, 0xff, 0xcb, 0xff, 0x60, 0x8,
    0xef, 0xff, 0xf6, 0x0, 0x0, 0x0, 0xdf, 0x60,
    0x0, 0x0, 0xd, 0xf6, 0x0, 0x0, 0x0, 0xdf,
    0x60,

    /* U+0448 "ш" */
    0xbf, 0x70, 0xf, 0xf2, 0x5, 0xfe, 0xbf, 0x70,
    0xf, 0xf2, 0x5, 0xfe, 0xbf, 0x70, 0xf, 0xf2,
    0x5, 0xfe, 0xbf, 0x70, 0xf, 0xf2, 0x5, 0xfe,
    0xbf, 0x70, 0xf, 0xf2, 0x5, 0xfe, 0xbf, 0x70,
    0xf, 0xf2, 0x5, 0xfe, 0xbf, 0x70, 0xf, 0xf2,
    0x5, 0xfe, 0xbf, 0xdb, 0xbf, 0xfc, 0xbd, 0xfe,
    0xbf, 0xff, 0xff, 0xff, 0xff, 0xfe,

    /* U+0449 "щ" */
    0xbf, 0x70, 0xf, 0xf2, 0x5, 0xfe, 0x0, 0xbf,
    0x70, 0xf, 0xf2, 0x5, 0xfe, 0x0, 0xbf, 0x70,
    0xf, 0xf2, 0x5, 0xfe, 0x0, 0xbf, 0x70, 0xf,
    0xf2, 0x5, 0xfe, 0x0, 0xbf, 0x70, 0xf, 0xf2,
    0x5, 0xfe, 0x0, 0xbf, 0x70, 0xf, 0xf2, 0x5,
    0xfe, 0x0, 0xbf, 0x70, 0xf, 0xf2, 0x5, 0xfe,
    0x0, 0xbf, 0xdb, 0xbf, 0xfc, 0xbd, 0xff, 0xb2,
    0xbf, 0xff, 0xff, 0xff, 0xff, 0xff, 0xf3, 0x0,
    0x0, 0x0, 0x0, 0x0, 0xd, 0xf3, 0x0, 0x0,
    0x0, 0x0, 0x0, 0xd, 0xf2, 0x0, 0x0, 0x0,
    0x0, 0x0, 0xd, 0xf1,

    /* U+044B "ы" */
    0xbf, 0x80, 0x0, 0x0, 0x9f, 0xab, 0xf8, 0x0,
    0x0, 0x9, 0xfa, 0xbf, 0x80, 0x0, 0x0, 0x9f,
    0xab, 0xff, 0xfe, 0x91, 0x9, 0xfa, 0xbf, 0xda,
    0xef, 0xc0, 0x9f, 0xab, 0xf8, 0x1, 0xff, 0x19,
    0xfa, 0xbf, 0x80, 0x2f, 0xf0, 0x9f, 0xab, 0xfd,
    0xbe, 0xfb, 0x9, 0xfa, 0xbf, 0xff, 0xe9, 0x10,
    0x9f, 0xa0,

    /* U+044C "ь" */
    0xbf, 0x80, 0x0, 0x0, 0xbf, 0x80, 0x0, 0x0,
    0xbf, 0x80, 0x0, 0x0, 0xbf, 0xff, 0xfc, 0x40,
    0xbf, 0xda, 0xcf, 0xf2, 0xbf, 0x80, 0xc, 0xf7,
    0xbf, 0x80, 0xc, 0xf6, 0xbf, 0xdb, 0xdf, 0xf2,
    0xbf, 0xff, 0xfc, 0x30,

    /* U+044E "ю" */
    0xbf, 0x80, 0x2, 0xaf, 0xfb, 0x30, 0xb, 0xf8,
    0x2, 0xef, 0xab, 0xff, 0x30, 0xbf, 0x80, 0xaf,
    0x80, 0xa, 0xfb, 0xb, 0xf8, 0xe, 0xf3, 0x0,
    0x4f, 0xf0, 0xbf, 0xff, 0xff, 0x10, 0x3, 0xff,
    0x1b, 0xff, 0xef, 0xf3, 0x0, 0x4f, 0xf0, 0xbf,
    0x80, 0xaf, 0x80, 0xa, 0xfb, 0xb, 0xf8, 0x2,
    0xef, 0xab, 0xff, 0x30, 0xbf, 0x80, 0x2, 0xbf,
    0xfb, 0x30, 0x0,

    /* U+044F "я" */
    0x0, 0x7d, 0xff, 0xff, 0x60, 0x7f, 0xfb, 0xaf,
    0xf6, 0xc, 0xf7, 0x0, 0xdf, 0x60, 0xcf, 0x70,
    0xd, 0xf6, 0x6, 0xff, 0x98, 0xef, 0x60, 0x7,
    0xff, 0xff, 0xf6, 0x0, 0xcf, 0x80, 0xdf, 0x60,
    0x8f, 0xd0, 0xd, 0xf6, 0x4f, 0xf3, 0x0, 0xdf,
    0x60,

    /* U+0451 "ё" */
    0x1, 0xdc, 0x3, 0xf9, 0x0, 0x2f, 0xf0, 0x5f,
    0xc0, 0x0, 0x21, 0x0, 0x31, 0x0, 0x0, 0x0,
    0x0, 0x0, 0x0, 0x3b, 0xff, 0xa1, 0x0, 0x4f,
    0xfc, 0xdf, 0xc0, 0xd, 0xf6, 0x0, 0xaf, 0x43,
    0xff, 0x22, 0x27, 0xf8, 0x4f, 0xff, 0xff, 0xff,
    0x82, 0xff, 0x55, 0x55, 0x52, 0xd, 0xf7, 0x0,
    0x1, 0x0, 0x4f, 0xfd, 0xbd, 0xd0, 0x0, 0x3b,
    0xff, 0xc6, 0x0,

    /* U+2500 "─" */
    0xaa, 0xaa, 0xaa, 0xaa, 0xaa, 0xaa, 0xaa, 0xaa,
    0x0, 0x0, 0x0, 0x0, 0x0, 0x0, 0x0, 0x0,

    /* U+2502 "│" */
    0x0, 0x18, 0x18, 0x18, 0x18, 0x18, 0x18, 0x18,
    0x18, 0x18, 0x18, 0x18, 0x18, 0x18, 0x18, 0x18,
    0x18,

    /* U+2514 "└" */
    0x2, 0x0, 0x0, 0x0, 0x0, 0x18, 0x0, 0x0,
    0x0, 0x0, 0x18, 0x0, 0x0, 0x0, 0x0, 0x18,
    0x0, 0x0, 0x0, 0x0, 0x18, 0x0, 0x0, 0x0,
    0x0, 0x18, 0x0, 0x0, 0x0, 0x0, 0x18, 0x0,
    0x0, 0x0, 0x0, 0x18, 0x0, 0x0, 0x0, 0x0,
    0x1d, 0xaa, 0xaa, 0xaa, 0xa2, 0x0, 0x0, 0x0,
    0x0, 0x0,

    /* U+251C "├" */
    0x0, 0x0, 0x0, 0x0, 0x0, 0x18, 0x0, 0x0,
    0x0, 0x0, 0x18, 0x0, 0x0, 0x0, 0x0, 0x18,
    0x0, 0x0, 0x0, 0x0, 0x18, 0x0, 0x0, 0x0,
    0x0, 0x18, 0x0, 0x0, 0x0, 0x0, 0x18, 0x0,
    0x0, 0x0, 0x0, 0x18, 0x0, 0x0, 0x0, 0x0,
    0x1b, 0x55, 0x55, 0x55, 0x51, 0x1a, 0x44, 0x44,
    0x44, 0x40, 0x18, 0x0, 0x0, 0x0, 0x0, 0x18,
    0x0, 0x0, 0x0, 0x0, 0x18, 0x0, 0x0, 0x0,
    0x0, 0x18, 0x0, 0x0, 0x0, 0x0, 0x18, 0x0,
    0x0, 0x0, 0x0, 0x18, 0x0, 0x0, 0x0, 0x0,
    0x18, 0x0, 0x0, 0x0, 0x0,

    /* U+3001 "、" */
    0x3, 0x80, 0x0, 0x1f, 0xfa, 0x0, 0x4, 0xff,
    0xa0, 0x0, 0x4f, 0xf7, 0x0, 0x6, 0xb1, 0x0,
    0x0, 0x0,

    /* U+3002 "。" */
    0x4, 0xde, 0x90, 0x1f, 0x63, 0xc8, 0x4c, 0x0,
    0x5c, 0x1f, 0x52, 0xb9, 0x4, 0xef, 0xa0,

    /* U+3042 "あ" */
    0x0, 0x0, 0x0, 0x0, 0x0, 0x0, 0x0, 0x0,
    0x0, 0x2f, 0xb0, 0x0, 0x0, 0x0, 0x2, 0x0,
    0x4f, 0x81, 0x24, 0x79, 0x0, 0xe, 0xff, 0xff,
    0xff, 0xff, 0xfe, 0x0, 0x8, 0xaa, 0xdf, 0xa8,
    0x76, 0x41, 0x0, 0x0, 0x0, 0x8f, 0x21, 0x3f,
    0x90, 0x0, 0x0, 0x0, 0xaf, 0xff, 0xff, 0xe7,
    0x0, 0x0, 0x1c, 0xff, 0xa7, 0xef, 0xdf, 0xb0,
    0x2, 0xef, 0xdf, 0x13, 0xfa, 0xb, 0xf5, 0xc,
    0xf3, 0x9f, 0x3d, 0xf2, 0x4, 0xfa, 0x4f, 0x80,
    0x7f, 0xef, 0x70, 0x4, 0xfa, 0x8f, 0x40, 0x6f,
    0xfa, 0x0, 0xb, 0xf6, 0x7f, 0xdc, 0xff, 0xd0,
    0x2, 0xbf, 0xe0, 0x1d, 0xff, 0xbe, 0xb4, 0xdf,
    0xfd, 0x20, 0x0, 0x10, 0x0, 0x0, 0xcb, 0x60,
    0x0,

    /* U+3044 "い" */
    0x16, 0x60, 0x0, 0x0, 0x0, 0x0, 0x0, 0x2,
    0xff, 0x0, 0x0, 0x0, 0x5d, 0x70, 0x0, 0x2f,
    0xe0, 0x0, 0x0, 0x2, 0xff, 0x10, 0x1, 0xfe,
    0x0, 0x0, 0x0, 0xa, 0xf8, 0x0, 0x1f, 0xe0,
    0x0, 0x0, 0x0, 0x3f, 0xe0, 0x0, 0xff, 0x0,
    0x0, 0x0, 0x0, 0xdf, 0x40, 0xf, 0xf0, 0x0,
    0x0, 0x0, 0x9, 0xf8, 0x0, 0xdf, 0x30, 0xa,
    0x20, 0x0, 0x5f, 0xc0, 0xa, 0xf7, 0x1, 0xfd,
    0x0, 0x2, 0xff, 0x0, 0x5f, 0xe3, 0xaf, 0xa0,
    0x0, 0xd, 0x60, 0x0, 0xef, 0xff, 0xf2, 0x0,
    0x0, 0x0, 0x0, 0x3, 0xef, 0xf6, 0x0, 0x0,
    0x0, 0x0, 0x0, 0x0, 0x42, 0x0, 0x0, 0x0,
    0x0, 0x0,

    /* U+3046 "う" */
    0x0, 0x4a, 0x86, 0x43, 0x21, 0x0, 0x0, 0x8f,
    0xff, 0xff, 0xfb, 0x0, 0x0, 0x3, 0x56, 0x89,
    0xb7, 0x0, 0x0, 0x0, 0x0, 0x0, 0x0, 0x0,
    0x13, 0x6a, 0xdf, 0xff, 0xd5, 0x0, 0x7f, 0xff,
    0xfd, 0xce, 0xff, 0x60, 0x3e, 0x84, 0x0, 0x0,
    0x8f, 0xe0, 0x0, 0x0, 0x0, 0x0, 0xf, 0xf2,
    0x0, 0x0, 0x0, 0x0, 0xf, 0xf1, 0x0, 0x0,
    0x0, 0x0, 0x7f, 0xd0, 0x0, 0x0, 0x0, 0x7,
    0xff, 0x60, 0x0, 0x0, 0x48, 0xef, 0xf8, 0x0,
    0x0, 0x3f, 0xff, 0xfd, 0x40, 0x0, 0x0, 0xa,
    0xd9, 0x40, 0x0, 0x0,

    /* U+304C "が" */
    0x0, 0x0, 0x0, 0x0, 0x0, 0x0, 0x5, 0x70,
    0x0, 0x0, 0xa, 0x91, 0x0, 0x6, 0xd5, 0xf3,
    0x0, 0x0, 0x1f, 0xf0, 0x0, 0x1, 0xf7, 0xa5,
    0x0, 0x0, 0x3f, 0xc0, 0x0, 0x5, 0xe4, 0x0,
    0x3, 0x34, 0x9f, 0xd8, 0x84, 0xa, 0xf8, 0x0,
    0x1f, 0xff, 0xff, 0xff, 0xff, 0x51, 0xff, 0x10,
    0xc, 0xa8, 0xef, 0x42, 0x7f, 0xc0, 0x9f, 0x80,
    0x0, 0x1, 0xfd, 0x0, 0xf, 0xd0, 0x2f, 0xe0,
    0x0, 0x6, 0xf9, 0x0, 0xf, 0xd0, 0xc, 0xf5,
    0x0, 0xc, 0xf4, 0x0, 0x2f, 0xc0, 0x6, 0x71,
    0x0, 0x2f, 0xe0, 0x0, 0x4f, 0xa0, 0x0, 0x0,
    0x0, 0x9f, 0x80, 0x0, 0x7f, 0x80, 0x0, 0x0,
    0x2, 0xff, 0x14, 0x33, 0xef, 0x40, 0x0, 0x0,
    0xb, 0xfa, 0xb, 0xff, 0xfd, 0x0, 0x0, 0x0,
    0x4, 0xa2, 0x5, 0xbb, 0x91, 0x0, 0x0, 0x0,

    /* U+304D "き" */
    0x0, 0x0, 0x0, 0x0, 0x0, 0x0, 0x0, 0x0,
    0x8, 0xe5, 0x0, 0x0, 0x14, 0x32, 0x27, 0xfa,
    0x7a, 0xb0, 0x3f, 0xff, 0xff, 0xff, 0xff, 0xd0,
    0x16, 0x78, 0x88, 0xdf, 0x61, 0x0, 0x0, 0x0,
    0x0, 0x6f, 0x73, 0x77, 0x8f, 0xee, 0xee, 0xff,
    0xff, 0xfd, 0x5c, 0xcd, 0xdd, 0xcd, 0xfb, 0x52,
    0x0, 0x0, 0x0, 0x2, 0xfd, 0x0, 0x7, 0x92,
    0x0, 0x79, 0xdf, 0x90, 0xf, 0xe0, 0x0, 0x9e,
    0xff, 0x70, 0x2f, 0xb0, 0x0, 0x0, 0x2, 0x0,
    0x1f, 0xf6, 0x0, 0x0, 0x2, 0x0, 0x8, 0xff,
    0xfe, 0xef, 0xff, 0x0, 0x0, 0x4a, 0xdf, 0xfe,
    0xda, 0x0,

    /* U+304F "く" */
    0x0, 0x0, 0x0, 0x0, 0x0, 0x0, 0x0, 0x0,
    0x9, 0x90, 0x0, 0x0, 0x0, 0x9f, 0xf5, 0x0,
    0x0, 0xb, 0xff, 0x50, 0x0, 0x1, 0xdf, 0xe3,
    0x0, 0x0, 0x3e, 0xfb, 0x10, 0x0, 0x5, 0xff,
    0x90, 0x0, 0x0, 0xf, 0xf9, 0x0, 0x0, 0x0,
    0xd, 0xfd, 0x10, 0x0, 0x0, 0x2, 0xdf, 0xe3,
    0x0, 0x0, 0x0, 0x1c, 0xff, 0x60, 0x0, 0x0,
    0x0, 0xaf, 0xf8, 0x0, 0x0, 0x0, 0x8, 0xff,
    0xa0, 0x0, 0x0, 0x0, 0x7f, 0xfa, 0x0, 0x0,
    0x0, 0x8, 0xe2, 0x0, 0x0, 0x0, 0x0, 0x10,

    /* U+3053 "こ" */
    0x3, 0x33, 0x22, 0x23, 0x34, 0x10, 0xb, 0xff,
    0xff, 0xff, 0xff, 0x30, 0x7, 0xbc, 0xcd, 0xdc,
    0xcb, 0x20, 0x0, 0x0, 0x0, 0x0, 0x0, 0x0,
    0x0, 0x0, 0x0, 0x0, 0x0, 0x0, 0x0, 0x0,
    0x0, 0x0, 0x0, 0x0, 0x0, 0x0, 0x0, 0x0,
    0x0, 0x0, 0x6b, 0x40, 0x0, 0x0, 0x0, 0x0,
    0xaf, 0x50, 0x0, 0x0, 0x0, 0x0, 0xbf, 0x60,
    0x0, 0x0, 0x0, 0x0, 0x9f, 0xf8, 0x42, 0x33,
    0x57, 0xa2, 0x1d, 0xff, 0xff, 0xff, 0xff, 0xf3,
    0x0, 0x6a, 0xcd, 0xdd, 0xba, 0x71,

    /* U+3055 "さ" */
    0x0, 0x0, 0x1, 0xbc, 0x0, 0x0, 0x0, 0x0,
    0x0, 0xe, 0xf1, 0x0, 0x0, 0x34, 0x32, 0x11,
    0xaf, 0x98, 0xcd, 0x9, 0xff, 0xff, 0xff, 0xff,
    0xff, 0xe0, 0x5a, 0xbb, 0xbb, 0xae, 0xf7, 0x20,
    0x0, 0x0, 0x0, 0x0, 0x5f, 0xa0, 0x0, 0x0,
    0x0, 0x0, 0x0, 0xdf, 0x30, 0x0, 0x23, 0x0,
    0x5, 0x7a, 0xfd, 0x0, 0xc, 0xf3, 0x0, 0xaf,
    0xff, 0xf2, 0x1, 0xfc, 0x0, 0x0, 0x23, 0x54,
    0x0, 0x3f, 0xc0, 0x0, 0x0, 0x0, 0x0, 0x1,
    0xff, 0x92, 0x0, 0x1, 0x32, 0x0, 0x6, 0xff,
    0xff, 0xff, 0xff, 0x60, 0x0, 0x2, 0x8c, 0xee,
    0xdc, 0xa3, 0x0,

    /* U+3057 "し" */
    0x0, 0x0, 0x0, 0x0, 0x0, 0x0, 0x4f, 0xf0,
    0x0, 0x0, 0x0, 0x0, 0x3f, 0xf0, 0x0, 0x0,
    0x0, 0x0, 0x2f, 0xd0, 0x0, 0x0, 0x0, 0x0,
    0x3f, 0xd0, 0x0, 0x0, 0x0, 0x0, 0x3f, 0xc0,
    0x0, 0x0, 0x0, 0x0, 0x3f, 0xc0, 0x0, 0x0,
    0x0, 0x0, 0x4f, 0xb0, 0x0, 0x0, 0x0, 0x0,
    0x4f, 0xb0, 0x0, 0x0, 0x0, 0x0, 0x4f, 0xb0,
    0x0, 0x0, 0x0, 0x20, 0x5f, 0xb0, 0x0, 0x0,
    0x3, 0xf3, 0x4f, 0xc0, 0x0, 0x0, 0x4f, 0xf9,
    0x2f, 0xf7, 0x21, 0x4a, 0xff, 0xc0, 0xa, 0xff,
    0xff, 0xff, 0xf9, 0x0, 0x0, 0x7d, 0xff, 0xd9,
    0x20, 0x0,

    /* U+3059 "す" */
    0x0, 0x0, 0x0, 0xf, 0xf1, 0x0, 0x0, 0x0,
    0x0, 0x0, 0xe, 0xf1, 0x0, 0x0, 0xbe, 0xee,
    0xff, 0xff, 0xff, 0xff, 0xfb, 0xbd, 0xdc, 0xbb,
    0xbf, 0xfb, 0xab, 0xb8, 0x0, 0x0, 0x0, 0x2d,
    0xf0, 0x0, 0x0, 0x0, 0x0, 0x6f, 0xff, 0xf0,
    0x0, 0x0, 0x0, 0x4, 0xfd, 0x7d, 0xf4, 0x0,
    0x0, 0x0, 0x8, 0xf4, 0x7, 0xf8, 0x0, 0x0,
    0x0, 0x7, 0xf8, 0xb, 0xf9, 0x0, 0x0, 0x0,
    0x1, 0xef, 0xff, 0xf7, 0x0, 0x0, 0x0, 0x0,
    0x29, 0xcf, 0xf3, 0x0, 0x0, 0x0, 0x0, 0x5,
    0xef, 0xa0, 0x0, 0x0, 0x0, 0x7, 0xef, 0xfb,
    0x0, 0x0, 0x0, 0x0, 0x2, 0xed, 0x60, 0x0,
    0x0, 0x0, 0x0, 0x0, 0x0, 0x0, 0x0, 0x0,
    0x0,

    /* U+305B "せ" */
    0x0, 0x0, 0x32, 0x0, 0x0, 0x8b, 0x20, 0x0,
    0x0, 0x2f, 0xd0, 0x0, 0xb, 0xf2, 0x0, 0x0,
    0x1, 0xfd, 0x0, 0x0, 0xbf, 0x10, 0x0, 0x0,
    0x1f, 0xd0, 0x23, 0x4d, 0xf9, 0x99, 0x39, 0xac,
    0xff, 0xff, 0xff, 0xff, 0xff, 0xd4, 0xff, 0xff,
    0xfc, 0xa8, 0x7d, 0xf3, 0x21, 0x17, 0x43, 0xfc,
    0x0, 0x0, 0xcf, 0x0, 0x0, 0x0, 0x1f, 0xc0,
    0x0, 0xd, 0xf0, 0x0, 0x0, 0x1, 0xfc, 0x0,
    0xee, 0xfc, 0x0, 0x0, 0x0, 0x1f, 0xc0, 0x5,
    0x77, 0x20, 0x0, 0x0, 0x0, 0xfd, 0x0, 0x0,
    0x0, 0x0, 0x0, 0x0, 0xf, 0xf7, 0x33, 0x34,
    0x68, 0x10, 0x0, 0x0, 0x9f, 0xff, 0xff, 0xff,
    0xf2, 0x0, 0x0, 0x0, 0x59, 0xbb, 0xba, 0x98,
    0x0,

    /* U+305F "た" */
    0x0, 0x0, 0x9d, 0x70, 0x0, 0x0, 0x0, 0x0,
    0x0, 0xbf, 0x60, 0x0, 0x0, 0x0, 0x25, 0x55,
    0xef, 0xbc, 0xe0, 0x0, 0x0, 0x5f, 0xff, 0xff,
    0xff, 0xd0, 0x0, 0x0, 0x27, 0x8a, 0xfd, 0x31,
    0x0, 0x0, 0x0, 0x0, 0x7, 0xf8, 0x4, 0xff,
    0xff, 0xf5, 0x0, 0xc, 0xf4, 0x4, 0xdc, 0xbc,
    0xd5, 0x0, 0x1f, 0xf0, 0x0, 0x0, 0x0, 0x0,
    0x0, 0x6f, 0xb0, 0x0, 0x0, 0x0, 0x0, 0x0,
    0xbf, 0x60, 0x6e, 0x50, 0x0, 0x0, 0x1, 0xff,
    0x10, 0x8f, 0x40, 0x0, 0x0, 0x8, 0xfb, 0x0,
    0x8f, 0xb3, 0x23, 0x44, 0xe, 0xf5, 0x0, 0x2f,
    0xff, 0xff, 0xfa, 0x18, 0xc0, 0x0, 0x1, 0x7a,
    0xaa, 0x94,

    /* U+3060 "だ" */
    0x0, 0x3, 0xa9, 0x0, 0x0, 0x0, 0x84, 0x0,
    0x0, 0x5f, 0xc0, 0x0, 0xa, 0x99, 0xd0, 0x22,
    0x28, 0xfc, 0x8c, 0x30, 0x5f, 0x4b, 0x2f, 0xff,
    0xff, 0xff, 0xf4, 0x0, 0x71, 0x0, 0x9b, 0xbf,
    0xf8, 0x52, 0x0, 0x0, 0x0, 0x0, 0x1, 0xfe,
    0x0, 0xbd, 0xdd, 0xdb, 0x0, 0x0, 0x5f, 0xa0,
    0xf, 0xfe, 0xef, 0xe0, 0x0, 0xa, 0xf6, 0x0,
    0x0, 0x0, 0x0, 0x0, 0x0, 0xff, 0x10, 0x0,
    0x0, 0x0, 0x0, 0x0, 0x5f, 0xc0, 0xd, 0x90,
    0x0, 0x0, 0x0, 0xb, 0xf7, 0x3, 0xfa, 0x0,
    0x0, 0x0, 0x2, 0xff, 0x10, 0x3f, 0xe4, 0x11,
    0x24, 0x10, 0x9f, 0xb0, 0x0, 0xcf, 0xff, 0xff,
    0xf2, 0x6, 0xc5, 0x0, 0x0, 0x6a, 0xbb, 0xb9,
    0x10,

    /* U+3061 "ち" */
    0x0, 0x0, 0x0, 0x0, 0x0, 0x0, 0x0, 0x0,
    0x0, 0xbf, 0x40, 0x0, 0x0, 0x0, 0x0, 0x0,
    0xdf, 0x10, 0x0, 0x14, 0x0, 0x1c, 0xa8, 0xff,
    0x9b, 0xdf, 0xfe, 0x0, 0x1f, 0xff, 0xff, 0xff,
    0xfd, 0xb8, 0x0, 0x1, 0x28, 0xf8, 0x10, 0x0,
    0x0, 0x0, 0x0, 0xa, 0xf3, 0x0, 0x0, 0x0,
    0x0, 0x0, 0xe, 0xf4, 0xad, 0xee, 0xb4, 0x0,
    0x0, 0x3f, 0xff, 0xfc, 0xac, 0xff, 0x60, 0x0,
    0x9f, 0xf6, 0x0, 0x0, 0x5f, 0xe0, 0x0, 0xcf,
    0x30, 0x0, 0x0, 0xf, 0xf1, 0x0, 0x1, 0x0,
    0x0, 0x0, 0x3f, 0xf0, 0x0, 0x0, 0x21, 0x1,
    0x38, 0xff, 0x90, 0x0, 0x0, 0xdf, 0xff, 0xff,
    0xfa, 0x0, 0x0, 0x0, 0x6c, 0xdd, 0xb8, 0x30,
    0x0,

    /* U+3066 "て" */
    0x0, 0x13, 0x46, 0x78, 0x9b, 0xcd, 0xe3, 0xaf,
    0xff, 0xff, 0xff, 0xff, 0xff, 0xf4, 0x9f, 0xca,
    0x86, 0x7f, 0xf8, 0x21, 0x0, 0x0, 0x0, 0x1,
    0xef, 0x30, 0x0, 0x0, 0x0, 0x0, 0x9, 0xf7,
    0x0, 0x0, 0x0, 0x0, 0x0, 0xf, 0xf0, 0x0,
    0x0, 0x0, 0x0, 0x0, 0x2f, 0xc0, 0x0, 0x0,
    0x0, 0x0, 0x0, 0x3f, 0xc0, 0x0, 0x0, 0x0,
    0x0, 0x0, 0x1f, 0xf1, 0x0, 0x0, 0x0, 0x0,
    0x0, 0xc, 0xfc, 0x10, 0x0, 0x0, 0x0, 0x0,
    0x2, 0xff, 0xf9, 0x53, 0x0, 0x0, 0x0, 0x0,
    0x2c, 0xff, 0xfb, 0x0, 0x0, 0x0, 0x0, 0x0,
    0x49, 0xc5, 0x0,

    /* U+3067 "で" */
    0x0, 0x12, 0x45, 0x67, 0x9a, 0xbc, 0xd3, 0xa,
    0xff, 0xff, 0xff, 0xff, 0xff, 0xff, 0x40, 0x9f,
    0xdb, 0x97, 0x8f, 0xf9, 0x31, 0x10, 0x1, 0x0,
    0x0, 0x1e, 0xf4, 0x1, 0x2d, 0x20, 0x0, 0x0,
    0x8, 0xf7, 0x0, 0xd7, 0xbb, 0x0, 0x0, 0x0,
    0xff, 0x0, 0x5, 0xf3, 0x70, 0x0, 0x0, 0x2f,
    0xc0, 0x0, 0x4, 0x0, 0x0, 0x0, 0x3, 0xfc,
    0x0, 0x0, 0x0, 0x0, 0x0, 0x0, 0x1f, 0xf2,
    0x0, 0x0, 0x0, 0x0, 0x0, 0x0, 0xcf, 0xc1,
    0x0, 0x0, 0x0, 0x0, 0x0, 0x2, 0xff, 0xfa,
    0x53, 0x0, 0x0, 0x0, 0x0, 0x2, 0xdf, 0xff,
    0xb0, 0x0, 0x0, 0x0, 0x0, 0x0, 0x49, 0xc5,
    0x0, 0x0,

    /* U+306B "に" */
    0x2, 0x52, 0x0, 0x0, 0x0, 0x0, 0x0, 0x7,
    0xf8, 0x0, 0x10, 0x0, 0x0, 0x10, 0xa, 0xf4,
    0x0, 0xcf, 0xff, 0xff, 0xf1, 0xc, 0xf1, 0x0,
    0xae, 0xef, 0xee, 0xd1, 0xe, 0xe0, 0x0, 0x0,
    0x0, 0x0, 0x0, 0xf, 0xc0, 0x0, 0x0, 0x0,
    0x0, 0x0, 0x2f, 0xa0, 0x0, 0x0, 0x0, 0x0,
    0x0, 0x3f, 0x93, 0x0, 0x0, 0x0, 0x0, 0x0,
    0x3f, 0xaf, 0x32, 0x72, 0x0, 0x0, 0x0, 0x3f,
    0xfe, 0x7, 0xf4, 0x0, 0x0, 0x0, 0x2f, 0xf9,
    0x9, 0xf7, 0x0, 0x0, 0x1, 0xf, 0xf5, 0x5,
    0xff, 0xec, 0xde, 0xf9, 0xd, 0xf2, 0x0, 0x7e,
    0xff, 0xff, 0xf8, 0x7, 0x91, 0x0, 0x0, 0x12,
    0x21, 0x0,

    /* U+306E "の" */
    0x0, 0x0, 0x49, 0xcd, 0xb8, 0x20, 0x0, 0x0,
    0x2c, 0xff, 0xff, 0xff, 0xf7, 0x0, 0x2, 0xef,
    0xb3, 0xef, 0x46, 0xef, 0x80, 0xd, 0xf8, 0x0,
    0xff, 0x0, 0x2f, 0xf2, 0x6f, 0xb0, 0x4, 0xfc,
    0x0, 0x9, 0xf8, 0xcf, 0x40, 0x8, 0xf8, 0x0,
    0x5, 0xfb, 0xef, 0x0, 0xd, 0xf4, 0x0, 0x4,
    0xfc, 0xef, 0x10, 0x3f, 0xe0, 0x0, 0x7, 0xfb,
    0xbf, 0x70, 0xcf, 0x70, 0x0, 0xd, 0xf6, 0x5f,
    0xfe, 0xfe, 0x0, 0x1, 0xbf, 0xe0, 0xa, 0xff,
    0xf3, 0x15, 0x9f, 0xff, 0x30, 0x0, 0x46, 0x10,
    0x1e, 0xff, 0xb2, 0x0, 0x0, 0x0, 0x0, 0x4,
    0x62, 0x0, 0x0,

    /* U+306F "は" */
    0x6, 0x71, 0x0, 0x0, 0x8, 0x80, 0x0, 0x0,
    0xdf, 0x10, 0x0, 0x0, 0xff, 0x0, 0x0, 0xf,
    0xe0, 0x0, 0x0, 0xf, 0xf0, 0x1, 0x1, 0xfb,
    0x0, 0xbb, 0xaa, 0xff, 0xdf, 0x80, 0x3f, 0x90,
    0xe, 0xff, 0xff, 0xfe, 0xd6, 0x5, 0xf7, 0x0,
    0x1, 0x11, 0xff, 0x0, 0x0, 0x7f, 0x50, 0x0,
    0x0, 0xe, 0xf0, 0x0, 0x8, 0xf3, 0x10, 0x0,
    0x0, 0xdf, 0x0, 0x0, 0x8f, 0x7d, 0x0, 0x48,
    0x8e, 0xf1, 0x0, 0x8, 0xff, 0xb0, 0x9f, 0xfe,
    0xff, 0xd4, 0x0, 0x7f, 0xf6, 0x2f, 0xb0, 0xc,
    0xff, 0xf9, 0x6, 0xff, 0x13, 0xfc, 0x23, 0xef,
    0x5e, 0xe1, 0x3f, 0xd0, 0xc, 0xff, 0xff, 0xc0,
    0x14, 0x0, 0xb8, 0x0, 0x6, 0xab, 0x80, 0x0,
    0x0,

    /* U+307E "ま" */
    0x0, 0x0, 0x2, 0xfc, 0x0, 0x0, 0x0, 0x43,
    0x10, 0x2f, 0xc2, 0x35, 0x60, 0xb, 0xff, 0xff,
    0xff, 0xff, 0xfc, 0x0, 0x47, 0x9a, 0xbf, 0xe8,
    0x76, 0x30, 0x0, 0x0, 0x2, 0xfb, 0x0, 0x0,
    0x0, 0xbc, 0xba, 0xbf, 0xeb, 0xde, 0xf0, 0xb,
    0xff, 0xff, 0xff, 0xff, 0xdb, 0x0, 0x0, 0x1,
    0x3f, 0xc0, 0x0, 0x0, 0x0, 0x15, 0x67, 0xfc,
    0x0, 0x0, 0x0, 0x6f, 0xff, 0xff, 0xfb, 0x50,
    0x0, 0x1f, 0xe4, 0x23, 0xff, 0xff, 0xc3, 0x3,
    0xfb, 0x0, 0x1f, 0xe3, 0xcf, 0xf2, 0xd, 0xfe,
    0xcf, 0xfb, 0x0, 0x8a, 0x0, 0x19, 0xde, 0xd9,
    0x10, 0x0, 0x0,

    /* U+307F "み" */
    0x0, 0x0, 0x0, 0x1, 0x22, 0x0, 0x0, 0x0,
    0x0, 0x8, 0xff, 0xff, 0xff, 0x20, 0x0, 0x0,
    0x0, 0x7, 0xcb, 0xbc, 0xfc, 0x0, 0x0, 0x0,
    0x0, 0x0, 0x0, 0xc, 0xf4, 0x0, 0x0, 0x0,
    0x0, 0x0, 0x0, 0x2f, 0xd0, 0x0, 0x96, 0x0,
    0x0, 0x0, 0x37, 0xcf, 0xa2, 0x0, 0xfd, 0x0,
    0x0, 0x3d, 0xff, 0xff, 0xff, 0xd8, 0xfb, 0x0,
    0x3, 0xff, 0x8a, 0xf9, 0x6c, 0xff, 0xfb, 0x0,
    0xc, 0xf3, 0xd, 0xf1, 0x0, 0x3d, 0xff, 0xc1,
    0x1f, 0xb0, 0x5f, 0xa0, 0x0, 0xd, 0xff, 0xf1,
    0x2f, 0xc3, 0xef, 0x30, 0x0, 0x7f, 0xb3, 0x90,
    0xd, 0xff, 0xfa, 0x0, 0x5, 0xff, 0x30, 0x0,
    0x2, 0xbd, 0x80, 0x1, 0x9f, 0xf6, 0x0, 0x0,
    0x0, 0x0, 0x0, 0x2, 0xee, 0x50, 0x0, 0x0,
    0x0, 0x0, 0x0, 0x0, 0x11, 0x0, 0x0, 0x0,

    /* U+3081 "め" */
    0x0, 0x0, 0x0, 0x0, 0xcb, 0x0, 0x0, 0x4,
    0xc7, 0x0, 0x1, 0xfd, 0x0, 0x0, 0x3, 0xfb,
    0x2, 0x69, 0xfc, 0x10, 0x0, 0x0, 0xdf, 0xcf,
    0xff, 0xff, 0xf9, 0x0, 0x0, 0xbf, 0xfa, 0x5e,
    0xf7, 0xef, 0xa0, 0x6, 0xff, 0xb0, 0x2f, 0xc0,
    0x1e, 0xf4, 0x1f, 0xed, 0xf2, 0x8f, 0x60, 0x6,
    0xf9, 0x8f, 0x56, 0xfa, 0xff, 0x10, 0x3, 0xfc,
    0xcf, 0x0, 0xef, 0xf8, 0x0, 0x3, 0xfc, 0xee,
    0x0, 0x8f, 0xf2, 0x0, 0x7, 0xfa, 0xdf, 0x46,
    0xff, 0xf9, 0x0, 0x2f, 0xf4, 0x7f, 0xff, 0xf6,
    0x70, 0x17, 0xff, 0xa0, 0x7, 0xca, 0x30, 0xc,
    0xff, 0xf9, 0x0, 0x0, 0x0, 0x0, 0x3, 0xd9,
    0x20, 0x0,

    /* U+308A "り" */
    0x0, 0x0, 0x0, 0x0, 0x0, 0x6, 0xf9, 0x0,
    0x0, 0x0, 0x0, 0x7f, 0x61, 0xaf, 0xfb, 0x10,
    0x9, 0xf6, 0xef, 0xbd, 0xfd, 0x0, 0xbf, 0xed,
    0x20, 0xc, 0xf7, 0xd, 0xff, 0x20, 0x0, 0x4f,
    0xc0, 0xef, 0x90, 0x0, 0x1, 0xff, 0xe, 0xf3,
    0x0, 0x0, 0xf, 0xf0, 0xef, 0x10, 0x0, 0x1,
    0xff, 0xd, 0xf1, 0x0, 0x0, 0x5f, 0xc0, 0x44,
    0x0, 0x0, 0xc, 0xf7, 0x0, 0x0, 0x0, 0xa,
    0xfe, 0x0, 0x0, 0x3, 0x8e, 0xfe, 0x30, 0x0,
    0xc, 0xff, 0xfb, 0x20, 0x0, 0x0, 0x3c, 0x82,
    0x0, 0x0, 0x0,

    /* U+308B "る" */
    0x0, 0x0, 0x0, 0x0, 0x12, 0x20, 0x0, 0x6,
    0xff, 0xff, 0xff, 0xfe, 0x10, 0x0, 0x5d, 0xcb,
    0xab, 0xff, 0x91, 0x0, 0x0, 0x0, 0x3, 0xef,
    0x50, 0x0, 0x0, 0x0, 0x6, 0xfd, 0x20, 0x0,
    0x0, 0x0, 0x9, 0xff, 0x99, 0x72, 0x0, 0x0,
    0x1b, 0xff, 0xfe, 0xff, 0xf8, 0x0, 0x2d, 0xfc,
    0x40, 0x0, 0x4e, 0xf7, 0x3f, 0xf8, 0x0, 0x10,
    0x0, 0x3f, 0xe0, 0xc7, 0x9, 0xff, 0xe5, 0x0,
    0xff, 0x0, 0x6, 0xfa, 0x6e, 0xf3, 0x4f, 0xd0,
    0x0, 0x9f, 0x50, 0x4f, 0xbe, 0xf7, 0x0, 0x3,
    0xff, 0xde, 0xff, 0xf9, 0x0, 0x0, 0x3, 0xad,
    0xed, 0x94, 0x0,

    /* U+308C "れ" */
    0x0, 0x0, 0x0, 0x0, 0x0, 0x0, 0x0, 0x0,
    0x0, 0x0, 0x9f, 0x80, 0x0, 0x0, 0x0, 0x0,
    0x0, 0x0, 0x9f, 0x60, 0x0, 0x0, 0x0, 0x0,
    0x0, 0x12, 0xbf, 0x70, 0x6, 0xa9, 0x20, 0x0,
    0xc, 0xff, 0xff, 0xa5, 0xef, 0xff, 0xe0, 0x0,
    0x9, 0xb9, 0xef, 0xbf, 0xc4, 0x3e, 0xf4, 0x0,
    0x0, 0x0, 0xdf, 0xf8, 0x0, 0xa, 0xf3, 0x0,
    0x0, 0x6, 0xff, 0x70, 0x0, 0xb, 0xf1, 0x0,
    0x0, 0x2f, 0xfe, 0x0, 0x0, 0xd, 0xf0, 0x0,
    0x0, 0xcf, 0xfd, 0x0, 0x0, 0xf, 0xd0, 0x0,
    0x9, 0xfb, 0xed, 0x0, 0x0, 0x2f, 0xc0, 0x0,
    0x1f, 0xe1, 0xfe, 0x0, 0x0, 0x3f, 0xc0, 0x47,
    0x5, 0x50, 0xfe, 0x0, 0x0, 0x2f, 0xfe, 0xfa,
    0x0, 0x0, 0xff, 0x0, 0x0, 0xc, 0xff, 0xe4,
    0x0, 0x0, 0xaa, 0x0, 0x0, 0x0, 0x43, 0x0,

    /* U+3092 "を" */
    0x0, 0x0, 0x4e, 0x80, 0x0, 0x0, 0x0, 0x3,
    0x21, 0x8f, 0x93, 0x46, 0x80, 0x0, 0x2f, 0xff,
    0xff, 0xff, 0xff, 0xe0, 0x0, 0x18, 0x9b, 0xfd,
    0x87, 0x65, 0x30, 0x0, 0x0, 0xb, 0xf3, 0x10,
    0x0, 0x1, 0x50, 0x0, 0x6f, 0xff, 0xfe, 0x32,
    0x9f, 0xf1, 0x4, 0xff, 0xc7, 0x9f, 0xff, 0xfd,
    0x71, 0x3f, 0xf6, 0x1, 0xaf, 0xfa, 0x30, 0x0,
    0x4e, 0x80, 0x4e, 0xff, 0xe0, 0x0, 0x0, 0x1,
    0x2, 0xfe, 0x3d, 0xe0, 0x0, 0x0, 0x0, 0x9,
    0xf6, 0xa, 0xb0, 0x0, 0x0, 0x0, 0xa, 0xf8,
    0x0, 0x0, 0x13, 0x0, 0x0, 0x5, 0xff, 0xfe,
    0xef, 0xff, 0x20, 0x0, 0x0, 0x4a, 0xde, 0xed,
    0xcb, 0x10,

    /* U+3093 "ん" */
    0x0, 0x0, 0x0, 0x17, 0x10, 0x0, 0x0, 0x0,
    0x0, 0x0, 0x0, 0x8f, 0xe0, 0x0, 0x0, 0x0,
    0x0, 0x0, 0x1, 0xff, 0x50, 0x0, 0x0, 0x0,
    0x0, 0x0, 0x9, 0xfb, 0x0, 0x0, 0x0, 0x0,
    0x0, 0x0, 0x1f, 0xf2, 0x0, 0x0, 0x0, 0x0,
    0x0, 0x0, 0x9f, 0x90, 0x0, 0x0, 0x0, 0x0,
    0x0, 0x1, 0xff, 0xad, 0xc2, 0x0, 0x0, 0x0,
    0x0, 0x9, 0xff, 0xff, 0xfa, 0x0, 0x0, 0x0,
    0x0, 0x1f, 0xf9, 0x3, 0xfc, 0x0, 0x6, 0x60,
    0x0, 0x8f, 0xb0, 0x1, 0xfd, 0x0, 0xc, 0xf3,
    0x0, 0xef, 0x30, 0x0, 0xfd, 0x0, 0x3f, 0xe0,
    0x6, 0xfd, 0x0, 0x0, 0xff, 0x55, 0xef, 0x60,
    0xd, 0xf7, 0x0, 0x0, 0xcf, 0xff, 0xfa, 0x0,
    0x6, 0xb2, 0x0, 0x0, 0x2a, 0xdc, 0x60, 0x0,

    /* U+30A2 "ア" */
    0x1e, 0xdd, 0xdd, 0xdd, 0xdd, 0xdd, 0xd9, 0x1,
    0xff, 0xff, 0xff, 0xff, 0xff, 0xff, 0xe1, 0x1,
    0x0, 0x0, 0x0, 0x0, 0x1e, 0xf6, 0x0, 0x0,
    0x0, 0x3a, 0x80, 0xc, 0xfa, 0x0, 0x0, 0x0,
    0x4, 0xfc, 0x1c, 0xfc, 0x0, 0x0, 0x0, 0x0,
    0x4f, 0xc4, 0xfc, 0x10, 0x0, 0x0, 0x0, 0x6,
    0xfb, 0x2, 0x0, 0x0, 0x0, 0x0, 0x0, 0x8f,
    0x80, 0x0, 0x0, 0x0, 0x0, 0x0, 0xe, 0xf4,
    0x0, 0x0, 0x0, 0x0, 0x0, 0x9, 0xfd, 0x0,
    0x0, 0x0, 0x0, 0x0, 0xa, 0xff, 0x40, 0x0,
    0x0, 0x0, 0x0, 0x1e, 0xff, 0x50, 0x0, 0x0,
    0x0, 0x0, 0x0, 0x2b, 0x30, 0x0, 0x0, 0x0,
    0x0, 0x0,

    /* U+30A4 "イ" */
    0x0, 0x0, 0x0, 0x0, 0x0, 0xa, 0x20, 0x0,
    0x0, 0x0, 0x0, 0x0, 0xbf, 0xe0, 0x0, 0x0,
    0x0, 0x0, 0x1c, 0xff, 0x50, 0x0, 0x0, 0x0,
    0x5, 0xef, 0xe3, 0x0, 0x0, 0x0, 0x2, 0xbf,
    0xfb, 0x10, 0x0, 0x0, 0x4, 0xbf, 0xff, 0xe0,
    0x0, 0x0, 0x38, 0xef, 0xff, 0xaf, 0xe0, 0x0,
    0x0, 0x9f, 0xfe, 0x71, 0x3f, 0xe0, 0x0, 0x0,
    0x19, 0x40, 0x0, 0x3f, 0xe0, 0x0, 0x0, 0x0,
    0x0, 0x0, 0x3f, 0xe0, 0x0, 0x0, 0x0, 0x0,
    0x0, 0x3f, 0xe0, 0x0, 0x0, 0x0, 0x0, 0x0,
    0x3f, 0xe0, 0x0, 0x0, 0x0, 0x0, 0x0, 0x4f,
    0xe0, 0x0, 0x0, 0x0, 0x0, 0x0, 0x3a, 0xa0,
    0x0, 0x0,

    /* U+30AA "オ" */
    0x0, 0x0, 0x0, 0x2, 0xfe, 0x0, 0x0, 0x0,
    0x0, 0x0, 0x1, 0xfd, 0x0, 0x0, 0x0, 0x0,
    0x0, 0x0, 0xfe, 0x0, 0x0, 0x1f, 0xff, 0xff,
    0xff, 0xff, 0xff, 0xf9, 0x1e, 0xdd, 0xdd, 0xdf,
    0xff, 0xdd, 0xd8, 0x0, 0x0, 0x0, 0x5f, 0xfe,
    0x0, 0x0, 0x0, 0x0, 0x4, 0xff, 0xff, 0x0,
    0x0, 0x0, 0x0, 0x5f, 0xf5, 0xef, 0x0, 0x0,
    0x0, 0x8, 0xff, 0x60, 0xef, 0x0, 0x0, 0x3,
    0xcf, 0xf5, 0x0, 0xef, 0x0, 0x0, 0x8f, 0xfd,
    0x30, 0x0, 0xef, 0x0, 0x0, 0x2e, 0x80, 0x2,
    0x32, 0xff, 0x0, 0x0, 0x0, 0x0, 0x8, 0xff,
    0xff, 0x0, 0x0, 0x0, 0x0, 0x5, 0xbb, 0xb6,
    0x0, 0x0,

    /* U+30AB "カ" */
    0x0, 0x0, 0xc, 0xf5, 0x0, 0x0, 0x0, 0x0,
    0x0, 0xbf, 0x40, 0x0, 0x0, 0x0, 0x0, 0xc,
    0xf3, 0x0, 0x0, 0x3, 0xfe, 0xee, 0xff, 0xfe,
    0xee, 0xf8, 0x3e, 0xee, 0xef, 0xfe, 0xee, 0xef,
    0xc0, 0x0, 0x1, 0xfe, 0x0, 0x3, 0xfb, 0x0,
    0x0, 0x5f, 0xa0, 0x0, 0x4f, 0xa0, 0x0, 0xa,
    0xf6, 0x0, 0x5, 0xf9, 0x0, 0x2, 0xff, 0x10,
    0x0, 0x6f, 0x70, 0x0, 0xcf, 0x90, 0x0, 0x9,
    0xf6, 0x0, 0xaf, 0xe1, 0x0, 0x0, 0xdf, 0x31,
    0xcf, 0xf4, 0x0, 0xdb, 0xcf, 0xf0, 0x3e, 0xf5,
    0x0, 0xf, 0xff, 0xf8, 0x0, 0x12, 0x0, 0x0,
    0x23, 0x32, 0x0,

    /* U+30AD "キ" */
    0x0, 0x0, 0x3c, 0xb0, 0x0, 0x0, 0x0, 0x0,
    0x0, 0x2f, 0xe0, 0x0, 0x0, 0x0, 0x0, 0x0,
    0xe, 0xf5, 0x79, 0xce, 0x0, 0x26, 0x8a, 0xdf,
    0xff, 0xff, 0xff, 0x10, 0x5f, 0xff, 0xff, 0xfc,
    0x74, 0x20, 0x0, 0x29, 0x64, 0x15, 0xfa, 0x0,
    0x0, 0x0, 0x0, 0x0, 0x2, 0xfd, 0x0, 0x25,
    0x92, 0x0, 0x0, 0x25, 0xff, 0xdf, 0xff, 0xf6,
    0x4b, 0xdf, 0xff, 0xff, 0xfe, 0xb9, 0x62, 0x4f,
    0xfe, 0xb8, 0xcf, 0x70, 0x0, 0x0, 0x4, 0x10,
    0x0, 0x6f, 0xa0, 0x0, 0x0, 0x0, 0x0, 0x0,
    0x3f, 0xd0, 0x0, 0x0, 0x0, 0x0, 0x0, 0xf,
    0xf1, 0x0, 0x0, 0x0, 0x0, 0x0, 0xc, 0xb2,
    0x0, 0x0,

    /* U+30AF "ク" */
    0x0, 0x0, 0x0, 0x0, 0x0, 0x0, 0x0, 0x0,
    0x0, 0x6, 0xfa, 0x0, 0x0, 0x0, 0x0, 0x0,
    0xd, 0xf7, 0x0, 0x0, 0x0, 0x0, 0x0, 0x8f,
    0xfc, 0xbb, 0xbd, 0x70, 0x0, 0x4, 0xff, 0xff,
    0xff, 0xff, 0xf1, 0x0, 0x3f, 0xf7, 0x0, 0x0,
    0x9f, 0xb0, 0x5, 0xff, 0x90, 0x0, 0x0, 0xef,
    0x50, 0x7f, 0xf9, 0x0, 0x0, 0x7, 0xfe, 0x0,
    0x9, 0x60, 0x0, 0x0, 0x1f, 0xf6, 0x0, 0x0,
    0x0, 0x0, 0x0, 0xcf, 0xc0, 0x0, 0x0, 0x0,
    0x0, 0x1c, 0xfe, 0x10, 0x0, 0x0, 0x0, 0x3,
    0xdf, 0xe3, 0x0, 0x0, 0x0, 0x3, 0xaf, 0xfd,
    0x20, 0x0, 0x0, 0x0, 0xbf, 0xff, 0x90, 0x0,
    0x0, 0x0, 0x0, 0x2d, 0x92, 0x0, 0x0, 0x0,
    0x0, 0x0, 0x0, 0x0, 0x0, 0x0, 0x0, 0x0,

    /* U+30B5 "サ" */
    0x0, 0x0, 0xde, 0x10, 0x1, 0xff, 0x0, 0x0,
    0x0, 0xf, 0xf0, 0x0, 0x1f, 0xe0, 0x0, 0x0,
    0x0, 0xff, 0x0, 0x1, 0xfe, 0x0, 0x0, 0xcb,
    0xbf, 0xfb, 0xbb, 0xbf, 0xfb, 0xbb, 0x1f, 0xff,
    0xff, 0xff, 0xff, 0xff, 0xff, 0xe0, 0x22, 0x2f,
    0xf2, 0x22, 0x3f, 0xe2, 0x22, 0x0, 0x0, 0xff,
    0x0, 0x1, 0xfe, 0x0, 0x0, 0x0, 0xf, 0xf0,
    0x0, 0x2f, 0xc0, 0x0, 0x0, 0x0, 0xff, 0x10,
    0x6, 0xfa, 0x0, 0x0, 0x0, 0x0, 0x0, 0x0,
    0xcf, 0x60, 0x0, 0x0, 0x0, 0x0, 0x0, 0x8f,
    0xe0, 0x0, 0x0, 0x0, 0x0, 0x2, 0xbf, 0xf5,
    0x0, 0x0, 0x0, 0x0, 0x2, 0xff, 0xf5, 0x0,
    0x0, 0x0, 0x0, 0x0, 0x3, 0x91, 0x0, 0x0,
    0x0,

    /* U+30B8 "ジ" */
    0x0, 0x0, 0x0, 0x0, 0x0, 0x0, 0x0, 0x0,
    0x0, 0x31, 0x0, 0x0, 0x1, 0x3d, 0x30, 0x0,
    0x1e, 0xf7, 0x0, 0x5, 0xf2, 0xcd, 0x0, 0x1,
    0xaf, 0xfc, 0x10, 0xd, 0xb3, 0xc1, 0x0, 0x0,
    0x4e, 0xd0, 0x0, 0x58, 0x0, 0x1, 0xb3, 0x0,
    0x2, 0x0, 0x0, 0x8, 0x0, 0x9f, 0xf9, 0x0,
    0x0, 0x0, 0x8, 0xf4, 0x0, 0x8f, 0xfa, 0x0,
    0x0, 0x5, 0xff, 0x50, 0x0, 0x3c, 0x20, 0x0,
    0x5, 0xff, 0x80, 0x0, 0x0, 0x0, 0x0, 0x7,
    0xff, 0xa0, 0x0, 0x0, 0x0, 0x0, 0x2c, 0xff,
    0x90, 0x0, 0x0, 0x0, 0x2, 0x9f, 0xff, 0x50,
    0x0, 0x0, 0x4, 0x8d, 0xff, 0xfb, 0x20, 0x0,
    0x0, 0x0, 0xcf, 0xff, 0xb4, 0x0, 0x0, 0x0,
    0x0, 0x3, 0xb6, 0x10, 0x0, 0x0, 0x0, 0x0,
    0x0,

    /* U+30B9 "ス" */
    0x1, 0xdc, 0xcc, 0xcc, 0xcc, 0xd9, 0x0, 0x2,
    0xff, 0xff, 0xff, 0xff, 0xfe, 0x0, 0x0, 0x32,
    0x22, 0x22, 0x2e, 0xf7, 0x0, 0x0, 0x0, 0x0,
    0x0, 0x5f, 0xe0, 0x0, 0x0, 0x0, 0x0, 0x0,
    0xef, 0x60, 0x0, 0x0, 0x0, 0x0, 0xa, 0xfc,
    0x0, 0x0, 0x0, 0x0, 0x0, 0x7f, 0xf7, 0x0,
    0x0, 0x0, 0x0, 0x8, 0xff, 0xff, 0x70, 0x0,
    0x0, 0x1, 0xbf, 0xf4, 0x7f, 0xf7, 0x0, 0x0,
    0x5e, 0xfe, 0x40, 0x8, 0xff, 0x60, 0x4c, 0xff,
    0xc2, 0x0, 0x0, 0x9f, 0xf4, 0x2e, 0xf7, 0x0,
    0x0, 0x0, 0xc, 0xe2, 0x2, 0x10, 0x0, 0x0,
    0x0, 0x1, 0x10,

    /* U+30BB "セ" */
    0x0, 0x4, 0xfd, 0x0, 0x0, 0x0, 0x0, 0x0,
    0x3, 0xfc, 0x0, 0x0, 0x0, 0x0, 0x0, 0x3,
    0xfc, 0x0, 0x0, 0x3, 0x40, 0x0, 0x3, 0xfc,
    0x25, 0x8b, 0xff, 0xf7, 0x13, 0x6a, 0xff, 0xff,
    0xff, 0xff, 0xf3, 0xef, 0xff, 0xff, 0xc8, 0x52,
    0x8f, 0xa0, 0xbd, 0xa9, 0xfc, 0x0, 0x3, 0xff,
    0x10, 0x0, 0x3, 0xfc, 0x0, 0x1d, 0xf6, 0x0,
    0x0, 0x3, 0xfc, 0x0, 0x5f, 0xa0, 0x0, 0x0,
    0x3, 0xfc, 0x0, 0x2, 0x0, 0x0, 0x0, 0x3,
    0xfc, 0x0, 0x0, 0x0, 0x0, 0x0, 0x2, 0xff,
    0x52, 0x23, 0x46, 0x80, 0x0, 0x0, 0xef, 0xff,
    0xff, 0xff, 0xd0, 0x0, 0x0, 0x18, 0xab, 0xbb,
    0xa9, 0x60,

    /* U+30BF "タ" */
    0x0, 0x0, 0x1, 0x20, 0x0, 0x0, 0x0, 0x0,
    0x0, 0x7, 0xfb, 0x0, 0x0, 0x0, 0x0, 0x0,
    0x1e, 0xf5, 0x0, 0x1, 0x0, 0x0, 0x0, 0xaf,
    0xff, 0xff, 0xff, 0xb1, 0x0, 0x6, 0xff, 0xbb,
    0xbb, 0xdf, 0xe0, 0x0, 0x5f, 0xf4, 0x0, 0x0,
    0xaf, 0x90, 0x6, 0xff, 0x62, 0x10, 0x2, 0xff,
    0x20, 0x9f, 0xf6, 0x2e, 0xf7, 0xa, 0xfa, 0x0,
    0x1a, 0x40, 0x9, 0xff, 0xdf, 0xf2, 0x0, 0x0,
    0x0, 0x0, 0x4e, 0xff, 0xa0, 0x0, 0x0, 0x0,
    0x0, 0x3e, 0xff, 0xfa, 0x0, 0x0, 0x0, 0x6,
    0xff, 0xb8, 0xfb, 0x0, 0x0, 0x4, 0xcf, 0xf9,
    0x0, 0x50, 0x0, 0x1, 0xdf, 0xfe, 0x50, 0x0,
    0x0, 0x0, 0x0, 0x5d, 0x71, 0x0, 0x0, 0x0,
    0x0, 0x0, 0x0, 0x0, 0x0, 0x0, 0x0, 0x0,

    /* U+30C0 "ダ" */
    0x0, 0x0, 0x0, 0x0, 0x0, 0x0, 0x7, 0x80,
    0x0, 0x0, 0x0, 0xba, 0x30, 0x7, 0xd5, 0xf2,
    0x0, 0x0, 0x3, 0xff, 0x20, 0x1, 0xf6, 0x93,
    0x0, 0x0, 0xd, 0xfe, 0xaa, 0xab, 0xf5, 0x0,
    0x0, 0x0, 0x8f, 0xff, 0xff, 0xff, 0xfb, 0x0,
    0x0, 0x6, 0xff, 0x30, 0x0, 0x1f, 0xf5, 0x0,
    0x0, 0x6f, 0xf4, 0x0, 0x0, 0x5f, 0xe0, 0x0,
    0xa, 0xff, 0x53, 0xe8, 0x0, 0xdf, 0x70, 0x0,
    0x9, 0xe4, 0x7, 0xff, 0xd9, 0xfe, 0x0, 0x0,
    0x0, 0x0, 0x0, 0x3d, 0xff, 0xf4, 0x0, 0x0,
    0x0, 0x0, 0x0, 0x4, 0xff, 0xfc, 0x10, 0x0,
    0x0, 0x0, 0x0, 0x6f, 0xfc, 0xff, 0x80, 0x0,
    0x0, 0x0, 0x2b, 0xff, 0x90, 0x3a, 0x0, 0x0,
    0x0, 0x4b, 0xff, 0xf6, 0x0, 0x0, 0x0, 0x0,
    0x0, 0x2e, 0xfa, 0x10, 0x0, 0x0, 0x0, 0x0,
    0x0, 0x1, 0x10, 0x0, 0x0, 0x0, 0x0, 0x0,

    /* U+30C3 "ッ" */
    0x0, 0x0, 0x4, 0x0, 0x0, 0x0, 0x5, 0x40,
    0x9f, 0x60, 0x4, 0xc6, 0x4f, 0xc0, 0x3f, 0xc0,
    0x7, 0xfa, 0xd, 0xf3, 0xd, 0xf2, 0xb, 0xf5,
    0x7, 0xf9, 0x5, 0x50, 0x2f, 0xf0, 0x1, 0x82,
    0x0, 0x0, 0xaf, 0x90, 0x0, 0x0, 0x0, 0x5,
    0xff, 0x10, 0x0, 0x0, 0x0, 0x5f, 0xf5, 0x0,
    0x0, 0x0, 0x19, 0xff, 0x70, 0x0, 0x0, 0x28,
    0xff, 0xf6, 0x0, 0x0, 0x0, 0x1d, 0xfb, 0x20,
    0x0, 0x0, 0x0, 0x1, 0x40, 0x0, 0x0, 0x0,

    /* U+30C6 "テ" */
    0x0, 0x11, 0x0, 0x0, 0x0, 0x1, 0x0, 0x0,
    0xcf, 0xff, 0xff, 0xff, 0xff, 0x10, 0x0, 0x9c,
    0xcc, 0xcc, 0xcc, 0xcc, 0x0, 0x0, 0x0, 0x0,
    0x0, 0x0, 0x0, 0x0, 0x0, 0x0, 0x0, 0x0,
    0x0, 0x0, 0x0, 0xaf, 0xff, 0xff, 0xff, 0xff,
    0xff, 0xfc, 0x9e, 0xee, 0xee, 0xff, 0xfe, 0xee,
    0xeb, 0x0, 0x0, 0x0, 0xbf, 0x60, 0x0, 0x0,
    0x0, 0x0, 0x0, 0xdf, 0x40, 0x0, 0x0, 0x0,
    0x0, 0x2, 0xff, 0x0, 0x0, 0x0, 0x0, 0x0,
    0xa, 0xfa, 0x0, 0x0, 0x0, 0x0, 0x0, 0x8f,
    0xf2, 0x0, 0x0, 0x0, 0x0, 0x2c, 0xff, 0x50,
    0x0, 0x0, 0x0, 0x0, 0x8, 0xe4, 0x0, 0x0,
    0x0, 0x0, 0x0, 0x0, 0x0, 0x0, 0x0, 0x0,
    0x0,

    /* U+30C7 "デ" */
    0x0, 0x0, 0x0, 0x0, 0x0, 0x0, 0x49, 0x0,
    0x0, 0x0, 0x0, 0x0, 0x4, 0xe4, 0xf5, 0x0,
    0xed, 0xdd, 0xdd, 0xde, 0xae, 0x98, 0x60, 0xe,
    0xff, 0xff, 0xff, 0xfa, 0x44, 0x0, 0x0, 0x0,
    0x0, 0x0, 0x0, 0x0, 0x0, 0x0, 0x0, 0x0,
    0x0, 0x0, 0x0, 0x0, 0x0, 0xbd, 0xdd, 0xdd,
    0xdd, 0xdd, 0xdd, 0xd8, 0xd, 0xff, 0xff, 0xff,
    0xff, 0xff, 0xff, 0x90, 0x0, 0x0, 0x0, 0xef,
    0x30, 0x0, 0x0, 0x0, 0x0, 0x0, 0xf, 0xf1,
    0x0, 0x0, 0x0, 0x0, 0x0, 0x4, 0xfd, 0x0,
    0x0, 0x0, 0x0, 0x0, 0x0, 0xcf, 0x80, 0x0,
    0x0, 0x0, 0x0, 0x0, 0x9f, 0xe1, 0x0, 0x0,
    0x0, 0x0, 0x3, 0xcf, 0xf4, 0x0, 0x0, 0x0,
    0x0, 0x0, 0x2c, 0xe3, 0x0, 0x0, 0x0, 0x0,
    0x0, 0x0, 0x0, 0x0, 0x0, 0x0, 0x0, 0x0,

    /* U+30C8 "ト" */
    0x3f, 0xf1, 0x0, 0x0, 0x0, 0x1f, 0xf0, 0x0,
    0x0, 0x0, 0x1f, 0xf0, 0x0, 0x0, 0x0, 0x1f,
    0xf0, 0x0, 0x0, 0x0, 0x1f, 0xf8, 0x30, 0x0,
    0x0, 0x1f, 0xff, 0xfe, 0x82, 0x0, 0x1f, 0xfa,
    0xff, 0xff, 0xb3, 0x1f, 0xf0, 0x16, 0xdf, 0xf6,
    0x1f, 0xf0, 0x0, 0x4, 0xa0, 0x1f, 0xf0, 0x0,
    0x0, 0x0, 0x1f, 0xf0, 0x0, 0x0, 0x0, 0x1f,
    0xf0, 0x0, 0x0, 0x0, 0x2f, 0xf0, 0x0, 0x0,
    0x0, 0x14, 0x40, 0x0, 0x0, 0x0,

    /* U+30C9 "ド" */
    0x35, 0x40, 0x0, 0x0, 0x71, 0x7, 0xfb, 0x0,
    0x2a, 0x2d, 0xb0, 0x6f, 0xa0, 0x0, 0xea, 0x4f,
    0x36, 0xfa, 0x0, 0x5, 0xe1, 0x20, 0x6f, 0xa0,
    0x0, 0x0, 0x0, 0x6, 0xff, 0xd7, 0x10, 0x0,
    0x0, 0x6f, 0xff, 0xff, 0xc5, 0x0, 0x6, 0xfb,
    0x6c, 0xff, 0xfe, 0x20, 0x6f, 0xa0, 0x3, 0x9f,
    0xe0, 0x6, 0xfa, 0x0, 0x0, 0x14, 0x0, 0x6f,
    0xa0, 0x0, 0x0, 0x0, 0x6, 0xfa, 0x0, 0x0,
    0x0, 0x0, 0x7f, 0xa0, 0x0, 0x0, 0x0, 0x7,
    0xfb, 0x0, 0x0, 0x0, 0x0,

    /* U+30CD "ネ" */
    0x0, 0x0, 0x0, 0xe, 0xf2, 0x0, 0x0, 0x0,
    0x0, 0x0, 0x0, 0xe, 0xf1, 0x0, 0x0, 0x0,
    0x0, 0xbe, 0xee, 0xef, 0xfe, 0xee, 0xd1, 0x0,
    0x0, 0xbf, 0xff, 0xff, 0xff, 0xff, 0xf4, 0x0,
    0x0, 0x0, 0x0, 0x0, 0x4, 0xff, 0x60, 0x0,
    0x0, 0x0, 0x0, 0x0, 0x5f, 0xf7, 0x0, 0x0,
    0x0, 0x0, 0x0, 0x1a, 0xff, 0x60, 0x0, 0x0,
    0x0, 0x0, 0x18, 0xff, 0xf4, 0x1c, 0x50, 0x0,
    0x1, 0x5a, 0xff, 0xff, 0xf0, 0x8f, 0xfb, 0x20,
    0xc, 0xff, 0xf9, 0x2e, 0xf0, 0x5, 0xef, 0xe0,
    0x2, 0xb6, 0x10, 0xe, 0xf0, 0x0, 0x1a, 0x50,
    0x0, 0x0, 0x0, 0xe, 0xf0, 0x0, 0x0, 0x0,
    0x0, 0x0, 0x0, 0xf, 0xf1, 0x0, 0x0, 0x0,
    0x0, 0x0, 0x0, 0xb, 0xb1, 0x0, 0x0, 0x0,

    /* U+30CE "ノ" */
    0x0, 0x0, 0x0, 0x0, 0x0, 0x20, 0x0, 0x0,
    0x0, 0x0, 0x0, 0x4f, 0xe1, 0x0, 0x0, 0x0,
    0x0, 0x8, 0xfc, 0x0, 0x0, 0x0, 0x0, 0x0,
    0xdf, 0x60, 0x0, 0x0, 0x0, 0x0, 0x4f, 0xf1,
    0x0, 0x0, 0x0, 0x0, 0xc, 0xf9, 0x0, 0x0,
    0x0, 0x0, 0x5, 0xff, 0x20, 0x0, 0x0, 0x0,
    0x2, 0xef, 0x80, 0x0, 0x0, 0x0, 0x1, 0xdf,
    0xd0, 0x0, 0x0, 0x0, 0x3, 0xef, 0xe2, 0x0,
    0x0, 0x0, 0x7, 0xff, 0xe3, 0x0, 0x0, 0x0,
    0x7e, 0xff, 0xd2, 0x0, 0x0, 0x0, 0x7, 0xff,
    0x80, 0x0, 0x0, 0x0, 0x0, 0x5, 0x20, 0x0,
    0x0, 0x0, 0x0,

    /* U+30D0 "バ" */
    0x0, 0x0, 0x0, 0x0, 0x0, 0x0, 0x1, 0x20,
    0x0, 0x0, 0x0, 0x0, 0x0, 0x4, 0x79, 0xe0,
    0x0, 0x0, 0x0, 0x0, 0x0, 0x15, 0xf4, 0xe6,
    0x0, 0x0, 0x6d, 0x80, 0x1d, 0xf1, 0xb6, 0x10,
    0x0, 0x0, 0x8f, 0x90, 0xc, 0xf8, 0x0, 0x0,
    0x0, 0x0, 0xcf, 0x60, 0x4, 0xff, 0x0, 0x0,
    0x0, 0x0, 0xff, 0x20, 0x0, 0xdf, 0x70, 0x0,
    0x0, 0x5, 0xfd, 0x0, 0x0, 0x6f, 0xd0, 0x0,
    0x0, 0xa, 0xf9, 0x0, 0x0, 0x1f, 0xf4, 0x0,
    0x0, 0x1f, 0xf3, 0x0, 0x0, 0xa, 0xfa, 0x0,
    0x0, 0x8f, 0xd0, 0x0, 0x0, 0x5, 0xff, 0x0,
    0x1, 0xff, 0x60, 0x0, 0x0, 0x1, 0xff, 0x40,
    0xa, 0xfd, 0x0, 0x0, 0x0, 0x0, 0xcf, 0x90,
    0x1d, 0xf5, 0x0, 0x0, 0x0, 0x0, 0x7f, 0xa0,
    0x0, 0x30, 0x0, 0x0, 0x0, 0x0, 0x11, 0x0,

    /* U+30D1 "パ" */
    0x0, 0x0, 0x0, 0x0, 0x0, 0x0, 0x6f, 0xc1,
    0x0, 0x0, 0x0, 0x0, 0x0, 0x1, 0xe1, 0x79,
    0x0, 0x0, 0x12, 0x0, 0x1, 0x61, 0xd0, 0x5a,
    0x0, 0x0, 0x7f, 0xb0, 0x1f, 0xf4, 0xad, 0xe3,
    0x0, 0x0, 0xaf, 0x80, 0xa, 0xfb, 0x2, 0x10,
    0x0, 0x0, 0xdf, 0x50, 0x3, 0xff, 0x30, 0x0,
    0x0, 0x1, 0xff, 0x10, 0x0, 0xcf, 0xa0, 0x0,
    0x0, 0x6, 0xfc, 0x0, 0x0, 0x5f, 0xf1, 0x0,
    0x0, 0xc, 0xf7, 0x0, 0x0, 0xe, 0xf7, 0x0,
    0x0, 0x2f, 0xf2, 0x0, 0x0, 0x9, 0xfc, 0x0,
    0x0, 0xaf, 0xc0, 0x0, 0x0, 0x4, 0xff, 0x20,
    0x3, 0xff, 0x40, 0x0, 0x0, 0x0, 0xff, 0x70,
    0xc, 0xfc, 0x0, 0x0, 0x0, 0x0, 0xbf, 0xc0,
    0x19, 0xf3, 0x0, 0x0, 0x0, 0x0, 0x6d, 0x80,
    0x0, 0x0, 0x0, 0x0, 0x0, 0x0, 0x0, 0x0,

    /* U+30D5 "フ" */
    0xbb, 0xbb, 0xbb, 0xbb, 0xbb, 0xb4, 0xe, 0xff,
    0xff, 0xff, 0xff, 0xff, 0xf0, 0x44, 0x44, 0x44,
    0x44, 0x4a, 0xfc, 0x0, 0x0, 0x0, 0x0, 0x0,
    0xcf, 0x80, 0x0, 0x0, 0x0, 0x0, 0x1f, 0xf2,
    0x0, 0x0, 0x0, 0x0, 0x8, 0xfd, 0x0, 0x0,
    0x0, 0x0, 0x2, 0xff, 0x50, 0x0, 0x0, 0x0,
    0x1, 0xdf, 0xc0, 0x0, 0x0, 0x0, 0x2, 0xdf,
    0xe1, 0x0, 0x0, 0x0, 0x18, 0xff, 0xe2, 0x0,
    0x0, 0x3, 0xbf, 0xff, 0xb1, 0x0, 0x0, 0x0,
    0xc, 0xfd, 0x50, 0x0, 0x0, 0x0, 0x0, 0x14,
    0x0, 0x0, 0x0, 0x0, 0x0,

    /* U+30D7 "プ" */
    0x0, 0x0, 0x0, 0x0, 0x0, 0x5, 0xed, 0x10,
    0x0, 0x0, 0x0, 0x0, 0x0, 0xe1, 0x79, 0x2,
    0x11, 0x11, 0x11, 0x11, 0x2e, 0x4, 0xb4, 0xff,
    0xff, 0xff, 0xff, 0xff, 0xfb, 0xd5, 0x3e, 0xdd,
    0xdd, 0xdd, 0xdd, 0xff, 0xb3, 0x0, 0x0, 0x0,
    0x0, 0x0, 0xf, 0xf4, 0x0, 0x0, 0x0, 0x0,
    0x0, 0x4, 0xff, 0x0, 0x0, 0x0, 0x0, 0x0,
    0x0, 0x9f, 0xa0, 0x0, 0x0, 0x0, 0x0, 0x0,
    0x2f, 0xf3, 0x0, 0x0, 0x0, 0x0, 0x0, 0xc,
    0xfc, 0x0, 0x0, 0x0, 0x0, 0x0, 0xb, 0xff,
    0x20, 0x0, 0x0, 0x0, 0x0, 0x2c, 0xff, 0x50,
    0x0, 0x0, 0x0, 0x3, 0x9f, 0xff, 0x50, 0x0,
    0x0, 0x0, 0xa, 0xff, 0xfc, 0x20, 0x0, 0x0,
    0x0, 0x0, 0x1d, 0xb5, 0x0, 0x0, 0x0, 0x0,
    0x0, 0x0, 0x0, 0x0, 0x0, 0x0, 0x0, 0x0,

    /* U+30DA "ペ" */
    0x0, 0x0, 0x0, 0x0, 0x0, 0x6, 0xdb, 0x10,
    0x0, 0x0, 0x0, 0x42, 0x0, 0x2e, 0x48, 0xb0,
    0x0, 0x0, 0xb, 0xff, 0x60, 0x3d, 0x5, 0xc0,
    0x0, 0x0, 0x9f, 0xff, 0xf6, 0xa, 0xef, 0x40,
    0x0, 0x6, 0xff, 0x37, 0xff, 0x60, 0x10, 0x0,
    0x0, 0x4f, 0xf5, 0x0, 0x8f, 0xf5, 0x0, 0x0,
    0x4, 0xff, 0xa0, 0x0, 0x9, 0xff, 0x40, 0x0,
    0xd, 0xfd, 0x0, 0x0, 0x0, 0xbf, 0xf3, 0x0,
    0x2, 0xe2, 0x0, 0x0, 0x0, 0xc, 0xff, 0x30,
    0x0, 0x0, 0x0, 0x0, 0x0, 0x1, 0xef, 0xe2,
    0x0, 0x0, 0x0, 0x0, 0x0, 0x0, 0x3f, 0xd1,
    0x0, 0x0, 0x0, 0x0, 0x0, 0x0, 0x5, 0x20,

    /* U+30DE "マ" */
    0x10, 0x0, 0x0, 0x0, 0x0, 0x0, 0x10, 0x8,
    0xff, 0xff, 0xff, 0xff, 0xff, 0xff, 0x80, 0x8e,
    0xdd, 0xdd, 0xdd, 0xdd, 0xef, 0xfc, 0x0, 0x0,
    0x0, 0x0, 0x0, 0x8, 0xff, 0x20, 0x0, 0x0,
    0x0, 0x0, 0x4, 0xff, 0x60, 0x0, 0x0, 0x53,
    0x0, 0x2, 0xff, 0xa0, 0x0, 0x0, 0x5f, 0xf6,
    0x2, 0xef, 0xb0, 0x0, 0x0, 0x0, 0x8f, 0xfa,
    0xef, 0xc0, 0x0, 0x0, 0x0, 0x0, 0x6f, 0xff,
    0xb0, 0x0, 0x0, 0x0, 0x0, 0x0, 0x5f, 0xfa,
    0x0, 0x0, 0x0, 0x0, 0x0, 0x0, 0x6f, 0xf9,
    0x0, 0x0, 0x0, 0x0, 0x0, 0x0, 0x7f, 0xf6,
    0x0, 0x0, 0x0, 0x0, 0x0, 0x0, 0x9a, 0x0,
    0x0, 0x0, 0x0, 0x0, 0x0, 0x0, 0x0, 0x0,
    0x0,

    /* U+30E2 "モ" */
    0x3, 0xdc, 0xcc, 0xcc, 0xcc, 0xcd, 0x50, 0x4,
    0xff, 0xff, 0xff, 0xff, 0xff, 0x60, 0x0, 0x0,
    0xe, 0xf2, 0x0, 0x0, 0x0, 0x0, 0x0, 0xe,
    0xf2, 0x0, 0x0, 0x0, 0x0, 0x0, 0xe, 0xf2,
    0x0, 0x0, 0x0, 0x5f, 0xff, 0xff, 0xff, 0xff,
    0xff, 0xf9, 0x4d, 0xdd, 0xdf, 0xfd, 0xdd, 0xdd,
    0xd8, 0x0, 0x0, 0xe, 0xf2, 0x0, 0x0, 0x0,
    0x0, 0x0, 0xe, 0xf2, 0x0, 0x0, 0x0, 0x0,
    0x0, 0xe, 0xf3, 0x0, 0x0, 0x0, 0x0, 0x0,
    0xd, 0xfe, 0xba, 0xbb, 0xd1, 0x0, 0x0, 0x4,
    0xff, 0xff, 0xff, 0xf0, 0x0, 0x0, 0x0, 0x3,
    0x44, 0x43, 0x30,

    /* U+30E3 "ャ" */
    0x0, 0x0, 0x0, 0x0, 0x0, 0x0, 0x0, 0x5,
    0xe8, 0x0, 0x0, 0x0, 0x0, 0x0, 0x3f, 0xb0,
    0x0, 0x2, 0x62, 0x0, 0x0, 0xef, 0x69, 0xcf,
    0xff, 0xd0, 0x6a, 0xdf, 0xff, 0xfe, 0xae, 0xf6,
    0x9, 0xfe, 0xdf, 0xb1, 0x4, 0xfb, 0x0, 0x12,
    0x2, 0xfd, 0x2, 0xfe, 0x10, 0x0, 0x0, 0xd,
    0xf1, 0xaf, 0x40, 0x0, 0x0, 0x0, 0x9f, 0x60,
    0x10, 0x0, 0x0, 0x0, 0x5, 0xfb, 0x0, 0x0,
    0x0, 0x0, 0x0, 0x1f, 0xf0, 0x0, 0x0, 0x0,
    0x0, 0x0, 0xcf, 0x40, 0x0, 0x0, 0x0, 0x0,
    0x5, 0x51, 0x0, 0x0, 0x0,

    /* U+30E9 "ラ" */
    0x0, 0x0, 0x0, 0x0, 0x0, 0x10, 0x0, 0x7f,
    0xff, 0xff, 0xff, 0xff, 0x10, 0x5, 0xdd, 0xdd,
    0xdd, 0xdd, 0xd1, 0x0, 0x0, 0x0, 0x0, 0x0,
    0x0, 0x0, 0x21, 0x11, 0x11, 0x11, 0x11, 0x21,
    0xe, 0xff, 0xff, 0xff, 0xff, 0xff, 0xe2, 0xab,
    0xbb, 0xbb, 0xbb, 0xbc, 0xff, 0x0, 0x0, 0x0,
    0x0, 0x0, 0x9f, 0xa0, 0x0, 0x0, 0x0, 0x0,
    0x2f, 0xf3, 0x0, 0x0, 0x0, 0x0, 0x1c, 0xfa,
    0x0, 0x0, 0x0, 0x0, 0x3d, 0xfd, 0x0, 0x0,
    0x0, 0x3, 0xaf, 0xfc, 0x10, 0x0, 0x0, 0x2d,
    0xff, 0xf8, 0x0, 0x0, 0x0, 0x0, 0x8e, 0x92,
    0x0, 0x0, 0x0, 0x0, 0x0, 0x0, 0x0, 0x0,
    0x0, 0x0,

    /* U+30EB "ル" */
    0x0, 0x0, 0x22, 0x0, 0x33, 0x0, 0x0, 0x0,
    0x0, 0x2, 0xfe, 0x0, 0xff, 0x20, 0x0, 0x0,
    0x0, 0x1, 0xfe, 0x0, 0xef, 0x10, 0x0, 0x0,
    0x0, 0x1, 0xfd, 0x0, 0xef, 0x10, 0x0, 0x0,
    0x0, 0x2, 0xfd, 0x0, 0xef, 0x10, 0x0, 0x0,
    0x0, 0x2, 0xfc, 0x0, 0xef, 0x10, 0x0, 0x0,
    0x0, 0x3, 0xfc, 0x0, 0xef, 0x10, 0x0, 0x0,
    0x0, 0x5, 0xfa, 0x0, 0xef, 0x10, 0x2, 0x50,
    0x0, 0x9, 0xf8, 0x0, 0xef, 0x10, 0x1d, 0xf1,
    0x0, 0xe, 0xf4, 0x0, 0xef, 0x13, 0xdf, 0xb0,
    0x0, 0x7f, 0xd0, 0x0, 0xef, 0xaf, 0xfb, 0x0,
    0x4, 0xff, 0x50, 0x0, 0xef, 0xff, 0x90, 0x0,
    0x1e, 0xfa, 0x0, 0x0, 0xef, 0xd4, 0x0, 0x0,
    0x1, 0x70, 0x0, 0x0, 0x27, 0x0, 0x0, 0x0,

    /* U+30EC "レ" */
    0x2, 0x20, 0x0, 0x0, 0x0, 0x0, 0x0, 0xef,
    0x40, 0x0, 0x0, 0x0, 0x0, 0xd, 0xf3, 0x0,
    0x0, 0x0, 0x0, 0x0, 0xdf, 0x30, 0x0, 0x0,
    0x0, 0x0, 0xd, 0xf3, 0x0, 0x0, 0x0, 0x0,
    0x0, 0xdf, 0x30, 0x0, 0x0, 0x0, 0x0, 0xd,
    0xf3, 0x0, 0x0, 0x0, 0x3e, 0x10, 0xdf, 0x30,
    0x0, 0x0, 0x4f, 0xf6, 0xd, 0xf3, 0x0, 0x0,
    0x8f, 0xf9, 0x0, 0xdf, 0x30, 0x5, 0xdf, 0xf7,
    0x0, 0xd, 0xf4, 0x6c, 0xff, 0xd4, 0x0, 0x0,
    0xdf, 0xff, 0xfe, 0x70, 0x0, 0x0, 0xc, 0xff,
    0xc6, 0x0, 0x0, 0x0, 0x0, 0x7, 0x20, 0x0,
    0x0, 0x0, 0x0,

    /* U+30ED "ロ" */
    0x10, 0x0, 0x0, 0x0, 0x0, 0x0, 0xe, 0xff,
    0xff, 0xff, 0xff, 0xff, 0xf1, 0xef, 0xee, 0xee,
    0xee, 0xee, 0xff, 0xe, 0xf1, 0x0, 0x0, 0x0,
    0xf, 0xf0, 0xef, 0x10, 0x0, 0x0, 0x0, 0xff,
    0xe, 0xf1, 0x0, 0x0, 0x0, 0xf, 0xf0, 0xef,
    0x10, 0x0, 0x0, 0x0, 0xff, 0xe, 0xf1, 0x0,
    0x0, 0x0, 0xf, 0xf0, 0xef, 0x10, 0x0, 0x0,
    0x0, 0xff, 0xe, 0xfc, 0xcc, 0xcc, 0xcc, 0xcf,
    0xf0, 0xef, 0xff, 0xff, 0xff, 0xff, 0xff, 0xf,
    0xf4, 0x22, 0x22, 0x22, 0x2f, 0xf1, 0x0, 0x0,
    0x0, 0x0, 0x0, 0x0, 0x0,

    /* U+30EF "ワ" */
    0x1c, 0xcc, 0xcc, 0xcc, 0xcc, 0xcc, 0x70, 0x1f,
    0xff, 0xff, 0xff, 0xff, 0xff, 0xf4, 0x1f, 0xf2,
    0x22, 0x22, 0x22, 0x5f, 0xf0, 0x1f, 0xf0, 0x0,
    0x0, 0x0, 0x6f, 0xd0, 0x1f, 0xf0, 0x0, 0x0,
    0x0, 0x9f, 0xa0, 0x2f, 0xf0, 0x0, 0x0, 0x0,
    0xef, 0x50, 0x2, 0x20, 0x0, 0x0, 0x5, 0xff,
    0x0, 0x0, 0x0, 0x0, 0x0, 0x1e, 0xf8, 0x0,
    0x0, 0x0, 0x0, 0x1, 0xdf, 0xd0, 0x0, 0x0,
    0x0, 0x0, 0x5e, 0xfe, 0x20, 0x0, 0x0, 0x1,
    0x7d, 0xff, 0xd2, 0x0, 0x0, 0x0, 0x1, 0xdf,
    0xf8, 0x0, 0x0, 0x0, 0x0, 0x0, 0x17, 0x10,
    0x0, 0x0, 0x0,

    /* U+30F3 "ン" */
    0x0, 0x0, 0x0, 0x0, 0x0, 0x0, 0x0, 0x0,
    0xb, 0x90, 0x0, 0x0, 0x0, 0x0, 0x0, 0x4,
    0xff, 0xc1, 0x0, 0x0, 0x0, 0x0, 0x0, 0x4,
    0xef, 0xe3, 0x0, 0x0, 0x3, 0x0, 0x0, 0x2,
    0xdf, 0xa0, 0x0, 0x0, 0xd8, 0x0, 0x0, 0x1,
    0x90, 0x0, 0x0, 0x8f, 0xd0, 0x0, 0x0, 0x0,
    0x0, 0x0, 0x6f, 0xf5, 0x0, 0x0, 0x0, 0x0,
    0x0, 0x6f, 0xf8, 0x0, 0x0, 0x0, 0x0, 0x0,
    0x8f, 0xfa, 0x0, 0x0, 0x0, 0x0, 0x3, 0xdf,
    0xf9, 0x0, 0x0, 0x0, 0x0, 0x5c, 0xff, 0xf6,
    0x0, 0x0, 0x0, 0x8b, 0xff, 0xff, 0xa1, 0x0,
    0x0, 0x0, 0x7, 0xff, 0xf9, 0x20, 0x0, 0x0,
    0x0, 0x0, 0x7, 0x40, 0x0, 0x0, 0x0, 0x0,
    0x0,

    /* U+30FC "ー" */
    0x34, 0x44, 0x44, 0x44, 0x44, 0x44, 0x41, 0xbf,
    0xff, 0xff, 0xff, 0xff, 0xff, 0xf4, 0xbf, 0xff,
    0xff, 0xff, 0xff, 0xff, 0xf4, 0x0, 0x0, 0x0,
    0x0, 0x0, 0x0, 0x0,

    /* U+4E00 "一" */
    0x0, 0x0, 0x0, 0x0, 0x0, 0x0, 0x0, 0x0,
    0x2f, 0xff, 0xff, 0xff, 0xff, 0xff, 0xff, 0xfa,
    0x2f, 0xff, 0xff, 0xff, 0xff, 0xff, 0xff, 0xf9,

    /* U+4E09 "三" */
    0x0, 0x0, 0x0, 0x0, 0x0, 0x0, 0x0, 0x1f,
    0xff, 0xff, 0xff, 0xff, 0xff, 0xf1, 0x1d, 0xdd,
    0xdd, 0xdd, 0xdd, 0xdd, 0xd1, 0x0, 0x0, 0x0,
    0x0, 0x0, 0x0, 0x0, 0x0, 0x0, 0x0, 0x0,
    0x0, 0x0, 0x0, 0x0, 0x0, 0x0, 0x0, 0x0,
    0x0, 0x0, 0x0, 0xde, 0xee, 0xee, 0xee, 0xeb,
    0x0, 0x0, 0xff, 0xff, 0xff, 0xff, 0xfc, 0x0,
    0x0, 0x0, 0x0, 0x0, 0x0, 0x0, 0x0, 0x0,
    0x0, 0x0, 0x0, 0x0, 0x0, 0x0, 0x0, 0x0,
    0x0, 0x0, 0x0, 0x0, 0x0, 0xaa, 0xaa, 0xaa,
    0xaa, 0xaa, 0xaa, 0xa9, 0xff, 0xff, 0xff, 0xff,
    0xff, 0xff, 0xff, 0x33, 0x33, 0x33, 0x33, 0x33,
    0x33, 0x33,

    /* U+4E0A "上" */
    0x0, 0x0, 0x0, 0x4f, 0xb0, 0x0, 0x0, 0x0,
    0x0, 0x0, 0x0, 0x4f, 0xb0, 0x0, 0x0, 0x0,
    0x0, 0x0, 0x0, 0x4f, 0xb0, 0x0, 0x0, 0x0,
    0x0, 0x0, 0x0, 0x4f, 0xb0, 0x0, 0x0, 0x0,
    0x0, 0x0, 0x0, 0x4f, 0xb0, 0x0, 0x0, 0x0,
    0x0, 0x0, 0x0, 0x4f, 0xfc, 0xcc, 0xcc, 0x50,
    0x0, 0x0, 0x0, 0x4f, 0xff, 0xff, 0xff, 0x60,
    0x0, 0x0, 0x0, 0x4f, 0xb0, 0x0, 0x0, 0x0,
    0x0, 0x0, 0x0, 0x4f, 0xb0, 0x0, 0x0, 0x0,
    0x0, 0x0, 0x0, 0x4f, 0xb0, 0x0, 0x0, 0x0,
    0x0, 0x0, 0x0, 0x4f, 0xb0, 0x0, 0x0, 0x0,
    0x0, 0x0, 0x0, 0x4f, 0xb0, 0x0, 0x0, 0x0,
    0x1, 0x11, 0x11, 0x5f, 0xb1, 0x11, 0x11, 0x10,
    0x1f, 0xff, 0xff, 0xff, 0xff, 0xff, 0xff, 0xf8,
    0xc, 0xcc, 0xcc, 0xcc, 0xcc, 0xcc, 0xcc, 0xc6,

    /* U+4E0B "下" */
    0x66, 0x66, 0x66, 0x66, 0x66, 0x66, 0x66, 0x2f,
    0xff, 0xff, 0xff, 0xff, 0xff, 0xff, 0xf6, 0x67,
    0x77, 0x78, 0xfe, 0x77, 0x77, 0x77, 0x20, 0x0,
    0x0, 0x1f, 0xd0, 0x0, 0x0, 0x0, 0x0, 0x0,
    0x1, 0xfe, 0x30, 0x0, 0x0, 0x0, 0x0, 0x0,
    0x1f, 0xff, 0xc3, 0x0, 0x0, 0x0, 0x0, 0x1,
    0xfe, 0xdf, 0xfa, 0x10, 0x0, 0x0, 0x0, 0x1f,
    0xd0, 0x6f, 0xff, 0x50, 0x0, 0x0, 0x1, 0xfd,
    0x0, 0x1b, 0xe2, 0x0, 0x0, 0x0, 0x1f, 0xd0,
    0x0, 0x2, 0x0, 0x0, 0x0, 0x1, 0xfd, 0x0,
    0x0, 0x0, 0x0, 0x0, 0x0, 0x1f, 0xd0, 0x0,
    0x0, 0x0, 0x0, 0x0, 0x1, 0xfd, 0x0, 0x0,
    0x0, 0x0, 0x0, 0x0, 0x1f, 0xd0, 0x0, 0x0,
    0x0,

    /* U+4E0D "不" */
    0xa, 0xbb, 0xbb, 0xbb, 0xbb, 0xbb, 0xbb, 0xb0,
    0xf, 0xff, 0xff, 0xff, 0xff, 0xff, 0xff, 0xf0,
    0x2, 0x22, 0x22, 0x2c, 0xfc, 0x22, 0x22, 0x20,
    0x0, 0x0, 0x0, 0x6f, 0xf2, 0x0, 0x0, 0x0,
    0x0, 0x0, 0x3, 0xff, 0xf2, 0x60, 0x0, 0x0,
    0x0, 0x0, 0x3f, 0xff, 0xfd, 0xfb, 0x10, 0x0,
    0x0, 0x5, 0xff, 0x9f, 0xf2, 0xcf, 0xe3, 0x0,
    0x1, 0x9f, 0xf9, 0xf, 0xf0, 0xa, 0xff, 0x60,
    0x2e, 0xff, 0x60, 0xf, 0xf0, 0x0, 0x8f, 0xf4,
    0x9, 0xb2, 0x0, 0xf, 0xf0, 0x0, 0x7, 0x90,
    0x0, 0x0, 0x0, 0xf, 0xf0, 0x0, 0x0, 0x0,
    0x0, 0x0, 0x0, 0xf, 0xf0, 0x0, 0x0, 0x0,
    0x0, 0x0, 0x0, 0xf, 0xf0, 0x0, 0x0, 0x0,
    0x0, 0x0, 0x0, 0xf, 0xf0, 0x0, 0x0, 0x0,

    /* U+4E0E "与" */
    0x0, 0x0, 0x44, 0x0, 0x0, 0x0, 0x0, 0x0,
    0x0, 0xe, 0xf0, 0x0, 0x0, 0x0, 0x0, 0x0,
    0x1, 0xff, 0xaa, 0xaa, 0xaa, 0xaa, 0x50, 0x0,
    0x4f, 0xff, 0xff, 0xff, 0xff, 0xf7, 0x0, 0x7,
    0xf7, 0x0, 0x0, 0x0, 0x0, 0x0, 0x0, 0xaf,
    0x40, 0x0, 0x0, 0x0, 0x0, 0x0, 0xe, 0xfa,
    0xaa, 0xaa, 0xaa, 0xaa, 0x80, 0x2, 0xff, 0xff,
    0xff, 0xff, 0xff, 0xfc, 0x0, 0x0, 0x10, 0x0,
    0x0, 0x0, 0x3f, 0xa0, 0x0, 0x0, 0x0, 0x0,
    0x0, 0x4, 0xf8, 0x1f, 0xff, 0xff, 0xff, 0xff,
    0xe0, 0x7f, 0x60, 0xbb, 0xbb, 0xbb, 0xbb, 0xba,
    0xa, 0xf3, 0x0, 0x0, 0x0, 0x0, 0x0, 0x1,
    0xff, 0x0, 0x0, 0x0, 0x0, 0x2c, 0xcc, 0xef,
    0xa0, 0x0, 0x0, 0x0, 0x0, 0xcf, 0xfe, 0xa1,
    0x0, 0x0, 0x0, 0x0, 0x0, 0x0, 0x0, 0x0,

    /* U+4E13 "专" */
    0x0, 0x0, 0x0, 0x68, 0x10, 0x0, 0x0, 0x0,
    0x0, 0x0, 0x0, 0xef, 0x10, 0x0, 0x0, 0x0,
    0x0, 0xdf, 0xff, 0xff, 0xff, 0xff, 0xfe, 0x0,
    0x0, 0x9b, 0xbd, 0xfd, 0xbb, 0xbb, 0xba, 0x0,
    0x0, 0x0, 0xa, 0xf3, 0x0, 0x0, 0x0, 0x0,
    0x2f, 0xff, 0xff, 0xff, 0xff, 0xff, 0xff, 0xf0,
    0x2c, 0xcc, 0xdf, 0xec, 0xcc, 0xcc, 0xcc, 0xc0,
    0x0, 0x0, 0x8f, 0x50, 0x0, 0x0, 0x0, 0x0,
    0x0, 0x0, 0xdf, 0xcc, 0xcc, 0xcc, 0xc7, 0x0,
    0x0, 0x2, 0xff, 0xff, 0xff, 0xff, 0xfb, 0x0,
    0x0, 0x0, 0x0, 0x0, 0x0, 0xbf, 0xc0, 0x0,
    0x0, 0x0, 0x4a, 0x61, 0xb, 0xfb, 0x0, 0x0,
    0x0, 0x0, 0xaf, 0xff, 0xef, 0xc0, 0x0, 0x0,
    0x0, 0x0, 0x0, 0x5b, 0xff, 0xfa, 0x20, 0x0,
    0x0, 0x0, 0x0, 0x0, 0x18, 0xef, 0x40, 0x0,
    0x0, 0x0, 0x0, 0x0, 0x0, 0x4, 0x0, 0x0,

    /* U+4E2A "个" */
    0x0, 0x0, 0x0, 0x5, 0xb3, 0x0, 0x0, 0x0,
    0x0, 0x0, 0x0, 0x2e, 0xf5, 0x0, 0x0, 0x0,
    0x0, 0x0, 0x2, 0xef, 0xfe, 0x30, 0x0, 0x0,
    0x0, 0x0, 0x4f, 0xf9, 0x6f, 0xf6, 0x0, 0x0,
    0x0, 0x1a, 0xff, 0x80, 0x6, 0xff, 0xb2, 0x0,
    0x18, 0xff, 0xf6, 0xd, 0xc0, 0x3e, 0xff, 0x92,
    0x2e, 0xfb, 0x20, 0xf, 0xe0, 0x1, 0xaf, 0xf3,
    0x4, 0x40, 0x0, 0xf, 0xe0, 0x0, 0x3, 0x50,
    0x0, 0x0, 0x0, 0xf, 0xe0, 0x0, 0x0, 0x0,
    0x0, 0x0, 0x0, 0xf, 0xe0, 0x0, 0x0, 0x0,
    0x0, 0x0, 0x0, 0xf, 0xe0, 0x0, 0x0, 0x0,
    0x0, 0x0, 0x0, 0xf, 0xe0, 0x0, 0x0, 0x0,
    0x0, 0x0, 0x0, 0xf, 0xe0, 0x0, 0x0, 0x0,
    0x0, 0x0, 0x0, 0xf, 0xe0, 0x0, 0x0, 0x0,
    0x0, 0x0, 0x0, 0xf, 0xe0, 0x0, 0x0, 0x0,

    /* U+4E2D "中" */
    0x0, 0x0, 0x1, 0xfd, 0x0, 0x0, 0x0, 0x0,
    0x0, 0x1, 0xfd, 0x0, 0x0, 0x0, 0x0, 0x0,
    0x1, 0xfd, 0x0, 0x0, 0x0, 0x9c, 0xcc, 0xcc,
    0xff, 0xcc, 0xcc, 0xc7, 0xcf, 0xff, 0xff, 0xff,
    0xff, 0xff, 0xf9, 0xcf, 0x0, 0x1, 0xfd, 0x0,
    0x4, 0xf9, 0xcf, 0x0, 0x1, 0xfd, 0x0, 0x4,
    0xf9, 0xcf, 0x0, 0x1, 0xfd, 0x0, 0x4, 0xf9,
    0xcf, 0xaa, 0xaa, 0xff, 0xaa, 0xac, 0xf9, 0xcf,
    0xff, 0xff, 0xff, 0xff, 0xff, 0xf9, 0xcf, 0x22,
    0x23, 0xfd, 0x22, 0x26, 0xf9, 0x0, 0x0, 0x1,
    0xfd, 0x0, 0x0, 0x0, 0x0, 0x0, 0x1, 0xfd,
    0x0, 0x0, 0x0, 0x0, 0x0, 0x1, 0xfd, 0x0,
    0x0, 0x0, 0x0, 0x0, 0x1, 0xfd, 0x0, 0x0,
    0x0,

    /* U+4E3A "为" */
    0x0, 0x61, 0xc, 0xf1, 0x0, 0x0, 0x0, 0x6,
    0xfa, 0xc, 0xf1, 0x0, 0x0, 0x0, 0x0, 0xdf,
    0x3c, 0xf0, 0x0, 0x0, 0x0, 0x0, 0x59, 0x1d,
    0xf0, 0x0, 0x0, 0x0, 0x7d, 0xdd, 0xdf, 0xfd,
    0xdd, 0xdd, 0xda, 0x9f, 0xff, 0xff, 0xff, 0xff,
    0xff, 0xfc, 0x0, 0x0, 0x3f, 0xb0, 0x0, 0x2,
    0xfb, 0x0, 0x0, 0x7f, 0x71, 0x30, 0x3, 0xfb,
    0x0, 0x0, 0xdf, 0x3d, 0xf2, 0x4, 0xfa, 0x0,
    0x4, 0xfd, 0x4, 0xfd, 0x5, 0xf9, 0x0, 0xd,
    0xf5, 0x0, 0xac, 0x26, 0xf8, 0x0, 0xaf, 0xb0,
    0x0, 0x0, 0x8, 0xf6, 0xa, 0xfe, 0x10, 0x0,
    0x0, 0xc, 0xf4, 0xaf, 0xe2, 0x0, 0x0, 0xdd,
    0xef, 0xf1, 0x1a, 0x10, 0x0, 0x0, 0xaf, 0xfd,
    0x50, 0x0, 0x0, 0x0, 0x0, 0x0, 0x0, 0x0,

    /* U+4E3B "主" */
    0x0, 0x0, 0x0, 0x34, 0x0, 0x0, 0x0, 0x0,
    0x0, 0x0, 0x2, 0xff, 0x90, 0x0, 0x0, 0x0,
    0x0, 0x0, 0x0, 0x2e, 0xfb, 0x0, 0x0, 0x0,
    0x4, 0x88, 0x88, 0x8a, 0xfd, 0x88, 0x88, 0x30,
    0x7, 0xff, 0xff, 0xff, 0xff, 0xff, 0xff, 0x60,
    0x2, 0x44, 0x44, 0x4f, 0xf4, 0x44, 0x44, 0x10,
    0x0, 0x0, 0x0, 0xf, 0xf0, 0x0, 0x0, 0x0,
    0x0, 0x0, 0x0, 0xf, 0xf0, 0x0, 0x0, 0x0,
    0x0, 0x8d, 0xdd, 0xdf, 0xfd, 0xdd, 0xd8, 0x0,
    0x0, 0x9f, 0xff, 0xff, 0xff, 0xff, 0xfa, 0x0,
    0x0, 0x0, 0x0, 0xf, 0xf0, 0x0, 0x0, 0x0,
    0x0, 0x0, 0x0, 0xf, 0xf0, 0x0, 0x0, 0x0,
    0x0, 0x0, 0x0, 0xf, 0xf0, 0x0, 0x0, 0x0,
    0x2f, 0xff, 0xff, 0xff, 0xff, 0xff, 0xff, 0xf3,
    0x2d, 0xdd, 0xdd, 0xdd, 0xdd, 0xdd, 0xdd, 0xd2,

    /* U+4E48 "么" */
    0x0, 0x0, 0x0, 0x23, 0x0, 0x0, 0x0, 0x0,
    0x0, 0x0, 0x0, 0xcf, 0x60, 0x0, 0x0, 0x0,
    0x0, 0x0, 0x8, 0xfc, 0x0, 0x0, 0x0, 0x0,
    0x0, 0x0, 0x5f, 0xf2, 0x0, 0x52, 0x0, 0x0,
    0x0, 0x4, 0xff, 0x40, 0x3, 0xff, 0x30, 0x0,
    0x0, 0x4f, 0xf6, 0x0, 0x1e, 0xf9, 0x0, 0x0,
    0x7, 0xff, 0x60, 0x0, 0xbf, 0xc0, 0x0, 0x0,
    0xb, 0xf5, 0x0, 0x9, 0xfe, 0x10, 0x0, 0x0,
    0x0, 0x30, 0x0, 0x7f, 0xf2, 0x6, 0x0, 0x0,
    0x0, 0x0, 0x6, 0xff, 0x30, 0x9f, 0x90, 0x0,
    0x0, 0x0, 0x6f, 0xf4, 0x0, 0x1e, 0xf4, 0x0,
    0x0, 0x7, 0xff, 0x30, 0x0, 0x5, 0xfd, 0x0,
    0x1, 0xbf, 0xfc, 0xac, 0xde, 0xff, 0xff, 0x80,
    0x2, 0xff, 0xff, 0xff, 0xfe, 0xdb, 0xbf, 0xf1,
    0x0, 0x66, 0x43, 0x21, 0x0, 0x0, 0xb, 0xa1,
    0x0, 0x0, 0x0, 0x0, 0x0, 0x0, 0x0, 0x0,

    /* U+4E5F "也" */
    0x0, 0x0, 0x0, 0xa, 0xf2, 0x0, 0x0, 0x0,
    0x0, 0xb, 0xd0, 0xa, 0xf2, 0x0, 0x0, 0x0,
    0x0, 0xd, 0xf0, 0xa, 0xf2, 0x0, 0x66, 0x0,
    0x0, 0xd, 0xf0, 0xa, 0xf7, 0xaf, 0xff, 0x20,
    0x0, 0xd, 0xf0, 0x5d, 0xff, 0xfd, 0xef, 0x10,
    0x0, 0xd, 0xff, 0xff, 0xf9, 0x30, 0xaf, 0x10,
    0x3b, 0xff, 0xfd, 0x8c, 0xf2, 0x0, 0xbf, 0x0,
    0x6f, 0xef, 0xf0, 0xa, 0xf2, 0x0, 0xcf, 0x0,
    0x13, 0xd, 0xf0, 0xa, 0xf2, 0x0, 0xed, 0x0,
    0x0, 0xd, 0xf0, 0xa, 0xf3, 0xbc, 0xf9, 0x0,
    0x0, 0xd, 0xf0, 0xa, 0xf2, 0xde, 0xa1, 0x0,
    0x0, 0xd, 0xf0, 0x3, 0x50, 0x0, 0x6, 0xe4,
    0x0, 0xc, 0xf0, 0x0, 0x0, 0x0, 0xa, 0xf2,
    0x0, 0x9, 0xfc, 0xaa, 0xaa, 0xaa, 0xbf, 0xd0,
    0x0, 0x1, 0xae, 0xff, 0xff, 0xff, 0xfc, 0x30,

    /* U+4E66 "书" */
    0x0, 0x0, 0x0, 0xcf, 0x10, 0x2, 0x60, 0x0,
    0x0, 0x0, 0x0, 0xcf, 0x10, 0xb, 0xfa, 0x0,
    0x0, 0x0, 0x0, 0xcf, 0x10, 0x1, 0xcf, 0xc1,
    0x2, 0xcc, 0xcc, 0xff, 0xcc, 0xcc, 0xca, 0xd1,
    0x3, 0xff, 0xff, 0xff, 0xff, 0xff, 0xf0, 0x10,
    0x0, 0x0, 0x0, 0xcf, 0x10, 0xd, 0xf0, 0x0,
    0x0, 0x0, 0x0, 0xcf, 0x10, 0xd, 0xf0, 0x0,
    0x5, 0x55, 0x55, 0xdf, 0x65, 0x5e, 0xf6, 0x61,
    0x2f, 0xff, 0xff, 0xff, 0xff, 0xff, 0xff, 0xf4,
    0x6, 0x66, 0x66, 0xef, 0x76, 0x66, 0x6d, 0xf2,
    0x0, 0x0, 0x0, 0xcf, 0x10, 0x0, 0xd, 0xf1,
    0x0, 0x0, 0x0, 0xcf, 0x10, 0x0, 0xf, 0xe0,
    0x0, 0x0, 0x0, 0xcf, 0x13, 0xba, 0xcf, 0xa0,
    0x0, 0x0, 0x0, 0xcf, 0x10, 0xff, 0xfc, 0x20,
    0x0, 0x0, 0x0, 0xcf, 0x10, 0x0, 0x0, 0x0,

    /* U+4E86 "了" */
    0x5a, 0xaa, 0xaa, 0xaa, 0xaa, 0xab, 0x70, 0x8f,
    0xff, 0xff, 0xff, 0xff, 0xff, 0xf4, 0x12, 0x22,
    0x22, 0x22, 0x2b, 0xff, 0x50, 0x0, 0x0, 0x0,
    0x2, 0xcf, 0xe3, 0x0, 0x0, 0x0, 0x0, 0x8f,
    0xfa, 0x10, 0x0, 0x0, 0x0, 0x0, 0xef, 0x50,
    0x0, 0x0, 0x0, 0x0, 0x0, 0xef, 0x0, 0x0,
    0x0, 0x0, 0x0, 0x0, 0xef, 0x0, 0x0, 0x0,
    0x0, 0x0, 0x0, 0xef, 0x0, 0x0, 0x0, 0x0,
    0x0, 0x0, 0xef, 0x0, 0x0, 0x0, 0x0, 0x0,
    0x0, 0xef, 0x0, 0x0, 0x0, 0x0, 0x0, 0x0,
    0xef, 0x0, 0x0, 0x0, 0x0, 0xb, 0xcc, 0xff,
    0x0, 0x0, 0x0, 0x0, 0x9, 0xff, 0xd6, 0x0,
    0x0, 0x0, 0x0, 0x0, 0x0, 0x0, 0x0, 0x0,
    0x0,

    /* U+4E88 "予" */
    0x0, 0x0, 0x0, 0x0, 0x0, 0x0, 0x0, 0x0,
    0x0, 0xef, 0xff, 0xff, 0xff, 0xff, 0xd3, 0x0,
    0x0, 0x9a, 0xaa, 0xaa, 0xaa, 0xff, 0xe3, 0x0,
    0x0, 0x0, 0x6, 0x20, 0xa, 0xfe, 0x20, 0x0,
    0x0, 0x0, 0x4f, 0xfb, 0xdf, 0xc1, 0x0, 0x0,
    0x0, 0x0, 0x5, 0xcf, 0xff, 0x60, 0x0, 0x0,
    0x15, 0x55, 0x55, 0x59, 0xff, 0xf6, 0x57, 0x30,
    0x3f, 0xff, 0xff, 0xff, 0xff, 0xff, 0xff, 0xf3,
    0x15, 0x55, 0x55, 0x5e, 0xf6, 0x55, 0xdf, 0xa0,
    0x0, 0x0, 0x0, 0xd, 0xf1, 0x5, 0xfe, 0x10,
    0x0, 0x0, 0x0, 0xd, 0xf1, 0x6, 0xe4, 0x0,
    0x0, 0x0, 0x0, 0xd, 0xf1, 0x0, 0x0, 0x0,
    0x0, 0x0, 0x0, 0xd, 0xf1, 0x0, 0x0, 0x0,
    0x0, 0x0, 0x7b, 0xbf, 0xf0, 0x0, 0x0, 0x0,
    0x0, 0x0, 0x4f, 0xfe, 0x80, 0x0, 0x0, 0x0,
    0x0, 0x0, 0x0, 0x0, 0x0, 0x0, 0x0, 0x0,

    /* U+4E8B "事" */
    0x0, 0x0, 0x0, 0xc, 0xf1, 0x0, 0x0, 0x0,
    0x9, 0xbb, 0xbb, 0xbf, 0xfc, 0xbb, 0xbb, 0xb3,
    0xc, 0xff, 0xff, 0xff, 0xff, 0xff, 0xff, 0xf4,
    0x0, 0x3, 0x33, 0x3d, 0xf4, 0x33, 0x32, 0x0,
    0x0, 0x2f, 0xff, 0xff, 0xff, 0xff, 0xfc, 0x0,
    0x0, 0x2f, 0xb3, 0x3d, 0xf4, 0x34, 0xfc, 0x0,
    0x0, 0x2f, 0xff, 0xff, 0xff, 0xff, 0xfb, 0x0,
    0x0, 0x24, 0x44, 0x4d, 0xf5, 0x44, 0x44, 0x0,
    0x0, 0x8f, 0xff, 0xff, 0xff, 0xff, 0xff, 0x0,
    0x5, 0x55, 0x55, 0x5d, 0xf6, 0x55, 0xdf, 0x53,
    0x2f, 0xff, 0xff, 0xff, 0xff, 0xff, 0xff, 0xf9,
    0x0, 0x24, 0x44, 0x4d, 0xf5, 0x44, 0xdf, 0x0,
    0x0, 0xbf, 0xff, 0xff, 0xff, 0xff, 0xff, 0x0,
    0x0, 0x1, 0x17, 0x7e, 0xf1, 0x11, 0x9c, 0x0,
    0x0, 0x0, 0xb, 0xff, 0x90, 0x0, 0x0, 0x0,
    0x0, 0x0, 0x0, 0x0, 0x0, 0x0, 0x0, 0x0,

    /* U+4E8E "于" */
    0x1, 0x99, 0x99, 0x99, 0x99, 0x99, 0x99, 0x0,
    0x2, 0xff, 0xff, 0xff, 0xff, 0xff, 0xff, 0x0,
    0x0, 0x33, 0x33, 0x3e, 0xf4, 0x33, 0x33, 0x0,
    0x0, 0x0, 0x0, 0xd, 0xf1, 0x0, 0x0, 0x0,
    0x0, 0x0, 0x0, 0xd, 0xf1, 0x0, 0x0, 0x0,
    0x1, 0x11, 0x11, 0x1e, 0xf3, 0x11, 0x11, 0x10,
    0x4f, 0xff, 0xff, 0xff, 0xff, 0xff, 0xff, 0xf2,
    0x2b, 0xbb, 0xbb, 0xbf, 0xfb, 0xbb, 0xbb, 0xb1,
    0x0, 0x0, 0x0, 0xd, 0xf1, 0x0, 0x0, 0x0,
    0x0, 0x0, 0x0, 0xd, 0xf1, 0x0, 0x0, 0x0,
    0x0, 0x0, 0x0, 0xd, 0xf1, 0x0, 0x0, 0x0,
    0x0, 0x0, 0x0, 0xd, 0xf1, 0x0, 0x0, 0x0,
    0x0, 0x0, 0xde, 0xef, 0xf0, 0x0, 0x0, 0x0,
    0x0, 0x0, 0x9f, 0xfc, 0x50, 0x0, 0x0, 0x0,

    /* U+4E92 "互" */
    0x9, 0xff, 0xff, 0xff, 0xff, 0xff, 0xff, 0xf0,
    0x8, 0xdd, 0xef, 0xfd, 0xdd, 0xdd, 0xdd, 0xd0,
    0x0, 0x0, 0x6f, 0x90, 0x0, 0x0, 0x0, 0x0,
    0x0, 0x0, 0x9f, 0x50, 0x0, 0x0, 0x0, 0x0,
    0x0, 0x0, 0xdf, 0xff, 0xff, 0xff, 0xb0, 0x0,
    0x0, 0x0, 0xff, 0xbb, 0xbb, 0xcf, 0xa0, 0x0,
    0x0, 0x3, 0xfb, 0x0, 0x0, 0x6f, 0x80, 0x0,
    0x0, 0x7, 0xf8, 0x0, 0x0, 0x8f, 0x60, 0x0,
    0x0, 0xb, 0xfc, 0xaa, 0xaa, 0xef, 0x40, 0x0,
    0x0, 0xe, 0xff, 0xff, 0xff, 0xff, 0x10, 0x0,
    0x0, 0x0, 0x10, 0x0, 0x0, 0xff, 0x0, 0x0,
    0x0, 0x0, 0x0, 0x0, 0x2, 0xfc, 0x0, 0x0,
    0x1d, 0xdd, 0xdd, 0xdd, 0xdd, 0xff, 0xdd, 0xd6,
    0x1f, 0xff, 0xff, 0xff, 0xff, 0xff, 0xff, 0xf7,

    /* U+4E9B "些" */
    0x0, 0x0, 0xee, 0x0, 0x5f, 0x70, 0x0, 0x0,
    0x0, 0x0, 0xee, 0x0, 0x5f, 0x70, 0x0, 0x0,
    0x7, 0xd1, 0xee, 0x0, 0x5f, 0x71, 0x7c, 0x10,
    0x8, 0xf2, 0xef, 0xff, 0x5f, 0xdf, 0xff, 0x70,
    0x8, 0xf2, 0xef, 0x99, 0x5f, 0xfb, 0x61, 0x0,
    0x8, 0xf2, 0xee, 0x0, 0x5f, 0x70, 0x2, 0x40,
    0x8, 0xf2, 0xee, 0x0, 0x5f, 0x70, 0x6, 0xf5,
    0x2b, 0xfa, 0xff, 0xef, 0x6f, 0xeb, 0xbe, 0xf1,
    0x6f, 0xff, 0xfe, 0xca, 0x1a, 0xef, 0xfe, 0x80,
    0x25, 0x42, 0x10, 0x0, 0x0, 0x0, 0x0, 0x0,
    0x0, 0x6f, 0xff, 0xff, 0xff, 0xff, 0xf8, 0x0,
    0x0, 0x4b, 0xbb, 0xbb, 0xbb, 0xbb, 0xb5, 0x0,
    0x0, 0x0, 0x0, 0x0, 0x0, 0x0, 0x0, 0x0,
    0x3d, 0xdd, 0xdd, 0xdd, 0xdd, 0xdd, 0xdd, 0xd3,
    0x3f, 0xff, 0xff, 0xff, 0xff, 0xff, 0xff, 0xf4,

    /* U+4EA4 "交" */
    0x0, 0x0, 0x0, 0x3b, 0x70, 0x0, 0x0, 0x0,
    0x0, 0x0, 0x0, 0x1f, 0xf1, 0x0, 0x0, 0x0,
    0xb, 0xbb, 0xbb, 0xbf, 0xfc, 0xbb, 0xbb, 0xb0,
    0xf, 0xff, 0xff, 0xff, 0xff, 0xff, 0xff, 0xf0,
    0x0, 0x0, 0x78, 0x20, 0x0, 0x88, 0x10, 0x0,
    0x0, 0x7, 0xfe, 0x20, 0x1, 0xdf, 0xc1, 0x0,
    0x1, 0xaf, 0xe2, 0x0, 0x0, 0xb, 0xfe, 0x20,
    0xc, 0xfd, 0x7c, 0x20, 0x1, 0xd9, 0x9f, 0xd0,
    0x1, 0x70, 0x4f, 0xa0, 0x9, 0xf8, 0x7, 0x20,
    0x0, 0x0, 0xb, 0xf5, 0x4f, 0xe0, 0x0, 0x0,
    0x0, 0x0, 0x1, 0xef, 0xff, 0x30, 0x0, 0x0,
    0x0, 0x0, 0x0, 0xaf, 0xfc, 0x10, 0x0, 0x0,
    0x0, 0x2, 0x8e, 0xfd, 0xdf, 0xf8, 0x20, 0x0,
    0x9, 0xdf, 0xfe, 0x70, 0x7, 0xef, 0xfe, 0xa1,
    0xa, 0xfb, 0x50, 0x0, 0x0, 0x6, 0xbf, 0x90,
    0x0, 0x0, 0x0, 0x0, 0x0, 0x0, 0x0, 0x0,

    /* U+4EA7 "产" */
    0x0, 0x0, 0x0, 0x17, 0x70, 0x0, 0x0, 0x0,
    0x0, 0x0, 0x0, 0xef, 0x40, 0x0, 0x0, 0x2,
    0xff, 0xff, 0xff, 0xff, 0xff, 0xff, 0xc0, 0x1c,
    0xcc, 0xec, 0xcc, 0xcc, 0xdc, 0xca, 0x0, 0x0,
    0xaf, 0x40, 0x0, 0x5f, 0x90, 0x0, 0x0, 0x3,
    0xfd, 0x0, 0xd, 0xf4, 0x0, 0x2, 0xbb, 0xbf,
    0xcb, 0xbc, 0xff, 0xbb, 0xa0, 0x3f, 0xff, 0xff,
    0xff, 0xff, 0xff, 0xff, 0x3, 0xfc, 0x0, 0x0,
    0x0, 0x0, 0x0, 0x0, 0x3f, 0xb0, 0x0, 0x0,
    0x0, 0x0, 0x0, 0x4, 0xfa, 0x0, 0x0, 0x0,
    0x0, 0x0, 0x0, 0x6f, 0x70, 0x0, 0x0, 0x0,
    0x0, 0x0, 0xa, 0xf4, 0x0, 0x0, 0x0, 0x0,
    0x0, 0x1, 0xff, 0x0, 0x0, 0x0, 0x0, 0x0,
    0x0, 0x1d, 0x80, 0x0, 0x0, 0x0, 0x0, 0x0,
    0x0, 0x10, 0x0, 0x0, 0x0, 0x0, 0x0, 0x0,

    /* U+4EAE "亮" */
    0x0, 0x0, 0x0, 0x2b, 0xa0, 0x0, 0x0, 0x0,
    0x17, 0x77, 0x77, 0x7f, 0xf8, 0x77, 0x77, 0x71,
    0x3f, 0xff, 0xff, 0xff, 0xff, 0xff, 0xff, 0xf3,
    0x0, 0x4, 0x44, 0x44, 0x44, 0x44, 0x40, 0x0,
    0x0, 0xf, 0xff, 0xff, 0xff, 0xff, 0xf0, 0x0,
    0x0, 0xf, 0xe0, 0x0, 0x0, 0xe, 0xf0, 0x0,
    0x0, 0xf, 0xff, 0xff, 0xff, 0xff, 0xf0, 0x0,
    0x0, 0x4, 0x44, 0x44, 0x44, 0x44, 0x40, 0x0,
    0xf, 0xff, 0xff, 0xff, 0xff, 0xff, 0xff, 0xf0,
    0xf, 0xc4, 0x44, 0x44, 0x44, 0x44, 0x4d, 0xf0,
    0xf, 0xb0, 0x7f, 0xff, 0xff, 0xf6, 0xc, 0xf0,
    0x0, 0x0, 0xbf, 0xa8, 0x8c, 0xf7, 0x0, 0x0,
    0x0, 0x3, 0xff, 0x0, 0x7, 0xf7, 0x6, 0xb2,
    0x6, 0xbf, 0xf6, 0x0, 0x7, 0xfc, 0x9d, 0xf1,
    0xa, 0xfc, 0x40, 0x0, 0x2, 0xdf, 0xff, 0x90,
    0x1, 0x10, 0x0, 0x0, 0x0, 0x0, 0x0, 0x0,

    /* U+4EBA "人" */
    0x0, 0x0, 0x0, 0x3f, 0xe0, 0x0, 0x0, 0x0,
    0x0, 0x0, 0x0, 0x3f, 0xd0, 0x0, 0x0, 0x0,
    0x0, 0x0, 0x0, 0x4f, 0xc0, 0x0, 0x0, 0x0,
    0x0, 0x0, 0x0, 0x5f, 0xe0, 0x0, 0x0, 0x0,
    0x0, 0x0, 0x0, 0x8f, 0xf1, 0x0, 0x0, 0x0,
    0x0, 0x0, 0x0, 0xbf, 0xf5, 0x0, 0x0, 0x0,
    0x0, 0x0, 0x0, 0xef, 0xfb, 0x0, 0x0, 0x0,
    0x0, 0x0, 0x4, 0xfd, 0xdf, 0x10, 0x0, 0x0,
    0x0, 0x0, 0xb, 0xf7, 0x7f, 0x90, 0x0, 0x0,
    0x0, 0x0, 0x4f, 0xf1, 0x1f, 0xf3, 0x0, 0x0,
    0x0, 0x1, 0xef, 0x70, 0x7, 0xfd, 0x10, 0x0,
    0x0, 0x1c, 0xfc, 0x0, 0x0, 0xcf, 0xc1, 0x0,
    0x2, 0xdf, 0xe1, 0x0, 0x0, 0x1d, 0xfe, 0x50,
    0x2f, 0xfd, 0x20, 0x0, 0x0, 0x1, 0xcf, 0xf4,
    0x5, 0x90, 0x0, 0x0, 0x0, 0x0, 0x6, 0x70,

    /* U+4EC0 "什" */
    0x0, 0x0, 0x0, 0x0, 0x0, 0x0, 0x0, 0x0,
    0x0, 0x0, 0xbd, 0x20, 0x1, 0xfc, 0x0, 0x0,
    0x0, 0x1, 0xfe, 0x0, 0x1, 0xfc, 0x0, 0x0,
    0x0, 0x8, 0xf7, 0x0, 0x1, 0xfc, 0x0, 0x0,
    0x0, 0x1f, 0xe0, 0x0, 0x1, 0xfc, 0x0, 0x0,
    0x0, 0xaf, 0xb0, 0x0, 0x1, 0xfc, 0x0, 0x0,
    0x4, 0xff, 0xb0, 0x0, 0x2, 0xfc, 0x0, 0x0,
    0x1e, 0xff, 0xb4, 0xff, 0xff, 0xff, 0xff, 0xfd,
    0xe, 0xaf, 0xb3, 0xbb, 0xbc, 0xff, 0xbb, 0xb9,
    0x3, 0x1f, 0xb0, 0x0, 0x1, 0xfc, 0x0, 0x0,
    0x0, 0x1f, 0xb0, 0x0, 0x1, 0xfc, 0x0, 0x0,
    0x0, 0x1f, 0xb0, 0x0, 0x1, 0xfc, 0x0, 0x0,
    0x0, 0x1f, 0xb0, 0x0, 0x1, 0xfc, 0x0, 0x0,
    0x0, 0x1f, 0xb0, 0x0, 0x1, 0xfc, 0x0, 0x0,
    0x0, 0x1f, 0xb0, 0x0, 0x1, 0xfc, 0x0, 0x0,
    0x0, 0x1f, 0xb0, 0x0, 0x1, 0xfc, 0x0, 0x0,
    0x0, 0x0, 0x0, 0x0, 0x0, 0x0, 0x0, 0x0,

    /* U+4ECA "今" */
    0x0, 0x0, 0x0, 0x6, 0x60, 0x0, 0x0, 0x0,
    0x0, 0x0, 0x0, 0x4f, 0xf6, 0x0, 0x0, 0x0,
    0x0, 0x0, 0x3, 0xff, 0xff, 0x40, 0x0, 0x0,
    0x0, 0x0, 0x6f, 0xf8, 0x5f, 0xf7, 0x0, 0x0,
    0x0, 0x1a, 0xff, 0x72, 0x4, 0xff, 0xc3, 0x0,
    0x17, 0xff, 0xf5, 0x8f, 0x70, 0x2d, 0xff, 0xa2,
    0x2f, 0xfb, 0x20, 0x2d, 0xfa, 0x0, 0x9f, 0xd1,
    0x4, 0x50, 0x0, 0x1, 0xbe, 0x20, 0x3, 0x20,
    0x0, 0x6d, 0xdd, 0xdd, 0xde, 0xdd, 0xd8, 0x0,
    0x0, 0x8f, 0xff, 0xff, 0xff, 0xff, 0xf9, 0x0,
    0x0, 0x0, 0x0, 0x0, 0x0, 0x9f, 0xd0, 0x0,
    0x0, 0x0, 0x0, 0x0, 0x5, 0xff, 0x20, 0x0,
    0x0, 0x0, 0x0, 0x0, 0x3f, 0xf5, 0x0, 0x0,
    0x0, 0x0, 0x0, 0x1, 0xef, 0x80, 0x0, 0x0,
    0x0, 0x0, 0x0, 0x9, 0xfc, 0x0, 0x0, 0x0,
    0x0, 0x0, 0x0, 0x0, 0x41, 0x0, 0x0, 0x0,

    /* U+4ED3 "仓" */
    0x0, 0x0, 0x0, 0x7, 0x30, 0x0, 0x0, 0x0,
    0x0, 0x0, 0x0, 0x5f, 0xf0, 0x0, 0x0, 0x0,
    0x0, 0x0, 0x3, 0xff, 0xfa, 0x0, 0x0, 0x0,
    0x0, 0x0, 0x4f, 0xf6, 0xaf, 0xc1, 0x0, 0x0,
    0x0, 0x9, 0xff, 0x60, 0x9, 0xfe, 0x60, 0x0,
    0x6, 0xef, 0xf5, 0x0, 0x0, 0x6f, 0xfd, 0x60,
    0x8f, 0xff, 0xff, 0xff, 0xff, 0xff, 0xcf, 0xe1,
    0xa, 0x5d, 0xfc, 0xcc, 0xcc, 0xff, 0x14, 0x30,
    0x0, 0xd, 0xf1, 0x0, 0x0, 0xcf, 0x0, 0x0,
    0x0, 0xd, 0xf1, 0x0, 0x0, 0xef, 0x0, 0x0,
    0x0, 0xd, 0xf1, 0x5, 0xbc, 0xfc, 0x0, 0x0,
    0x0, 0xd, 0xf1, 0x2, 0xdd, 0xc3, 0xa5, 0x0,
    0x0, 0xd, 0xf2, 0x0, 0x0, 0x2, 0xfd, 0x0,
    0x0, 0xb, 0xfe, 0xdd, 0xdd, 0xdf, 0xf9, 0x0,
    0x0, 0x2, 0xbf, 0xff, 0xff, 0xff, 0xb1, 0x0,

    /* U+4EE5 "以" */
    0x0, 0x0, 0x0, 0x0, 0x0, 0x0, 0x0, 0x0,
    0x0, 0x8a, 0x0, 0x0, 0x0, 0x3, 0xfb, 0x0,
    0x0, 0xef, 0x12, 0xba, 0x0, 0x4, 0xfa, 0x0,
    0x0, 0xef, 0x10, 0xdf, 0x50, 0x5, 0xf9, 0x0,
    0x0, 0xef, 0x10, 0x3f, 0xe1, 0x7, 0xf7, 0x0,
    0x0, 0xef, 0x10, 0x9, 0xf5, 0x9, 0xf5, 0x0,
    0x0, 0xef, 0x10, 0x1, 0x30, 0xc, 0xf2, 0x0,
    0x0, 0xef, 0x10, 0x0, 0x0, 0xf, 0xe0, 0x0,
    0x0, 0xef, 0x10, 0x0, 0x0, 0x5f, 0xa0, 0x0,
    0x0, 0xef, 0x14, 0xb6, 0x0, 0xcf, 0x40, 0x0,
    0x0, 0xef, 0xcf, 0xf8, 0x5, 0xff, 0x80, 0x0,
    0x3, 0xff, 0xfc, 0x40, 0x3f, 0xff, 0xf7, 0x0,
    0xc, 0xfd, 0x50, 0x5, 0xff, 0x92, 0xff, 0x60,
    0x4, 0x70, 0x2, 0xbf, 0xf9, 0x0, 0x4f, 0xf3,
    0x0, 0x0, 0x0, 0xce, 0x50, 0x0, 0x7, 0xc1,
    0x0, 0x0, 0x0, 0x11, 0x0, 0x0, 0x0, 0x0,

    /* U+4EEC "们" */
    0x0, 0x4, 0x10, 0x33, 0x0, 0x0, 0x0, 0x0,
    0x1, 0xfc, 0xe, 0xe1, 0xdf, 0xff, 0xfe, 0x0,
    0x6f, 0x70, 0x4f, 0xb8, 0xaa, 0xaf, 0xe0, 0xd,
    0xf1, 0x66, 0x98, 0x0, 0x0, 0xee, 0x5, 0xfc,
    0xe, 0xd0, 0x0, 0x0, 0xe, 0xe1, 0xef, 0xb0,
    0xed, 0x0, 0x0, 0x0, 0xee, 0x6f, 0xfb, 0xe,
    0xd0, 0x0, 0x0, 0xe, 0xe1, 0xdf, 0xb0, 0xed,
    0x0, 0x0, 0x0, 0xee, 0x1, 0xfb, 0xe, 0xd0,
    0x0, 0x0, 0xe, 0xe0, 0xf, 0xb0, 0xed, 0x0,
    0x0, 0x0, 0xee, 0x0, 0xfb, 0xe, 0xd0, 0x0,
    0x0, 0xe, 0xe0, 0xf, 0xb0, 0xed, 0x0, 0x0,
    0x0, 0xee, 0x0, 0xfb, 0xe, 0xd0, 0x0, 0x0,
    0xe, 0xe0, 0xf, 0xb0, 0xed, 0x0, 0x0, 0x9a,
    0xfe, 0x0, 0xfb, 0xe, 0xd0, 0x0, 0xa, 0xfe,
    0x60,

    /* U+4EF6 "件" */
    0x0, 0x0, 0x0, 0x0, 0x0, 0x0, 0x0, 0x0,
    0x0, 0x6, 0xd3, 0x10, 0xc, 0xf1, 0x0, 0x0,
    0x0, 0xc, 0xf1, 0x9f, 0x2c, 0xf1, 0x0, 0x0,
    0x0, 0x3f, 0xb0, 0xcf, 0xc, 0xf1, 0x0, 0x0,
    0x0, 0xbf, 0x41, 0xff, 0xae, 0xfb, 0xaa, 0x50,
    0x4, 0xff, 0x16, 0xff, 0xff, 0xff, 0xff, 0x70,
    0x1e, 0xff, 0x1c, 0xf3, 0x2c, 0xf3, 0x22, 0x10,
    0x8f, 0xff, 0x3e, 0xa0, 0xc, 0xf1, 0x0, 0x0,
    0x1e, 0xcf, 0x10, 0x10, 0xc, 0xf1, 0x0, 0x0,
    0x1, 0xaf, 0x2c, 0xcc, 0xcf, 0xfd, 0xcc, 0xc3,
    0x0, 0xaf, 0x3f, 0xff, 0xff, 0xff, 0xff, 0xf3,
    0x0, 0xaf, 0x10, 0x0, 0xc, 0xf1, 0x0, 0x0,
    0x0, 0xaf, 0x10, 0x0, 0xc, 0xf1, 0x0, 0x0,
    0x0, 0xaf, 0x10, 0x0, 0xc, 0xf1, 0x0, 0x0,
    0x0, 0xaf, 0x10, 0x0, 0xc, 0xf1, 0x0, 0x0,
    0x0, 0xaf, 0x10, 0x0, 0xc, 0xf1, 0x0, 0x0,

    /* U+4EFB "任" */
    0x0, 0x0, 0x23, 0x0, 0x0, 0x0, 0x1, 0x0,
    0x0, 0x0, 0xbf, 0x50, 0x1, 0x48, 0xcf, 0xb0,
    0x0, 0x3, 0xfe, 0x9c, 0xef, 0xff, 0xfd, 0x91,
    0x0, 0xd, 0xf6, 0x9e, 0xca, 0xfd, 0x10, 0x0,
    0x0, 0x8f, 0xd0, 0x0, 0x1, 0xfc, 0x0, 0x0,
    0x4, 0xff, 0xb0, 0x0, 0x1, 0xfc, 0x0, 0x0,
    0x4f, 0xff, 0xb0, 0x0, 0x1, 0xfc, 0x0, 0x0,
    0x1f, 0xbf, 0xb6, 0xcc, 0xcd, 0xff, 0xcc, 0xca,
    0x5, 0x1f, 0xb7, 0xff, 0xff, 0xff, 0xff, 0xfd,
    0x0, 0x1f, 0xb0, 0x0, 0x1, 0xfc, 0x0, 0x0,
    0x0, 0x1f, 0xb0, 0x0, 0x1, 0xfc, 0x0, 0x0,
    0x0, 0x1f, 0xb0, 0x0, 0x1, 0xfc, 0x0, 0x0,
    0x0, 0x1f, 0xb0, 0x0, 0x1, 0xfc, 0x0, 0x0,
    0x0, 0x1f, 0xb0, 0xce, 0xee, 0xff, 0xee, 0xe9,
    0x0, 0x1f, 0xb0, 0xbd, 0xdd, 0xdd, 0xdd, 0xd9,

    /* U+4EFD "份" */
    0x0, 0x1, 0x20, 0x0, 0x0, 0x0, 0x0, 0x0,
    0x0, 0x7, 0xf6, 0x5, 0xd5, 0x1f, 0xa0, 0x0,
    0x0, 0xe, 0xf1, 0xb, 0xf3, 0xd, 0xe0, 0x0,
    0x0, 0x6f, 0x90, 0x2f, 0xd0, 0x8, 0xf5, 0x0,
    0x1, 0xef, 0x20, 0xbf, 0x60, 0x2, 0xfd, 0x0,
    0xa, 0xff, 0x16, 0xfd, 0x0, 0x0, 0xaf, 0x90,
    0x7f, 0xff, 0x6f, 0xf9, 0x55, 0x55, 0x7f, 0xf8,
    0x3f, 0xef, 0x2e, 0xcf, 0xff, 0xff, 0xff, 0xd1,
    0x2, 0xbf, 0x11, 0x25, 0xfe, 0x55, 0xfd, 0x0,
    0x0, 0xbf, 0x10, 0x2, 0xfa, 0x0, 0xfc, 0x0,
    0x0, 0xbf, 0x10, 0x6, 0xf6, 0x0, 0xfb, 0x0,
    0x0, 0xbf, 0x10, 0xd, 0xf1, 0x2, 0xfa, 0x0,
    0x0, 0xbf, 0x10, 0x9f, 0x90, 0x5, 0xf8, 0x0,
    0x0, 0xbf, 0x2c, 0xfc, 0x5, 0xbe, 0xf5, 0x0,
    0x0, 0xbf, 0x18, 0xa1, 0x2, 0xed, 0x90, 0x0,
    0x0, 0x0, 0x0, 0x0, 0x0, 0x0, 0x0, 0x0,

    /* U+4F18 "优" */
    0x0, 0x0, 0x0, 0x0, 0x0, 0x0, 0x0, 0x0,
    0x0, 0x4, 0xe6, 0x0, 0xfd, 0x2, 0x90, 0x0,
    0x0, 0xa, 0xf4, 0x0, 0xfd, 0x8, 0xf9, 0x0,
    0x0, 0x1f, 0xd0, 0x0, 0xfc, 0x0, 0xcf, 0x40,
    0x0, 0x9f, 0x60, 0x0, 0xfc, 0x0, 0x2b, 0x10,
    0x2, 0xff, 0x5f, 0xff, 0xff, 0xff, 0xff, 0xf4,
    0xc, 0xff, 0x4c, 0xcd, 0xfe, 0xcc, 0xcc, 0xc3,
    0x6f, 0xff, 0x10, 0x3, 0xf9, 0x22, 0x0, 0x0,
    0x1e, 0xcf, 0x10, 0x5, 0xf7, 0xfd, 0x0, 0x0,
    0x1, 0xaf, 0x10, 0x8, 0xf4, 0xfd, 0x0, 0x0,
    0x0, 0xaf, 0x10, 0xc, 0xf0, 0xfd, 0x0, 0x0,
    0x0, 0xaf, 0x10, 0x2f, 0xb0, 0xfd, 0x0, 0x0,
    0x0, 0xaf, 0x10, 0xaf, 0x50, 0xfd, 0x1, 0xc3,
    0x0, 0xaf, 0x14, 0xfc, 0x0, 0xfd, 0x3, 0xf6,
    0x0, 0xaf, 0x5f, 0xe2, 0x0, 0xef, 0xac, 0xf4,
    0x0, 0xaf, 0x4c, 0x30, 0x0, 0x7f, 0xff, 0xb0,
    0x0, 0x0, 0x0, 0x0, 0x0, 0x0, 0x0, 0x0,

    /* U+4F20 "传" */
    0x0, 0x0, 0x72, 0x0, 0x7, 0x30, 0x0, 0x0,
    0x0, 0x6, 0xf9, 0x0, 0x4f, 0x80, 0x0, 0x0,
    0x0, 0xe, 0xf5, 0xff, 0xff, 0xff, 0xff, 0xc0,
    0x0, 0x7f, 0xa2, 0xbb, 0xff, 0xbb, 0xbb, 0x90,
    0x2, 0xff, 0x20, 0x0, 0xfc, 0x0, 0x0, 0x0,
    0x1d, 0xff, 0x4f, 0xff, 0xff, 0xff, 0xff, 0xf9,
    0x9f, 0xff, 0x3b, 0xbe, 0xfc, 0xbb, 0xbb, 0xb7,
    0x3e, 0xdf, 0x0, 0xd, 0xe0, 0x0, 0x0, 0x0,
    0x1, 0xbf, 0x0, 0x2f, 0xfc, 0xcc, 0xcc, 0x60,
    0x0, 0xbf, 0x0, 0x6f, 0xff, 0xff, 0xff, 0x90,
    0x0, 0xbf, 0x0, 0x0, 0x0, 0xc, 0xf9, 0x0,
    0x0, 0xbf, 0x0, 0x3, 0xd8, 0xcf, 0x90, 0x0,
    0x0, 0xbf, 0x0, 0x2, 0xbf, 0xfb, 0x0, 0x0,
    0x0, 0xbf, 0x0, 0x0, 0x5, 0xff, 0xa0, 0x0,
    0x0, 0xbf, 0x0, 0x0, 0x0, 0x1c, 0x50, 0x0,
    0x0, 0x0, 0x0, 0x0, 0x0, 0x0, 0x0, 0x0,

    /* U+4F2A "伪" */
    0x0, 0x0, 0x0, 0x0, 0x0, 0x0, 0x0, 0x0,
    0x0, 0x5e, 0x51, 0x9, 0xf4, 0x0, 0x0, 0x0,
    0xc, 0xfb, 0xf3, 0x9f, 0x40, 0x0, 0x0, 0x4,
    0xfc, 0x3f, 0xda, 0xf3, 0x0, 0x0, 0x0, 0xcf,
    0x40, 0xb8, 0xbf, 0x20, 0x0, 0x0, 0x6f, 0xf1,
    0xab, 0xbe, 0xfc, 0xbb, 0xcb, 0x3f, 0xff, 0x1e,
    0xff, 0xff, 0xff, 0xff, 0xea, 0xff, 0xf1, 0x0,
    0xf, 0xe0, 0x0, 0xfe, 0x2a, 0xaf, 0x10, 0x2,
    0xfb, 0x50, 0xf, 0xd0, 0xa, 0xf1, 0x0, 0x6f,
    0xef, 0x90, 0xfc, 0x0, 0xaf, 0x10, 0xb, 0xf3,
    0xdf, 0x5f, 0xc0, 0xa, 0xf1, 0x2, 0xfd, 0x4,
    0xa5, 0xfa, 0x0, 0xaf, 0x10, 0xbf, 0x60, 0x0,
    0x4f, 0x90, 0xa, 0xf1, 0x7f, 0xd0, 0x0, 0x8,
    0xf7, 0x0, 0xaf, 0x8f, 0xf2, 0x1, 0xdd, 0xff,
    0x30, 0xa, 0xf3, 0xc4, 0x0, 0xa, 0xed, 0x70,
    0x0, 0x0, 0x0, 0x0, 0x0, 0x0, 0x0, 0x0,

    /* U+4F46 "但" */
    0x0, 0x2, 0x61, 0x0, 0x0, 0x0, 0x0, 0x0,
    0x0, 0x9, 0xf7, 0x9a, 0xaa, 0xaa, 0xaa, 0x0,
    0x0, 0x1f, 0xf0, 0xff, 0xff, 0xff, 0xff, 0x10,
    0x0, 0xaf, 0x80, 0xff, 0x0, 0x0, 0xef, 0x10,
    0x5, 0xff, 0x20, 0xff, 0x0, 0x0, 0xef, 0x10,
    0x2f, 0xff, 0x10, 0xff, 0x99, 0x99, 0xff, 0x10,
    0xbf, 0xff, 0x10, 0xff, 0xff, 0xff, 0xff, 0x10,
    0x4d, 0xcf, 0x10, 0xff, 0x11, 0x11, 0xef, 0x10,
    0x1, 0xbf, 0x10, 0xff, 0x0, 0x0, 0xef, 0x10,
    0x0, 0xbf, 0x10, 0xff, 0x0, 0x0, 0xef, 0x10,
    0x0, 0xbf, 0x10, 0xff, 0xff, 0xff, 0xff, 0x10,
    0x0, 0xbf, 0x10, 0x9a, 0xaa, 0xaa, 0xaa, 0x0,
    0x0, 0xbf, 0x10, 0x0, 0x0, 0x0, 0x0, 0x0,
    0x0, 0xbf, 0x3f, 0xff, 0xff, 0xff, 0xff, 0xf3,
    0x0, 0xbf, 0x2b, 0xbb, 0xbb, 0xbb, 0xbb, 0xb2,

    /* U+4F4D "位" */
    0x0, 0x0, 0x40, 0x0, 0x18, 0x60, 0x0, 0x0,
    0x0, 0x6, 0xf8, 0x0, 0x1f, 0xd0, 0x0, 0x0,
    0x0, 0xd, 0xf1, 0x0, 0xc, 0xe1, 0x0, 0x0,
    0x0, 0x6f, 0x95, 0xcc, 0xce, 0xcc, 0xcc, 0x60,
    0x1, 0xff, 0x36, 0xff, 0xff, 0xff, 0xff, 0x70,
    0xc, 0xff, 0x30, 0x14, 0x10, 0x0, 0x74, 0x0,
    0x8f, 0xff, 0x30, 0x5f, 0x60, 0x3, 0xfb, 0x0,
    0x3e, 0xcf, 0x30, 0x2f, 0x90, 0x5, 0xf8, 0x0,
    0x2, 0xaf, 0x30, 0xf, 0xc0, 0x7, 0xf5, 0x0,
    0x0, 0xaf, 0x30, 0xd, 0xf0, 0xa, 0xf1, 0x0,
    0x0, 0xaf, 0x30, 0xb, 0xf1, 0xd, 0xe0, 0x0,
    0x0, 0xaf, 0x30, 0x9, 0xf4, 0xf, 0xa0, 0x0,
    0x0, 0xaf, 0x30, 0x3, 0x40, 0x4f, 0x60, 0x0,
    0x0, 0xaf, 0x3f, 0xff, 0xff, 0xff, 0xff, 0xf1,
    0x0, 0xaf, 0x3c, 0xcc, 0xcc, 0xcc, 0xcc, 0xc0,

    /* U+4F5C "作" */
    0x0, 0x0, 0x20, 0x0, 0x10, 0x0, 0x0, 0x0,
    0x0, 0x6, 0xf7, 0x1, 0xfc, 0x0, 0x0, 0x0,
    0x0, 0xe, 0xf2, 0x8, 0xf7, 0x0, 0x0, 0x0,
    0x0, 0x7f, 0xa0, 0x1f, 0xfc, 0xcc, 0xcc, 0xc6,
    0x2, 0xff, 0x20, 0xbf, 0xff, 0xff, 0xff, 0xf7,
    0x1d, 0xff, 0x17, 0xfd, 0xf, 0xe0, 0x0, 0x0,
    0x9f, 0xff, 0x3f, 0xf2, 0xf, 0xf9, 0x99, 0x91,
    0x3d, 0xdf, 0x13, 0x50, 0xf, 0xff, 0xff, 0xf1,
    0x1, 0xbf, 0x10, 0x0, 0xf, 0xe0, 0x0, 0x0,
    0x0, 0xbf, 0x10, 0x0, 0xf, 0xe0, 0x0, 0x0,
    0x0, 0xbf, 0x10, 0x0, 0xf, 0xff, 0xff, 0xf4,
    0x0, 0xbf, 0x10, 0x0, 0xf, 0xfc, 0xcc, 0xc3,
    0x0, 0xbf, 0x10, 0x0, 0xf, 0xe0, 0x0, 0x0,
    0x0, 0xbf, 0x10, 0x0, 0xf, 0xe0, 0x0, 0x0,
    0x0, 0xbf, 0x10, 0x0, 0xf, 0xe0, 0x0, 0x0,

    /* U+4F60 "你" */
    0x0, 0x2, 0x40, 0x6, 0x30, 0x0, 0x0, 0x0,
    0x0, 0x9, 0xf5, 0x2f, 0xa0, 0x0, 0x0, 0x0,
    0x0, 0x1f, 0xd0, 0x7f, 0x50, 0x0, 0x0, 0x0,
    0x0, 0x9f, 0x60, 0xdf, 0xbb, 0xbb, 0xbb, 0xa2,
    0x4, 0xff, 0x5, 0xff, 0xff, 0xff, 0xff, 0xf2,
    0x1e, 0xff, 0x1e, 0xf2, 0xb, 0xf1, 0xb, 0xf0,
    0xaf, 0xff, 0x3e, 0x80, 0xb, 0xf1, 0xc, 0xb0,
    0x3c, 0xbf, 0x1, 0x37, 0x1b, 0xf2, 0x76, 0x0,
    0x0, 0xbf, 0x0, 0x8f, 0x3b, 0xf1, 0xee, 0x0,
    0x0, 0xbf, 0x0, 0xee, 0xb, 0xf1, 0x8f, 0x50,
    0x0, 0xbf, 0x4, 0xf9, 0xb, 0xf1, 0x2f, 0xb0,
    0x0, 0xbf, 0x1d, 0xf2, 0xb, 0xf1, 0xd, 0xf0,
    0x0, 0xbf, 0x5, 0x70, 0xb, 0xf1, 0x8, 0x70,
    0x0, 0xbf, 0x0, 0x4, 0xdf, 0xf0, 0x0, 0x0,
    0x0, 0xaf, 0x0, 0x0, 0xfe, 0x80, 0x0, 0x0,

    /* U+4F7F "使" */
    0x0, 0x4, 0xc4, 0x0, 0xd, 0xf0, 0x0, 0x0,
    0x0, 0xb, 0xf3, 0x0, 0xd, 0xf0, 0x0, 0x0,
    0x0, 0x3f, 0xce, 0xff, 0xff, 0xff, 0xff, 0xf4,
    0x0, 0xbf, 0x4a, 0xbb, 0xbf, 0xfb, 0xbb, 0xb3,
    0x6, 0xff, 0x10, 0x0, 0xd, 0xf0, 0x0, 0x0,
    0x2f, 0xff, 0x19, 0xff, 0xff, 0xff, 0xff, 0xd0,
    0xcf, 0xff, 0x19, 0xf7, 0x7e, 0xf7, 0x7f, 0xd0,
    0x6a, 0xaf, 0x19, 0xf1, 0xd, 0xf0, 0xe, 0xd0,
    0x0, 0xaf, 0x19, 0xff, 0xff, 0xff, 0xff, 0xd0,
    0x0, 0xaf, 0x15, 0xb8, 0x8f, 0xe8, 0x88, 0x70,
    0x0, 0xaf, 0x15, 0xf8, 0x4f, 0x80, 0x0, 0x0,
    0x0, 0xaf, 0x10, 0x9f, 0xff, 0x20, 0x0, 0x0,
    0x0, 0xaf, 0x10, 0x2e, 0xff, 0xa4, 0x0, 0x0,
    0x0, 0xaf, 0x4b, 0xff, 0x8a, 0xff, 0xfd, 0xa2,
    0x0, 0xaf, 0x1b, 0xa2, 0x0, 0x15, 0x9c, 0xa0,

    /* U+4F9B "供" */
    0x0, 0x0, 0x0, 0x0, 0x0, 0x0, 0x0, 0x0,
    0x0, 0x4, 0xd5, 0xc, 0xf0, 0xb, 0xf1, 0x0,
    0x0, 0xb, 0xf4, 0xc, 0xf0, 0xb, 0xf1, 0x0,
    0x0, 0x2f, 0xd0, 0xc, 0xf0, 0xb, 0xf1, 0x0,
    0x0, 0xaf, 0x65, 0xae, 0xfa, 0xae, 0xfa, 0xa1,
    0x4, 0xff, 0x19, 0xff, 0xff, 0xff, 0xff, 0xf2,
    0x1e, 0xff, 0x11, 0x2c, 0xf2, 0x2b, 0xf3, 0x20,
    0x9f, 0xff, 0x10, 0xc, 0xf0, 0xb, 0xf1, 0x0,
    0x3f, 0xdf, 0x10, 0xc, 0xf0, 0xb, 0xf1, 0x0,
    0x3, 0xbf, 0x12, 0x2c, 0xf2, 0x2c, 0xf3, 0x20,
    0x0, 0xbf, 0x1f, 0xff, 0xff, 0xff, 0xff, 0xf5,
    0x0, 0xbf, 0x19, 0xaa, 0xaa, 0xaa, 0xaa, 0xa3,
    0x0, 0xbf, 0x10, 0x8, 0x81, 0x4, 0x90, 0x0,
    0x0, 0xbf, 0x10, 0x6f, 0xb0, 0x6, 0xfc, 0x0,
    0x0, 0xbf, 0x29, 0xfc, 0x0, 0x0, 0x7f, 0xb0,
    0x0, 0xbf, 0x17, 0xa0, 0x0, 0x0, 0xa, 0x80,

    /* U+4F9D "依" */
    0x0, 0x1, 0x40, 0x0, 0x5, 0x20, 0x0, 0x0,
    0x0, 0x7, 0xf7, 0x0, 0x3f, 0xb0, 0x0, 0x0,
    0x0, 0xe, 0xf1, 0x0, 0xd, 0xf1, 0x0, 0x0,
    0x0, 0x6f, 0xbb, 0xbb, 0xbe, 0xdb, 0xbb, 0xb1,
    0x1, 0xff, 0x4f, 0xff, 0xff, 0xff, 0xff, 0xf2,
    0xb, 0xff, 0x0, 0x4, 0xff, 0x90, 0x0, 0x0,
    0x7f, 0xff, 0x0, 0x4f, 0xfe, 0xe0, 0x6, 0x50,
    0x1e, 0xdf, 0x5, 0xff, 0x48, 0xf4, 0x7f, 0xe1,
    0x1, 0xbf, 0x9f, 0xff, 0x12, 0xfe, 0xfc, 0x10,
    0x0, 0xbf, 0xbe, 0xdf, 0x10, 0xbf, 0xa0, 0x0,
    0x0, 0xbf, 0x11, 0xbf, 0x10, 0x3f, 0xd0, 0x0,
    0x0, 0xbf, 0x0, 0xbf, 0x10, 0x9, 0xfa, 0x0,
    0x0, 0xbf, 0x0, 0xbf, 0x8c, 0xb0, 0xdf, 0xa0,
    0x0, 0xbf, 0x3, 0xff, 0xfd, 0x60, 0x2e, 0xf3,
    0x0, 0xbf, 0x1, 0xd9, 0x30, 0x0, 0x1, 0x30,
    0x0, 0x0, 0x0, 0x0, 0x0, 0x0, 0x0, 0x0,

    /* U+4FBF "便" */
    0x0, 0x5, 0x81, 0x0, 0x0, 0x0, 0x0, 0x0,
    0x0, 0xb, 0xfd, 0xff, 0xff, 0xff, 0xff, 0xf2,
    0x0, 0x2f, 0xba, 0xff, 0xff, 0xff, 0xff, 0xf2,
    0x0, 0x9f, 0x51, 0x22, 0x2c, 0xf3, 0x22, 0x10,
    0x1, 0xff, 0x9, 0xff, 0xff, 0xff, 0xff, 0xd0,
    0xa, 0xff, 0x9, 0xf4, 0x3c, 0xf4, 0x3f, 0xd0,
    0x5f, 0xff, 0x9, 0xf6, 0x5d, 0xf6, 0x5f, 0xd0,
    0x2f, 0xdf, 0x9, 0xfe, 0xef, 0xff, 0xef, 0xd0,
    0x2, 0xbf, 0x9, 0xf2, 0x1c, 0xf2, 0x1f, 0xd0,
    0x0, 0xbf, 0x9, 0xff, 0xff, 0xff, 0xff, 0xd0,
    0x0, 0xbf, 0x5, 0xa4, 0x5f, 0xc4, 0x44, 0x30,
    0x0, 0xbf, 0x8, 0xfb, 0x9f, 0x50, 0x0, 0x0,
    0x0, 0xbf, 0x0, 0x8f, 0xff, 0x62, 0x0, 0x0,
    0x0, 0xbf, 0x4a, 0xff, 0xcf, 0xff, 0xfd, 0xb4,
    0x0, 0xbf, 0x2e, 0xa3, 0x0, 0x47, 0xac, 0xc0,
    0x0, 0x0, 0x0, 0x0, 0x0, 0x0, 0x0, 0x0,

    /* U+4FDD "保" */
    0x0, 0x2, 0x72, 0x0, 0x0, 0x0, 0x0, 0x0,
    0x0, 0x9, 0xf6, 0xff, 0xff, 0xff, 0xff, 0x20,
    0x0, 0x1f, 0xe1, 0xfd, 0x99, 0x99, 0xdf, 0x20,
    0x0, 0x9f, 0x60, 0xfa, 0x0, 0x0, 0xaf, 0x20,
    0x4, 0xff, 0x10, 0xfa, 0x0, 0x0, 0xaf, 0x20,
    0x1e, 0xff, 0x10, 0xff, 0xff, 0xff, 0xff, 0x20,
    0xbf, 0xff, 0x10, 0x99, 0x9f, 0xf9, 0x99, 0x10,
    0x4b, 0xaf, 0x10, 0x0, 0xd, 0xf0, 0x0, 0x0,
    0x0, 0xaf, 0x3f, 0xff, 0xff, 0xff, 0xff, 0xf2,
    0x0, 0xaf, 0x2b, 0xbb, 0xff, 0xff, 0xbb, 0xb1,
    0x0, 0xaf, 0x10, 0x7, 0xff, 0xff, 0x80, 0x0,
    0x0, 0xaf, 0x10, 0x7f, 0xcd, 0xfb, 0xf8, 0x0,
    0x0, 0xaf, 0x2a, 0xfd, 0x1d, 0xf1, 0xdf, 0xa1,
    0x0, 0xaf, 0x5f, 0xb1, 0xd, 0xf0, 0x1d, 0xe3,
    0x0, 0x9f, 0x12, 0x0, 0xd, 0xf0, 0x1, 0x20,

    /* U+4FE1 "信" */
    0x0, 0x2, 0x40, 0x0, 0x6, 0x20, 0x0, 0x0,
    0x0, 0xa, 0xf3, 0x0, 0x3f, 0xb0, 0x0, 0x0,
    0x0, 0x1f, 0xc0, 0x0, 0xb, 0xe1, 0x0, 0x0,
    0x0, 0x8f, 0x6f, 0xff, 0xff, 0xff, 0xff, 0xf5,
    0x2, 0xff, 0x17, 0x77, 0x77, 0x77, 0x77, 0x72,
    0xb, 0xff, 0x10, 0x77, 0x77, 0x77, 0x77, 0x0,
    0x7f, 0xff, 0x10, 0xff, 0xff, 0xff, 0xff, 0x0,
    0x4e, 0xaf, 0x10, 0x33, 0x33, 0x33, 0x33, 0x0,
    0x1, 0x9f, 0x10, 0xff, 0xff, 0xff, 0xff, 0x0,
    0x0, 0x9f, 0x10, 0x22, 0x22, 0x22, 0x22, 0x0,
    0x0, 0x9f, 0x11, 0xff, 0xff, 0xff, 0xff, 0x50,
    0x0, 0x9f, 0x11, 0xfa, 0x88, 0x88, 0xbf, 0x50,
    0x0, 0x9f, 0x11, 0xf5, 0x0, 0x0, 0x6f, 0x50,
    0x0, 0x9f, 0x11, 0xfa, 0x77, 0x77, 0xaf, 0x50,
    0x0, 0x9f, 0x11, 0xff, 0xff, 0xff, 0xff, 0x50,
    0x0, 0x11, 0x0, 0x0, 0x0, 0x0, 0x0, 0x0,

    /* U+4FEE "修" */
    0x0, 0x5, 0x20, 0x0, 0x36, 0x10, 0x0, 0x0,
    0x0, 0x1f, 0xb0, 0x0, 0xcf, 0x20, 0x0, 0x0,
    0x0, 0x6f, 0x50, 0x5, 0xff, 0xff, 0xff, 0x90,
    0x0, 0xdf, 0x0, 0x2f, 0xfa, 0x88, 0xcf, 0x60,
    0x5, 0xfd, 0x1, 0xef, 0xde, 0x25, 0xfb, 0x0,
    0xe, 0xfd, 0x7f, 0x44, 0x1d, 0xff, 0xc1, 0x0,
    0x9f, 0xfd, 0x7f, 0x13, 0x9f, 0xff, 0xe8, 0x30,
    0x6e, 0xfd, 0x7f, 0xef, 0xfa, 0x35, 0xcf, 0xf4,
    0x3, 0xed, 0x7f, 0x55, 0x15, 0xdd, 0x12, 0x50,
    0x0, 0xed, 0x7f, 0x16, 0xef, 0xa1, 0x74, 0x0,
    0x0, 0xed, 0x7f, 0x11, 0x72, 0x5d, 0xe4, 0x0,
    0x0, 0xed, 0x7f, 0x14, 0xaf, 0xf9, 0x29, 0x91,
    0x0, 0xed, 0x5b, 0x1, 0xa6, 0x27, 0xef, 0x70,
    0x0, 0xed, 0x0, 0x26, 0x9c, 0xff, 0x92, 0x0,
    0x0, 0xed, 0x0, 0x1d, 0xc9, 0x40, 0x0, 0x0,

    /* U+505A "做" */
    0x0, 0x0, 0x0, 0x0, 0x0, 0x1, 0x0, 0x0,
    0x0, 0xe, 0x80, 0xef, 0x0, 0x1f, 0x70, 0x0,
    0x0, 0x4f, 0x70, 0xef, 0x0, 0x3f, 0x60, 0x0,
    0x0, 0x9f, 0x20, 0xef, 0x0, 0x6f, 0x30, 0x0,
    0x0, 0xfd, 0x5a, 0xff, 0xa8, 0xaf, 0x99, 0x93,
    0x7, 0xfc, 0x8f, 0xff, 0xfd, 0xef, 0xff, 0xf5,
    0x1e, 0xfc, 0x0, 0xef, 0x3, 0xf9, 0xf, 0x90,
    0x9f, 0xfc, 0x0, 0xef, 0xa, 0xfb, 0x1f, 0x60,
    0x8e, 0xfc, 0x1, 0xef, 0x2e, 0xfe, 0x4f, 0x40,
    0x14, 0xec, 0x8f, 0xff, 0xfd, 0x7f, 0xaf, 0x10,
    0x0, 0xec, 0x8f, 0x77, 0xf9, 0xf, 0xfc, 0x0,
    0x0, 0xec, 0x8f, 0x0, 0xf9, 0xa, 0xf6, 0x0,
    0x0, 0xec, 0x8f, 0x0, 0xf9, 0xa, 0xf5, 0x0,
    0x0, 0xec, 0x8f, 0xff, 0xf9, 0x6f, 0xee, 0x10,
    0x0, 0xec, 0x8f, 0x99, 0x9c, 0xf9, 0x2f, 0xd2,
    0x0, 0xec, 0x6b, 0x0, 0xa, 0x80, 0x3, 0xb0,

    /* U+50A8 "储" */
    0x0, 0x3c, 0x30, 0x0, 0x1, 0xf9, 0x1, 0x51,
    0x0, 0x7f, 0x3a, 0x20, 0x1, 0xf9, 0x7, 0xf5,
    0x0, 0xcc, 0x2f, 0xd1, 0xcf, 0xff, 0xff, 0xe0,
    0x2, 0xf8, 0x6, 0xf8, 0x79, 0xfc, 0xdf, 0x60,
    0x9, 0xf7, 0x0, 0x40, 0x1, 0xfb, 0xfd, 0x0,
    0x1f, 0xfa, 0x9a, 0x65, 0xef, 0xff, 0xff, 0xea,
    0x8f, 0xfb, 0xff, 0xa3, 0xbb, 0xff, 0xcb, 0xb7,
    0x3a, 0xf8, 0x1e, 0xa0, 0x1c, 0xfa, 0x0, 0x0,
    0x1, 0xf7, 0xd, 0xa5, 0xef, 0xff, 0xff, 0xd0,
    0x1, 0xf7, 0xd, 0xa6, 0xff, 0xd8, 0x8d, 0xe0,
    0x1, 0xf7, 0xd, 0xa0, 0x2c, 0xd6, 0x6d, 0xe0,
    0x1, 0xf7, 0xd, 0xb5, 0x4c, 0xfe, 0xef, 0xe0,
    0x1, 0xf7, 0x1f, 0xff, 0x9c, 0xb0, 0xb, 0xe0,
    0x1, 0xf7, 0x4f, 0xe5, 0xc, 0xff, 0xff, 0xe0,
    0x1, 0xf7, 0x5, 0x0, 0xc, 0xd8, 0x8d, 0xe0,
    0x0, 0x10, 0x0, 0x0, 0x0, 0x0, 0x0, 0x0,

    /* U+50CF "像" */
    0x0, 0x1, 0x40, 0x4, 0x50, 0x0, 0x0, 0x0,
    0x0, 0x7, 0xf8, 0x1e, 0xf6, 0x67, 0x0, 0x0,
    0x0, 0xe, 0xf2, 0xcf, 0xff, 0xff, 0x80, 0x0,
    0x0, 0x8f, 0xab, 0xfa, 0x34, 0xee, 0x33, 0x10,
    0x3, 0xff, 0xaf, 0xff, 0xff, 0xff, 0xff, 0x90,
    0x1d, 0xff, 0x5, 0xf8, 0xb, 0xd0, 0x1f, 0x90,
    0x8f, 0xff, 0x1, 0xff, 0xff, 0xff, 0xff, 0x90,
    0x1d, 0xdf, 0x0, 0x6c, 0xfe, 0x55, 0x57, 0x30,
    0x0, 0xcf, 0x17, 0xef, 0xcf, 0x70, 0x7f, 0x80,
    0x0, 0xcf, 0x9, 0x95, 0xbf, 0xfe, 0xfb, 0x10,
    0x0, 0xcf, 0x5, 0xbf, 0xa7, 0xfb, 0xdc, 0x0,
    0x0, 0xcf, 0x9, 0xc5, 0x9f, 0xfa, 0x7f, 0x50,
    0x0, 0xcf, 0x2, 0x9f, 0xf6, 0xfb, 0xe, 0xf5,
    0x0, 0xcf, 0x2e, 0xf9, 0x69, 0xf8, 0x3, 0xd2,
    0x0, 0xbf, 0x2, 0x10, 0x7f, 0xb0, 0x0, 0x0,
    0x0, 0x0, 0x0, 0x0, 0x0, 0x0, 0x0, 0x0,

    /* U+5148 "先" */
    0x0, 0x4, 0x61, 0xe, 0xf0, 0x0, 0x0, 0x0,
    0x0, 0xb, 0xf3, 0xe, 0xf0, 0x0, 0x0, 0x0,
    0x0, 0xf, 0xf2, 0x2e, 0xf2, 0x22, 0x22, 0x0,
    0x0, 0x5f, 0xff, 0xff, 0xff, 0xff, 0xfe, 0x0,
    0x0, 0xcf, 0xa9, 0x9f, 0xf9, 0x99, 0x98, 0x0,
    0x5, 0xfb, 0x0, 0xe, 0xf0, 0x0, 0x0, 0x0,
    0x0, 0x72, 0x0, 0xe, 0xf0, 0x0, 0x0, 0x0,
    0x1d, 0xdd, 0xdd, 0xdf, 0xfd, 0xdd, 0xdd, 0xd2,
    0x1d, 0xdd, 0xef, 0xfd, 0xdf, 0xfd, 0xdd, 0xd2,
    0x0, 0x0, 0x6f, 0x80, 0xe, 0xe0, 0x0, 0x0,
    0x0, 0x0, 0xaf, 0x50, 0xe, 0xe0, 0x0, 0x0,
    0x0, 0x2, 0xff, 0x10, 0xe, 0xe0, 0x4, 0x71,
    0x0, 0x2d, 0xf8, 0x0, 0xe, 0xe0, 0x6, 0xf3,
    0x19, 0xff, 0xb0, 0x0, 0xd, 0xfc, 0xbe, 0xf1,
    0xb, 0xf8, 0x0, 0x0, 0x6, 0xff, 0xff, 0x80,
    0x1, 0x10, 0x0, 0x0, 0x0, 0x0, 0x0, 0x0,

    /* U+514B "克" */
    0x0, 0x0, 0x0, 0xc, 0xf0, 0x0, 0x0, 0x0,
    0x0, 0x0, 0x0, 0xc, 0xf1, 0x0, 0x0, 0x0,
    0xc, 0xff, 0xff, 0xff, 0xff, 0xff, 0xff, 0xf3,
    0x7, 0x99, 0x99, 0x9e, 0xf9, 0x99, 0x99, 0x91,
    0x0, 0x0, 0x0, 0xc, 0xf0, 0x0, 0x0, 0x0,
    0x0, 0x1f, 0xff, 0xff, 0xff, 0xff, 0xfc, 0x0,
    0x0, 0x1f, 0xe9, 0x99, 0x99, 0x9a, 0xfc, 0x0,
    0x0, 0x1f, 0xb0, 0x0, 0x0, 0x1, 0xfc, 0x0,
    0x0, 0x1f, 0xeb, 0xbb, 0xbb, 0xbb, 0xfc, 0x0,
    0x0, 0x1e, 0xef, 0xfe, 0xef, 0xfe, 0xeb, 0x0,
    0x0, 0x0, 0xf, 0xf0, 0xf, 0xf0, 0x0, 0x0,
    0x0, 0x0, 0x6f, 0xb0, 0xf, 0xf0, 0x0, 0x72,
    0x0, 0x6, 0xff, 0x40, 0xf, 0xf0, 0x0, 0xf9,
    0x1a, 0xff, 0xf7, 0x0, 0xf, 0xfc, 0xbc, 0xf6,
    0xa, 0xfa, 0x30, 0x0, 0x7, 0xff, 0xff, 0xc0,
    0x0, 0x0, 0x0, 0x0, 0x0, 0x0, 0x0, 0x0,

    /* U+514D "免" */
    0x0, 0x0, 0x18, 0x50, 0x0, 0x0, 0x0, 0x0,
    0x0, 0x0, 0xaf, 0xd8, 0x88, 0x50, 0x0, 0x0,
    0x0, 0x7, 0xff, 0xff, 0xff, 0xf2, 0x0, 0x0,
    0x0, 0x7f, 0xe2, 0x0, 0x7f, 0x90, 0x0, 0x0,
    0x9, 0xff, 0xc9, 0x9a, 0xff, 0xa9, 0x99, 0x0,
    0x4f, 0xff, 0xff, 0xff, 0xff, 0xff, 0xff, 0x10,
    0x4, 0xdf, 0x0, 0xc, 0xf2, 0x0, 0xdf, 0x10,
    0x0, 0xcf, 0x0, 0xf, 0xf0, 0x0, 0xdf, 0x10,
    0x0, 0xcf, 0xcc, 0xdf, 0xfc, 0xcc, 0xff, 0x10,
    0x0, 0xad, 0xdd, 0xff, 0xff, 0xfd, 0xdd, 0x10,
    0x0, 0x0, 0x1, 0xef, 0x5f, 0xc0, 0x0, 0x0,
    0x0, 0x0, 0x1c, 0xf9, 0x2f, 0xc0, 0x2, 0x40,
    0x0, 0x5, 0xef, 0xb0, 0x2f, 0xc0, 0x5, 0xf5,
    0x19, 0xef, 0xf8, 0x0, 0x1f, 0xfa, 0xad, 0xf2,
    0xb, 0xe9, 0x20, 0x0, 0x9, 0xff, 0xff, 0x90,
    0x0, 0x0, 0x0, 0x0, 0x0, 0x0, 0x0, 0x0,

    /* U+5165 "入" */
    0x0, 0x0, 0x3, 0x0, 0x0, 0x0, 0x0, 0x0,
    0x0, 0x0, 0x2f, 0xa0, 0x0, 0x0, 0x0, 0x0,
    0x0, 0x0, 0x3e, 0xfa, 0x0, 0x0, 0x0, 0x0,
    0x0, 0x0, 0x2, 0xef, 0x60, 0x0, 0x0, 0x0,
    0x0, 0x0, 0x0, 0x4f, 0xf2, 0x0, 0x0, 0x0,
    0x0, 0x0, 0x0, 0x5f, 0xfa, 0x0, 0x0, 0x0,
    0x0, 0x0, 0x0, 0xaf, 0xff, 0x30, 0x0, 0x0,
    0x0, 0x0, 0x0, 0xff, 0x9f, 0xc0, 0x0, 0x0,
    0x0, 0x0, 0x6, 0xfd, 0xd, 0xf5, 0x0, 0x0,
    0x0, 0x0, 0xe, 0xf6, 0x4, 0xfe, 0x10, 0x0,
    0x0, 0x0, 0x9f, 0xd0, 0x0, 0xbf, 0xa0, 0x0,
    0x0, 0x6, 0xff, 0x30, 0x0, 0x2f, 0xf8, 0x0,
    0x0, 0x8f, 0xf6, 0x0, 0x0, 0x6, 0xff, 0x90,
    0x2c, 0xff, 0x70, 0x0, 0x0, 0x0, 0x8f, 0xf6,
    0x8, 0xf5, 0x0, 0x0, 0x0, 0x0, 0x7, 0xe0,
    0x0, 0x10, 0x0, 0x0, 0x0, 0x0, 0x0, 0x10,

    /* U+5168 "全" */
    0x0, 0x0, 0x0, 0x5, 0x40, 0x0, 0x0, 0x0,
    0x0, 0x0, 0x0, 0x3f, 0xf3, 0x0, 0x0, 0x0,
    0x0, 0x0, 0x3, 0xef, 0xfe, 0x20, 0x0, 0x0,
    0x0, 0x0, 0x4f, 0xf6, 0x6f, 0xe4, 0x0, 0x0,
    0x0, 0x9, 0xff, 0x50, 0x5, 0xff, 0x90, 0x0,
    0x6, 0xef, 0xd3, 0x0, 0x0, 0x3d, 0xfe, 0x60,
    0x5f, 0xff, 0xcb, 0xbb, 0xbb, 0xbc, 0xff, 0xf6,
    0x6, 0x2c, 0xee, 0xef, 0xfe, 0xee, 0xd3, 0x80,
    0x0, 0x0, 0x0, 0xf, 0xf0, 0x0, 0x0, 0x0,
    0x0, 0x0, 0x0, 0xf, 0xf0, 0x0, 0x0, 0x0,
    0x0, 0xb, 0xff, 0xff, 0xff, 0xff, 0xd0, 0x0,
    0x0, 0x5, 0x88, 0x8f, 0xf8, 0x88, 0x70, 0x0,
    0x0, 0x0, 0x0, 0xf, 0xf0, 0x0, 0x0, 0x0,
    0xa, 0xdd, 0xdd, 0xdf, 0xfd, 0xdd, 0xdd, 0xb0,
    0xc, 0xff, 0xff, 0xff, 0xff, 0xff, 0xff, 0xe0,

    /* U+5173 "关" */
    0x0, 0x1, 0x81, 0x0, 0x0, 0x9, 0x40, 0x0,
    0x0, 0x6, 0xfb, 0x0, 0x0, 0x7f, 0xb0, 0x0,
    0x0, 0x0, 0xbf, 0x50, 0x0, 0xef, 0x20, 0x0,
    0x0, 0x88, 0xaf, 0x98, 0x8b, 0xfd, 0x88, 0x10,
    0x0, 0xff, 0xff, 0xff, 0xff, 0xff, 0xff, 0x30,
    0x0, 0x44, 0x44, 0x4f, 0xf6, 0x44, 0x44, 0x10,
    0x0, 0x0, 0x0, 0xf, 0xf3, 0x0, 0x0, 0x0,
    0x0, 0x0, 0x0, 0xf, 0xf3, 0x0, 0x0, 0x0,
    0xf, 0xff, 0xff, 0xff, 0xff, 0xff, 0xff, 0xf1,
    0xc, 0xcc, 0xcc, 0xdf, 0xfe, 0xcc, 0xcc, 0xc0,
    0x0, 0x0, 0x0, 0xcf, 0xff, 0x20, 0x0, 0x0,
    0x0, 0x0, 0xa, 0xff, 0x8f, 0xe2, 0x0, 0x0,
    0x0, 0x4, 0xdf, 0xf5, 0x9, 0xff, 0x70, 0x0,
    0x16, 0xcf, 0xfe, 0x40, 0x0, 0x8f, 0xff, 0x93,
    0x1d, 0xfe, 0x80, 0x0, 0x0, 0x4, 0xcf, 0xe1,
    0x2, 0x50, 0x0, 0x0, 0x0, 0x0, 0x3, 0x30,

    /* U+5177 "具" */
    0x0, 0xb, 0xff, 0xff, 0xff, 0xff, 0xe0, 0x0,
    0x0, 0xb, 0xf7, 0x77, 0x77, 0x7f, 0xe0, 0x0,
    0x0, 0xb, 0xf9, 0x99, 0x99, 0x9f, 0xe0, 0x0,
    0x0, 0xb, 0xfd, 0xdd, 0xdd, 0xdf, 0xe0, 0x0,
    0x0, 0xb, 0xf3, 0x33, 0x33, 0x3f, 0xe0, 0x0,
    0x0, 0xb, 0xff, 0xff, 0xff, 0xff, 0xe0, 0x0,
    0x0, 0xb, 0xf1, 0x11, 0x11, 0x1f, 0xe0, 0x0,
    0x0, 0xb, 0xff, 0xff, 0xff, 0xff, 0xe0, 0x0,
    0x0, 0xb, 0xf4, 0x44, 0x44, 0x4f, 0xe0, 0x0,
    0x3c, 0xcf, 0xfc, 0xcc, 0xcc, 0xcf, 0xfc, 0xc4,
    0x3d, 0xdd, 0xee, 0xdd, 0xdd, 0xfe, 0xdd, 0xd4,
    0x0, 0x5, 0xee, 0x40, 0x4, 0xff, 0x81, 0x0,
    0x5, 0xcf, 0xf9, 0x0, 0x0, 0x6d, 0xff, 0x81,
    0x2d, 0xfa, 0x20, 0x0, 0x0, 0x0, 0x6e, 0xd2,
    0x1, 0x10, 0x0, 0x0, 0x0, 0x0, 0x1, 0x10,

    /* U+5185 "内" */
    0x0, 0x0, 0x1, 0xfc, 0x0, 0x0, 0x0, 0x0,
    0x0, 0x1, 0xfc, 0x0, 0x0, 0x0, 0x0, 0x0,
    0x1, 0xfc, 0x0, 0x0, 0x0, 0xbf, 0xff, 0xff,
    0xff, 0xff, 0xff, 0xf9, 0xcf, 0xdd, 0xdd, 0xff,
    0xdd, 0xdd, 0xfa, 0xcf, 0x10, 0x3, 0xfa, 0x0,
    0x2, 0xfa, 0xcf, 0x10, 0x6, 0xfa, 0x0, 0x2,
    0xfa, 0xcf, 0x10, 0xc, 0xff, 0x90, 0x2, 0xfa,
    0xcf, 0x10, 0x5f, 0xcc, 0xfb, 0x2, 0xfa, 0xcf,
    0x14, 0xff, 0x20, 0xbf, 0xc3, 0xfa, 0xcf, 0x9f,
    0xf4, 0x0, 0xb, 0xfa, 0xfa, 0xcf, 0x2b, 0x30,
    0x0, 0x0, 0x52, 0xfa, 0xcf, 0x10, 0x0, 0x0,
    0x0, 0x2, 0xfa, 0xcf, 0x10, 0x0, 0x0, 0xb,
    0xcd, 0xf9, 0xcf, 0x10, 0x0, 0x0, 0x8, 0xfe,
    0xc2,

    /* U+5199 "写" */
    0xef, 0xff, 0xff, 0xff, 0xff, 0xff, 0xfe, 0xef,
    0xbb, 0xbb, 0xbb, 0xbb, 0xbb, 0xfe, 0xee, 0x8,
    0xf6, 0x0, 0x0, 0x0, 0xee, 0x87, 0xb, 0xfa,
    0x88, 0x88, 0x87, 0x78, 0x0, 0xe, 0xff, 0xff,
    0xff, 0xfe, 0x0, 0x0, 0x2f, 0xc0, 0x0, 0x0,
    0x0, 0x0, 0x0, 0x5f, 0xd8, 0x88, 0x88, 0x89,
    0x40, 0x0, 0x9f, 0xff, 0xff, 0xff, 0xff, 0x60,
    0x0, 0x0, 0x0, 0x0, 0x0, 0x6f, 0x50, 0x59,
    0x99, 0x99, 0x99, 0x93, 0x8f, 0x30, 0x9f, 0xff,
    0xff, 0xff, 0xf6, 0xaf, 0x10, 0x0, 0x0, 0x0,
    0x0, 0x0, 0xee, 0x0, 0x0, 0x0, 0x0, 0x49,
    0x9b, 0xf9, 0x0, 0x0, 0x0, 0x0, 0x2f, 0xff,
    0xc1, 0x0, 0x0, 0x0, 0x0, 0x0, 0x0, 0x0,
    0x0,

    /* U+51B2 "冲" */
    0x0, 0x0, 0x0, 0x0, 0xd, 0xf0, 0x0, 0x0,
    0x5, 0x70, 0x0, 0x0, 0xd, 0xf0, 0x0, 0x0,
    0x1e, 0xf9, 0x0, 0x0, 0xd, 0xf0, 0x0, 0x0,
    0x3, 0xff, 0x79, 0xcc, 0xcf, 0xfc, 0xcc, 0xc0,
    0x0, 0x3e, 0x3b, 0xff, 0xff, 0xff, 0xff, 0xf0,
    0x0, 0x0, 0xb, 0xf1, 0xd, 0xf0, 0xd, 0xf0,
    0x0, 0x0, 0xb, 0xf1, 0xd, 0xf0, 0xd, 0xf0,
    0x0, 0x4, 0xb, 0xf1, 0xd, 0xf0, 0xd, 0xf0,
    0x0, 0x3f, 0x8b, 0xfc, 0xcf, 0xfc, 0xcf, 0xf0,
    0x0, 0xcf, 0x4b, 0xff, 0xff, 0xff, 0xff, 0xf0,
    0x5, 0xfc, 0x9, 0xd1, 0xd, 0xf0, 0x9, 0xb0,
    0x1e, 0xf4, 0x0, 0x0, 0xd, 0xf0, 0x0, 0x0,
    0x4f, 0xb0, 0x0, 0x0, 0xd, 0xf0, 0x0, 0x0,
    0x3, 0x20, 0x0, 0x0, 0xd, 0xf0, 0x0, 0x0,
    0x0, 0x0, 0x0, 0x0, 0xd, 0xf0, 0x0, 0x0,

    /* U+51B3 "决" */
    0x0, 0x0, 0x0, 0x0, 0x1f, 0xd0, 0x0, 0x0,
    0x1d, 0xa0, 0x0, 0x0, 0x1f, 0xd0, 0x0, 0x0,
    0xc, 0xf5, 0x0, 0x0, 0x2f, 0xd0, 0x0, 0x0,
    0x2, 0xff, 0x10, 0xff, 0xff, 0xff, 0xff, 0x20,
    0x0, 0x8f, 0x70, 0xbb, 0xbf, 0xfb, 0xef, 0x20,
    0x0, 0x5, 0x0, 0x0, 0x1f, 0xd0, 0x9f, 0x20,
    0x0, 0x0, 0x0, 0x0, 0x2f, 0xc0, 0x9f, 0x20,
    0x0, 0x0, 0x2, 0x22, 0x4f, 0xc2, 0xaf, 0x41,
    0x0, 0x3, 0xf, 0xff, 0xff, 0xff, 0xff, 0xf8,
    0x0, 0x4f, 0x49, 0x99, 0xdf, 0xfe, 0x99, 0x94,
    0x0, 0xcf, 0x20, 0x0, 0xef, 0xee, 0x0, 0x0,
    0x4, 0xfb, 0x0, 0x8, 0xfa, 0x6f, 0x90, 0x0,
    0xd, 0xf3, 0x0, 0x6f, 0xf1, 0xe, 0xf6, 0x0,
    0x5f, 0xb0, 0x1a, 0xff, 0x40, 0x3, 0xff, 0x91,
    0x9, 0x30, 0x9f, 0xe4, 0x0, 0x0, 0x4f, 0xf4,
    0x0, 0x0, 0x7, 0x10, 0x0, 0x0, 0x1, 0x50,

    /* U+51FA "出" */
    0x0, 0x0, 0x1, 0xfe, 0x0, 0x0, 0x0, 0x1,
    0x0, 0x1, 0xfe, 0x0, 0x1, 0x10, 0xf, 0xf0,
    0x1, 0xfe, 0x0, 0x2f, 0xe0, 0xf, 0xf0, 0x1,
    0xfe, 0x0, 0x2f, 0xe0, 0xf, 0xf0, 0x1, 0xfe,
    0x0, 0x2f, 0xe0, 0xf, 0xf0, 0x2, 0xfe, 0x0,
    0x2f, 0xe0, 0xf, 0xff, 0xff, 0xff, 0xff, 0xff,
    0xe0, 0xb, 0xbb, 0xbc, 0xff, 0xbb, 0xbb, 0xa0,
    0x45, 0x10, 0x1, 0xfe, 0x0, 0x2, 0x52, 0xdf,
    0x30, 0x1, 0xfe, 0x0, 0x8, 0xf8, 0xdf, 0x30,
    0x1, 0xfe, 0x0, 0x8, 0xf8, 0xdf, 0x30, 0x1,
    0xfe, 0x0, 0x8, 0xf8, 0xdf, 0x41, 0x12, 0xff,
    0x11, 0x18, 0xf8, 0xdf, 0xff, 0xff, 0xff, 0xff,
    0xff, 0xf8, 0x9c, 0xcc, 0xcc, 0xcc, 0xcc, 0xce,
    0xf8,

    /* U+51FB "击" */
    0x0, 0x0, 0x0, 0xe, 0xf0, 0x0, 0x0, 0x0,
    0x0, 0x0, 0x0, 0xe, 0xf0, 0x0, 0x0, 0x0,
    0x0, 0x11, 0x11, 0x1e, 0xf2, 0x11, 0x11, 0x0,
    0x0, 0xff, 0xff, 0xff, 0xff, 0xff, 0xff, 0x10,
    0x0, 0xbb, 0xbb, 0xbf, 0xfb, 0xbb, 0xbb, 0x10,
    0x0, 0x0, 0x0, 0xe, 0xf0, 0x0, 0x0, 0x0,
    0x2c, 0xcc, 0xcc, 0xcf, 0xfc, 0xcc, 0xcc, 0xc2,
    0x3f, 0xff, 0xff, 0xff, 0xff, 0xff, 0xff, 0xf3,
    0x0, 0x0, 0x0, 0xe, 0xf1, 0x0, 0x0, 0x0,
    0x0, 0xac, 0x0, 0xe, 0xf0, 0x0, 0xca, 0x0,
    0x0, 0xdf, 0x10, 0xe, 0xf0, 0x0, 0xfd, 0x0,
    0x0, 0xdf, 0x10, 0xe, 0xf0, 0x0, 0xfd, 0x0,
    0x0, 0xdf, 0x32, 0x2e, 0xf2, 0x22, 0xfd, 0x0,
    0x0, 0xdf, 0xff, 0xff, 0xff, 0xff, 0xfd, 0x0,
    0x0, 0x9a, 0xaa, 0xaa, 0xaa, 0xaa, 0xfd, 0x0,

    /* U+5206 "分" */
    0x0, 0x0, 0x3, 0x0, 0x0, 0x30, 0x0, 0x0,
    0x0, 0x0, 0x6f, 0xb0, 0x7, 0xf7, 0x0, 0x0,
    0x0, 0x0, 0xdf, 0x50, 0x1, 0xff, 0x20, 0x0,
    0x0, 0x8, 0xfc, 0x0, 0x0, 0x7f, 0xc0, 0x0,
    0x0, 0x4f, 0xf3, 0x0, 0x0, 0xc, 0xf9, 0x0,
    0x3, 0xef, 0x80, 0x0, 0x0, 0x2, 0xff, 0x80,
    0x2f, 0xff, 0xaa, 0xaa, 0xaa, 0xab, 0xdf, 0xf4,
    0x8, 0xbe, 0xff, 0xff, 0xff, 0xff, 0xf7, 0x70,
    0x0, 0x1, 0x26, 0xfa, 0x22, 0x2e, 0xf0, 0x0,
    0x0, 0x0, 0x9, 0xf6, 0x0, 0xe, 0xf0, 0x0,
    0x0, 0x0, 0xe, 0xf1, 0x0, 0xf, 0xe0, 0x0,
    0x0, 0x0, 0x9f, 0xa0, 0x0, 0x1f, 0xd0, 0x0,
    0x0, 0x1a, 0xfe, 0x10, 0x0, 0x4f, 0xb0, 0x0,
    0x8, 0xff, 0xe3, 0x1, 0xcc, 0xef, 0x80, 0x0,
    0x5, 0xf9, 0x10, 0x0, 0xcf, 0xfb, 0x10, 0x0,
    0x0, 0x10, 0x0, 0x0, 0x0, 0x0, 0x0, 0x0,

    /* U+5207 "切" */
    0x0, 0xbf, 0x0, 0x39, 0x99, 0x99, 0x9a, 0x90,
    0x0, 0xbf, 0x0, 0x6f, 0xff, 0xff, 0xff, 0xf1,
    0x0, 0xbf, 0x0, 0x12, 0x4f, 0xc2, 0x2d, 0xf0,
    0x1, 0xcf, 0xbe, 0xd0, 0x2f, 0xa0, 0xd, 0xf0,
    0x8f, 0xff, 0xfd, 0x90, 0x3f, 0xa0, 0xd, 0xf0,
    0x59, 0xdf, 0x10, 0x0, 0x4f, 0x80, 0xe, 0xf0,
    0x0, 0xbf, 0x0, 0x0, 0x5f, 0x70, 0xe, 0xe0,
    0x0, 0xbf, 0x0, 0x0, 0x8f, 0x40, 0xf, 0xd0,
    0x0, 0xbf, 0x17, 0xa0, 0xcf, 0x10, 0xf, 0xd0,
    0x0, 0xcf, 0xff, 0xd2, 0xfc, 0x0, 0x1f, 0xc0,
    0x5, 0xff, 0xd5, 0xb, 0xf6, 0x0, 0x3f, 0xa0,
    0x0, 0xd5, 0x0, 0x7f, 0xe0, 0x0, 0x7f, 0x80,
    0x0, 0x0, 0x9, 0xff, 0x30, 0xcc, 0xff, 0x50,
    0x0, 0x0, 0x5, 0xe4, 0x0, 0xaf, 0xf9, 0x0,
    0x0, 0x0, 0x0, 0x0, 0x0, 0x0, 0x0, 0x0,

    /* U+5212 "划" */
    0x0, 0x12, 0x0, 0x0, 0x0, 0x0, 0x0, 0x0,
    0x9, 0xf4, 0x96, 0x0, 0x0, 0x0, 0xfc, 0x0,
    0x9f, 0x5d, 0xf4, 0x0, 0x0, 0xf, 0xc0, 0x8,
    0xf4, 0x2e, 0xe0, 0xd, 0x90, 0xfc, 0x0, 0x7f,
    0x50, 0x45, 0x1, 0xfb, 0xf, 0xc1, 0x39, 0xfb,
    0xab, 0xdf, 0x5f, 0xb0, 0xfc, 0x8f, 0xff, 0xff,
    0xfe, 0xc4, 0xfb, 0xf, 0xc4, 0x88, 0xfc, 0x12,
    0x72, 0x1f, 0xb0, 0xfc, 0x0, 0xf, 0xd0, 0xaf,
    0x51, 0xfb, 0xf, 0xc0, 0x0, 0xcf, 0x5f, 0xc0,
    0x1f, 0xb0, 0xfc, 0x0, 0x9, 0xff, 0xf3, 0x1,
    0xfb, 0xf, 0xc0, 0x0, 0x5f, 0xf6, 0x0, 0x1f,
    0xa0, 0xfc, 0x0, 0x2d, 0xff, 0x1, 0xc2, 0x0,
    0xf, 0xc0, 0x6f, 0xfd, 0xf8, 0x3f, 0x50, 0x0,
    0xfc, 0x4f, 0xf6, 0x1e, 0xff, 0xf1, 0x4c, 0xcf,
    0xb0, 0x52, 0x0, 0x2b, 0xd7, 0x0, 0xff, 0xc3,

    /* U+5217 "列" */
    0x0, 0x0, 0x0, 0x0, 0x0, 0x0, 0xc, 0xf1,
    0x3f, 0xff, 0xff, 0xff, 0xf2, 0x0, 0xc, 0xf1,
    0x2b, 0xbf, 0xfb, 0xbb, 0xb2, 0xfa, 0xc, 0xf1,
    0x0, 0x2f, 0xa0, 0x0, 0x1, 0xfb, 0xc, 0xf1,
    0x0, 0x7f, 0xb7, 0x77, 0x31, 0xfb, 0xc, 0xf1,
    0x0, 0xdf, 0xff, 0xff, 0xb1, 0xfb, 0xc, 0xf1,
    0x4, 0xfb, 0x33, 0x7f, 0x81, 0xfb, 0xc, 0xf1,
    0xd, 0xf3, 0x0, 0x8f, 0x41, 0xfb, 0xc, 0xf1,
    0x3f, 0xa9, 0x90, 0xef, 0x1, 0xfb, 0xc, 0xf1,
    0x3, 0x2d, 0xfe, 0xf9, 0x1, 0xfb, 0xc, 0xf1,
    0x0, 0x1, 0xcf, 0xf2, 0x1, 0xfb, 0xc, 0xf1,
    0x0, 0x0, 0xcf, 0x80, 0x0, 0x32, 0xc, 0xf1,
    0x0, 0x2c, 0xfb, 0x0, 0x0, 0x0, 0xc, 0xf1,
    0x8, 0xff, 0xa0, 0x0, 0x0, 0xa, 0xbf, 0xf0,
    0x5, 0xe6, 0x0, 0x0, 0x0, 0x9, 0xfe, 0x70,
    0x0, 0x0, 0x0, 0x0, 0x0, 0x0, 0x0, 0x0,

    /* U+522B "别" */
    0xb, 0xff, 0xff, 0xff, 0x0, 0x0, 0xf, 0xd0,
    0xbf, 0x99, 0x9e, 0xf0, 0x1d, 0x80, 0xfd, 0xb,
    0xf0, 0x0, 0xdf, 0x2, 0xfa, 0xf, 0xd0, 0xbf,
    0x0, 0xd, 0xf0, 0x2f, 0xa0, 0xfd, 0xb, 0xff,
    0xff, 0xff, 0x2, 0xfa, 0xf, 0xd0, 0x7a, 0xaa,
    0xaa, 0xa0, 0x2f, 0xa0, 0xfd, 0x0, 0xa, 0xf0,
    0x0, 0x2, 0xfa, 0xf, 0xd2, 0xff, 0xff, 0xff,
    0xf5, 0x2f, 0xa0, 0xfd, 0x19, 0x9f, 0xe9, 0xcf,
    0x52, 0xfa, 0xf, 0xd0, 0x0, 0xfa, 0x8, 0xf4,
    0x2f, 0xa0, 0xfd, 0x0, 0x6f, 0x60, 0xaf, 0x30,
    0x31, 0xf, 0xd0, 0x1e, 0xf1, 0xc, 0xf1, 0x0,
    0x0, 0xfd, 0x3e, 0xf5, 0x8d, 0xff, 0x0, 0x2d,
    0xdf, 0xc1, 0xd5, 0x6, 0xfe, 0x60, 0x0, 0xdf,
    0xd4, 0x0, 0x0, 0x0, 0x0, 0x0, 0x0, 0x0,
    0x0,

    /* U+5230 "到" */
    0x0, 0x0, 0x0, 0x0, 0x0, 0x0, 0xe, 0xd0,
    0xff, 0xff, 0xff, 0xff, 0x50, 0x0, 0xed, 0x8,
    0x9e, 0xf9, 0xa9, 0x93, 0xfa, 0xe, 0xd0, 0x3,
    0xfb, 0x1f, 0xa0, 0xf, 0xa0, 0xed, 0x0, 0xbf,
    0x20, 0x9f, 0x40, 0xfa, 0xe, 0xd0, 0x7f, 0xeb,
    0xce, 0xfd, 0xf, 0xa0, 0xed, 0x5, 0xfe, 0xdb,
    0xab, 0xe2, 0xfa, 0xe, 0xd0, 0x0, 0x7, 0xb0,
    0x1, 0xf, 0xa0, 0xed, 0x2, 0x44, 0xbf, 0x44,
    0x30, 0xfa, 0xe, 0xd0, 0x9f, 0xff, 0xff, 0xff,
    0xf, 0xa0, 0xed, 0x3, 0x55, 0xcf, 0x65, 0x50,
    0xfa, 0xe, 0xd0, 0x0, 0xa, 0xf1, 0x2, 0xa,
    0x70, 0xed, 0x0, 0x25, 0xdf, 0xdf, 0xf3, 0x0,
    0xe, 0xd0, 0xff, 0xff, 0xeb, 0x74, 0x1, 0xbb,
    0xfc, 0x8, 0x74, 0x10, 0x0, 0x0, 0xc, 0xfd,
    0x40,

    /* U+523B "刻" */
    0x0, 0x0, 0x2, 0x0, 0x0, 0x0, 0x0, 0x0,
    0x0, 0x0, 0xbf, 0x20, 0x0, 0x0, 0xb, 0xf1,
    0x0, 0x0, 0x6f, 0x80, 0x0, 0x0, 0xb, 0xf1,
    0x1d, 0xdd, 0xdf, 0xfd, 0xdb, 0x6f, 0x3b, 0xf1,
    0x1d, 0xde, 0xff, 0xdd, 0xdb, 0x6f, 0x3b, 0xf1,
    0x0, 0xd, 0xf3, 0x6, 0x20, 0x6f, 0x3b, 0xf1,
    0x0, 0xbf, 0x50, 0x5f, 0x90, 0x6f, 0x3b, 0xf1,
    0xa, 0xff, 0xff, 0xfe, 0x10, 0x6f, 0x3b, 0xf1,
    0x5, 0xba, 0xaf, 0xf4, 0x61, 0x6f, 0x3b, 0xf1,
    0x0, 0x2, 0xdf, 0x66, 0xfa, 0x6f, 0x3b, 0xf1,
    0x0, 0x7f, 0xf6, 0x3f, 0xe1, 0x6f, 0x3b, 0xf1,
    0xa, 0xfe, 0x44, 0xff, 0x30, 0x6f, 0x3b, 0xf1,
    0x1, 0x81, 0x7f, 0xfe, 0x20, 0x1, 0xb, 0xf1,
    0x0, 0x3c, 0xfe, 0x6f, 0xf5, 0x0, 0xb, 0xf1,
    0xb, 0xff, 0xa1, 0x2, 0xed, 0xb, 0xbf, 0xf0,
    0x6, 0xc4, 0x0, 0x0, 0x21, 0xb, 0xfe, 0x70,
    0x0, 0x0, 0x0, 0x0, 0x0, 0x0, 0x0, 0x0,

    /* U+524D "前" */
    0x0, 0x0, 0x40, 0x0, 0x0, 0x5, 0x20, 0x0,
    0x0, 0xb, 0xf7, 0x0, 0x0, 0x3f, 0xf1, 0x0,
    0x0, 0x2, 0xfe, 0x10, 0x0, 0xcf, 0x70, 0x0,
    0x1f, 0xff, 0xff, 0xff, 0xff, 0xff, 0xff, 0xf7,
    0xa, 0xaa, 0xaa, 0xaa, 0xaa, 0xaa, 0xaa, 0xa4,
    0x1, 0x33, 0x33, 0x33, 0x0, 0x0, 0x27, 0x40,
    0x6, 0xff, 0xff, 0xfe, 0x9, 0xf2, 0x4f, 0x80,
    0x6, 0xf9, 0x55, 0xee, 0x9, 0xf2, 0x4f, 0x80,
    0x6, 0xfc, 0x99, 0xfe, 0x9, 0xf2, 0x4f, 0x80,
    0x6, 0xfd, 0xcc, 0xfe, 0x9, 0xf2, 0x4f, 0x80,
    0x6, 0xf7, 0x22, 0xde, 0x9, 0xf2, 0x4f, 0x80,
    0x6, 0xff, 0xff, 0xfe, 0x9, 0xf2, 0x4f, 0x80,
    0x6, 0xf8, 0x33, 0xde, 0x4, 0x81, 0x4f, 0x80,
    0x6, 0xf5, 0x38, 0xee, 0x0, 0x5b, 0xcf, 0x80,
    0x5, 0xf5, 0x2f, 0xe7, 0x0, 0x1f, 0xfc, 0x20,
    0x0, 0x0, 0x0, 0x0, 0x0, 0x0, 0x0, 0x0,

    /* U+529B "力" */
    0x0, 0x0, 0x0, 0xdf, 0x10, 0x0, 0x0, 0x0,
    0x0, 0x0, 0xd, 0xf1, 0x0, 0x0, 0x0, 0x0,
    0x0, 0x0, 0xdf, 0x10, 0x0, 0x0, 0x0, 0x0,
    0x0, 0xe, 0xf1, 0x0, 0x0, 0x10, 0xd, 0xff,
    0xff, 0xff, 0xff, 0xff, 0xff, 0xd0, 0xac, 0xcc,
    0xcf, 0xfc, 0xcc, 0xcd, 0xfc, 0x0, 0x0, 0x1,
    0xfd, 0x0, 0x0, 0x2f, 0xb0, 0x0, 0x0, 0x5f,
    0xb0, 0x0, 0x3, 0xfa, 0x0, 0x0, 0xa, 0xf7,
    0x0, 0x0, 0x4f, 0x90, 0x0, 0x1, 0xff, 0x20,
    0x0, 0x6, 0xf7, 0x0, 0x0, 0xaf, 0xa0, 0x0,
    0x0, 0x8f, 0x60, 0x0, 0x7f, 0xf2, 0x0, 0x0,
    0xb, 0xf3, 0x0, 0x8f, 0xf6, 0x0, 0x0, 0x1,
    0xff, 0x11, 0xcf, 0xf7, 0x0, 0x4, 0xdd, 0xef,
    0xc0, 0x8, 0xe4, 0x0, 0x0, 0xf, 0xff, 0xb2,
    0x0, 0x0, 0x0, 0x0, 0x0, 0x0, 0x0, 0x0,

    /* U+529F "功" */
    0x0, 0x0, 0x0, 0x0, 0xa, 0xf3, 0x0, 0x0,
    0x0, 0x0, 0x0, 0x0, 0xa, 0xf3, 0x0, 0x0,
    0x2d, 0xdd, 0xdd, 0xb0, 0xa, 0xf2, 0x0, 0x0,
    0x2f, 0xff, 0xff, 0xd0, 0xb, 0xf3, 0x1, 0x0,
    0x0, 0x1f, 0xb0, 0xf, 0xff, 0xff, 0xff, 0xf0,
    0x0, 0x1f, 0xb0, 0xa, 0xbf, 0xfb, 0xbf, 0xf0,
    0x0, 0x1f, 0xb0, 0x0, 0xd, 0xf0, 0xd, 0xf0,
    0x0, 0x1f, 0xb0, 0x0, 0xf, 0xd0, 0xe, 0xe0,
    0x0, 0x1f, 0xb0, 0x0, 0x3f, 0xa0, 0xe, 0xd0,
    0x0, 0x1f, 0xd8, 0xc0, 0x7f, 0x70, 0xf, 0xc0,
    0x28, 0xcf, 0xff, 0xf2, 0xdf, 0x20, 0xf, 0xb0,
    0x3f, 0xfc, 0x84, 0x7, 0xfb, 0x0, 0x2f, 0xa0,
    0x5, 0x10, 0x0, 0x5f, 0xf2, 0x0, 0x5f, 0x80,
    0x0, 0x0, 0x7, 0xff, 0x60, 0xab, 0xef, 0x50,
    0x0, 0x0, 0x3, 0xe5, 0x0, 0x8f, 0xfa, 0x0,
    0x0, 0x0, 0x0, 0x0, 0x0, 0x0, 0x0, 0x0,

    /* U+52A0 "加" */
    0x0, 0x1f, 0xa0, 0x0, 0x0, 0x0, 0x0, 0x0,
    0x1, 0xfa, 0x0, 0x0, 0x0, 0x0, 0x0, 0x0,
    0x1f, 0xa0, 0x0, 0xd, 0xff, 0xff, 0xe0, 0xbc,
    0xfe, 0xbb, 0xb1, 0xdf, 0xff, 0xfe, 0x1f, 0xff,
    0xff, 0xff, 0x1d, 0xe0, 0xf, 0xe0, 0x3, 0xf9,
    0xb, 0xf1, 0xde, 0x0, 0xfe, 0x0, 0x3f, 0x80,
    0xaf, 0x1d, 0xe0, 0xf, 0xe0, 0x5, 0xf7, 0xb,
    0xf0, 0xde, 0x0, 0xfe, 0x0, 0x6f, 0x50, 0xbf,
    0xd, 0xe0, 0xf, 0xe0, 0x9, 0xf3, 0xc, 0xf0,
    0xde, 0x0, 0xfe, 0x0, 0xdf, 0x0, 0xdf, 0xd,
    0xe0, 0xf, 0xe0, 0x2f, 0xb0, 0xe, 0xe0, 0xde,
    0x0, 0xfe, 0x8, 0xf6, 0x0, 0xfd, 0xd, 0xfc,
    0xcf, 0xe2, 0xff, 0x1b, 0xcf, 0xa0, 0xdf, 0xff,
    0xfe, 0x2e, 0x70, 0xcf, 0xe3, 0xd, 0xe0, 0xe,
    0xd0, 0x10, 0x1, 0x10, 0x0, 0x11, 0x0, 0x0,

    /* U+52A1 "务" */
    0x0, 0x0, 0x3, 0x72, 0x0, 0x0, 0x0, 0x0,
    0x0, 0x0, 0x1e, 0xf3, 0x0, 0x0, 0x0, 0x0,
    0x0, 0x2, 0xdf, 0xff, 0xff, 0xff, 0xfe, 0x10,
    0x0, 0x5e, 0xfc, 0x77, 0x77, 0x8f, 0xfa, 0x0,
    0x7, 0xfe, 0xdf, 0x60, 0x5, 0xdf, 0x90, 0x0,
    0x0, 0x81, 0x1b, 0xfe, 0xdf, 0xe5, 0x0, 0x0,
    0x3, 0x57, 0xae, 0xff, 0xff, 0xeb, 0x97, 0x62,
    0xe, 0xff, 0xfb, 0x72, 0x27, 0xbe, 0xff, 0xe0,
    0x4, 0x42, 0x0, 0x5f, 0x70, 0x0, 0x13, 0x20,
    0x1, 0x99, 0x99, 0xcf, 0xc9, 0x99, 0xa9, 0x10,
    0x1, 0xff, 0xff, 0xff, 0xff, 0xff, 0xff, 0x0,
    0x0, 0x0, 0xb, 0xf7, 0x0, 0x0, 0xfe, 0x0,
    0x0, 0x3, 0xcf, 0xb0, 0x0, 0x3, 0xfa, 0x0,
    0x7, 0xcf, 0xf9, 0x0, 0x88, 0x7d, 0xf5, 0x0,
    0x8, 0xfa, 0x30, 0x0, 0xaf, 0xff, 0x90, 0x0,
    0x0, 0x0, 0x0, 0x0, 0x0, 0x0, 0x0, 0x0,

    /* U+52A8 "动" */
    0x0, 0x0, 0x0, 0x0, 0x0, 0xfc, 0x0, 0x0,
    0x5, 0x88, 0x88, 0x85, 0x0, 0xfc, 0x0, 0x0,
    0xa, 0xff, 0xff, 0xfa, 0x0, 0xfc, 0x0, 0x0,
    0x0, 0x11, 0x11, 0x10, 0x33, 0xfc, 0x33, 0x30,
    0x0, 0x0, 0x0, 0x0, 0xef, 0xff, 0xff, 0xf0,
    0x19, 0x99, 0x99, 0x99, 0x9b, 0xfe, 0xae, 0xf0,
    0x3f, 0xff, 0xff, 0xfe, 0x2, 0xf9, 0xc, 0xf0,
    0x0, 0x4f, 0xa0, 0x0, 0x4, 0xf8, 0xd, 0xf0,
    0x0, 0x8f, 0x54, 0xc1, 0x6, 0xf6, 0xd, 0xe0,
    0x0, 0xcf, 0x2, 0xf8, 0x9, 0xf3, 0xe, 0xd0,
    0x2, 0xfa, 0x26, 0xfe, 0xe, 0xf0, 0xf, 0xc0,
    0x9, 0xff, 0xff, 0xff, 0x8f, 0xb0, 0xf, 0xb0,
    0xd, 0xfb, 0x73, 0x28, 0xef, 0x40, 0x3f, 0xa0,
    0x4, 0x0, 0x0, 0x8, 0xfc, 0x5b, 0xdf, 0x70,
    0x0, 0x0, 0x0, 0x2, 0xd2, 0x2f, 0xfb, 0x0,
    0x0, 0x0, 0x0, 0x0, 0x0, 0x0, 0x0, 0x0,

    /* U+52B9 "効" */
    0x0, 0x0, 0x30, 0x0, 0x0, 0x0, 0x0, 0x0,
    0x0, 0x8f, 0x20, 0x0, 0x8, 0xf1, 0x0, 0x0,
    0x3, 0xfa, 0x0, 0x0, 0x8f, 0x10, 0x0, 0x99,
    0x9f, 0xc9, 0x95, 0x9, 0xf1, 0x0, 0x1f, 0xff,
    0xff, 0xff, 0x90, 0x9f, 0x0, 0x0, 0x48, 0xa4,
    0x4b, 0x45, 0xff, 0xff, 0xfd, 0x0, 0xde, 0x4,
    0xf9, 0x2b, 0xef, 0xbe, 0xd0, 0x9f, 0x50, 0x8,
    0xf5, 0xb, 0xe0, 0xcd, 0x2f, 0x93, 0xa, 0xdd,
    0xb0, 0xdc, 0xc, 0xd0, 0x48, 0xf7, 0xfb, 0x20,
    0xf, 0xa0, 0xdc, 0x0, 0xc, 0xff, 0x50, 0x3,
    0xf7, 0xd, 0xc0, 0x0, 0x3f, 0xf5, 0x0, 0x7f,
    0x30, 0xeb, 0x0, 0xd, 0xfe, 0xf3, 0xd, 0xe0,
    0xf, 0xa0, 0x1c, 0xf8, 0x2e, 0x47, 0xf7, 0x2,
    0xf8, 0x2e, 0xf9, 0x0, 0x14, 0xfe, 0x29, 0xcf,
    0x60, 0x96, 0x0, 0x0, 0x3e, 0x30, 0xdf, 0xc0,
    0x0, 0x0, 0x0, 0x0, 0x0, 0x0, 0x0, 0x0,

    /* U+5305 "包" */
    0x0, 0x0, 0x59, 0x30, 0x0, 0x0, 0x0, 0x0,
    0x0, 0x0, 0xef, 0x30, 0x0, 0x0, 0x0, 0x0,
    0x0, 0x8, 0xff, 0xaa, 0xaa, 0xaa, 0xba, 0x10,
    0x0, 0x4f, 0xff, 0xff, 0xff, 0xff, 0xff, 0x10,
    0x2, 0xef, 0x60, 0x0, 0x0, 0x0, 0xbf, 0x10,
    0x2e, 0xff, 0x99, 0x99, 0x98, 0x0, 0xcf, 0x0,
    0x9, 0xae, 0xff, 0xff, 0xfe, 0x0, 0xcf, 0x0,
    0x0, 0xd, 0xe0, 0x0, 0xde, 0x0, 0xdf, 0x0,
    0x0, 0xd, 0xe0, 0x0, 0xde, 0x0, 0xfe, 0x0,
    0x0, 0xd, 0xff, 0xff, 0xfe, 0x2, 0xfc, 0x0,
    0x0, 0xd, 0xf9, 0x99, 0x98, 0xbf, 0xf8, 0x0,
    0x0, 0xd, 0xe0, 0x0, 0x0, 0x5a, 0x82, 0x10,
    0x0, 0xd, 0xf0, 0x0, 0x0, 0x0, 0x8, 0xf5,
    0x0, 0xb, 0xfd, 0xbb, 0xbb, 0xbb, 0xcf, 0xf2,
    0x0, 0x2, 0xbe, 0xff, 0xff, 0xff, 0xfd, 0x60,

    /* U+5316 "化" */
    0x0, 0x0, 0x10, 0x0, 0x0, 0x0, 0x0, 0x0,
    0x0, 0x0, 0xbf, 0x30, 0xff, 0x0, 0x0, 0x0,
    0x0, 0x3, 0xfe, 0x0, 0xff, 0x0, 0x0, 0x0,
    0x0, 0xc, 0xf6, 0x0, 0xff, 0x0, 0xa, 0x60,
    0x0, 0x6f, 0xf0, 0x0, 0xff, 0x0, 0x7f, 0xf2,
    0x3, 0xff, 0xe0, 0x0, 0xff, 0x4, 0xff, 0x60,
    0x2e, 0xff, 0xe0, 0x0, 0xff, 0x4f, 0xf8, 0x0,
    0x2f, 0xef, 0xe0, 0x0, 0xff, 0xff, 0x90, 0x0,
    0x7, 0x3f, 0xe0, 0x0, 0xff, 0xf8, 0x0, 0x0,
    0x0, 0xf, 0xe0, 0x2c, 0xff, 0x60, 0x0, 0x0,
    0x0, 0xf, 0xe9, 0xff, 0xff, 0x0, 0x0, 0x0,
    0x0, 0xf, 0xe6, 0xf7, 0xff, 0x0, 0x3, 0xd4,
    0x0, 0xf, 0xe0, 0x10, 0xff, 0x0, 0x5, 0xf8,
    0x0, 0xf, 0xe0, 0x0, 0xef, 0x0, 0x7, 0xf6,
    0x0, 0xf, 0xe0, 0x0, 0xcf, 0xed, 0xdf, 0xf2,
    0x0, 0xf, 0xe0, 0x0, 0x4e, 0xff, 0xff, 0x70,

    /* U+533A "区" */
    0xbf, 0xff, 0xff, 0xff, 0xff, 0xff, 0xfd, 0xb,
    0xfc, 0xbb, 0xbb, 0xbb, 0xbb, 0xbb, 0x90, 0xbf,
    0x10, 0x0, 0x0, 0x0, 0x74, 0x0, 0xb, 0xf1,
    0x6f, 0x50, 0x0, 0x5f, 0xd0, 0x0, 0xbf, 0x13,
    0xef, 0x80, 0x2e, 0xf3, 0x0, 0xb, 0xf1, 0x2,
    0xdf, 0xad, 0xf6, 0x0, 0x0, 0xbf, 0x10, 0x1,
    0xcf, 0xf9, 0x0, 0x0, 0xb, 0xf1, 0x0, 0x1c,
    0xff, 0xe2, 0x0, 0x0, 0xbf, 0x10, 0x4e, 0xfa,
    0x9f, 0xe3, 0x0, 0xb, 0xf2, 0x9f, 0xf8, 0x0,
    0x8f, 0xf3, 0x0, 0xbf, 0x3d, 0xf5, 0x0, 0x0,
    0x9f, 0x40, 0xb, 0xf1, 0x21, 0x0, 0x0, 0x0,
    0x20, 0x0, 0xbf, 0xcc, 0xcc, 0xcc, 0xcc, 0xcc,
    0xcc, 0x3a, 0xff, 0xff, 0xff, 0xff, 0xff, 0xff,
    0xf4,

    /* U+5355 "单" */
    0x0, 0x0, 0x32, 0x0, 0x0, 0x4, 0x0, 0x0,
    0x0, 0x3, 0xfd, 0x0, 0x0, 0x7f, 0xb0, 0x0,
    0x0, 0x0, 0x9f, 0x80, 0x1, 0xff, 0x20, 0x0,
    0x0, 0xad, 0xdf, 0xdd, 0xde, 0xff, 0xdc, 0x0,
    0x0, 0xcf, 0xaa, 0xaf, 0xfa, 0xaa, 0xff, 0x0,
    0x0, 0xcf, 0x22, 0x2f, 0xe2, 0x22, 0xef, 0x0,
    0x0, 0xcf, 0xff, 0xff, 0xff, 0xff, 0xff, 0x0,
    0x0, 0xcf, 0x33, 0x3f, 0xe3, 0x33, 0xff, 0x0,
    0x0, 0xcf, 0x88, 0x8f, 0xf8, 0x88, 0xff, 0x0,
    0x0, 0xcf, 0xff, 0xff, 0xff, 0xff, 0xfe, 0x0,
    0x0, 0x0, 0x0, 0xf, 0xe0, 0x0, 0x0, 0x0,
    0x3f, 0xff, 0xff, 0xff, 0xff, 0xff, 0xff, 0xf4,
    0x2b, 0xbb, 0xbb, 0xbf, 0xfb, 0xbb, 0xbb, 0xb3,
    0x0, 0x0, 0x0, 0xf, 0xe0, 0x0, 0x0, 0x0,
    0x0, 0x0, 0x0, 0xf, 0xe0, 0x0, 0x0, 0x0,

    /* U+5360 "占" */
    0x0, 0x0, 0xf, 0xe0, 0x0, 0x0, 0x0, 0x0,
    0x0, 0xf, 0xe0, 0x0, 0x0, 0x0, 0x0, 0x0,
    0xf, 0xe0, 0x0, 0x0, 0x0, 0x0, 0x0, 0xf,
    0xfb, 0xbb, 0xbb, 0xb1, 0x0, 0x0, 0xf, 0xff,
    0xff, 0xff, 0xf2, 0x0, 0x0, 0xf, 0xe0, 0x0,
    0x0, 0x0, 0x0, 0x0, 0xf, 0xe0, 0x0, 0x0,
    0x0, 0x11, 0x11, 0x1f, 0xf1, 0x11, 0x11, 0x0,
    0xdf, 0xff, 0xff, 0xff, 0xff, 0xfd, 0x0, 0xdf,
    0x99, 0x99, 0x99, 0x99, 0xfd, 0x0, 0xdf, 0x0,
    0x0, 0x0, 0x0, 0xfd, 0x0, 0xdf, 0x0, 0x0,
    0x0, 0x0, 0xfd, 0x0, 0xdf, 0x0, 0x0, 0x0,
    0x0, 0xfd, 0x0, 0xdf, 0xff, 0xff, 0xff, 0xff,
    0xfd, 0x0, 0xdf, 0xaa, 0xaa, 0xaa, 0xaa, 0xfd,
    0x0, 0x11, 0x0, 0x0, 0x0, 0x0, 0x0, 0x0,

    /* U+5361 "卡" */
    0x0, 0x0, 0x0, 0x2f, 0xc0, 0x0, 0x0, 0x0,
    0x0, 0x0, 0x0, 0x2f, 0xc0, 0x0, 0x0, 0x0,
    0x0, 0x0, 0x0, 0x2f, 0xeb, 0xbb, 0xba, 0x0,
    0x0, 0x0, 0x0, 0x2f, 0xff, 0xff, 0xff, 0x0,
    0x0, 0x0, 0x0, 0x2f, 0xc0, 0x0, 0x0, 0x0,
    0x0, 0x0, 0x0, 0x2f, 0xc0, 0x0, 0x0, 0x0,
    0xe, 0xee, 0xee, 0xef, 0xfe, 0xee, 0xee, 0xe7,
    0xe, 0xee, 0xee, 0xff, 0xfe, 0xee, 0xee, 0xe7,
    0x0, 0x0, 0x0, 0x1f, 0xd0, 0x0, 0x0, 0x0,
    0x0, 0x0, 0x0, 0x1f, 0xd9, 0x71, 0x0, 0x0,
    0x0, 0x0, 0x0, 0x1f, 0xfd, 0xff, 0xb5, 0x0,
    0x0, 0x0, 0x0, 0x1f, 0xd0, 0x4b, 0xff, 0xa0,
    0x0, 0x0, 0x0, 0x1f, 0xd0, 0x0, 0x29, 0x10,
    0x0, 0x0, 0x0, 0x1f, 0xd0, 0x0, 0x0, 0x0,
    0x0, 0x0, 0x0, 0x1f, 0xd0, 0x0, 0x0, 0x0,

    /* U+5386 "历" */
    0x3, 0xff, 0xff, 0xff, 0xff, 0xff, 0xff, 0xf7,
    0x3, 0xfe, 0xbb, 0xbb, 0xbb, 0xbb, 0xbb, 0xb4,
    0x3, 0xfa, 0x0, 0x0, 0x65, 0x0, 0x0, 0x0,
    0x3, 0xfa, 0x0, 0x0, 0xfd, 0x0, 0x0, 0x0,
    0x3, 0xfa, 0x0, 0x1, 0xfd, 0x0, 0x1, 0x0,
    0x3, 0xfa, 0x9f, 0xff, 0xff, 0xff, 0xff, 0xe0,
    0x3, 0xfa, 0x6a, 0xac, 0xfd, 0xaa, 0xaf, 0xe0,
    0x3, 0xf9, 0x0, 0x6, 0xf7, 0x0, 0xf, 0xd0,
    0x4, 0xf8, 0x0, 0xa, 0xf4, 0x0, 0xf, 0xc0,
    0x6, 0xf7, 0x0, 0x1f, 0xe0, 0x0, 0x2f, 0xa0,
    0x8, 0xf5, 0x0, 0x9f, 0x80, 0x0, 0x4f, 0x90,
    0xb, 0xf2, 0x6, 0xfe, 0x10, 0x0, 0x7f, 0x60,
    0x1f, 0xe1, 0x9f, 0xf3, 0x6, 0xcc, 0xff, 0x30,
    0x2c, 0x90, 0xad, 0x20, 0x3, 0xff, 0xe7, 0x0,
    0x0, 0x10, 0x0, 0x0, 0x0, 0x0, 0x0, 0x0,

    /* U+538B "压" */
    0x1, 0xff, 0xff, 0xff, 0xff, 0xff, 0xff, 0xfa,
    0x1, 0xfe, 0xbb, 0xbb, 0xbb, 0xbb, 0xbb, 0xb7,
    0x1, 0xfa, 0x0, 0x0, 0x8a, 0x10, 0x0, 0x0,
    0x1, 0xfa, 0x0, 0x0, 0xcf, 0x10, 0x0, 0x0,
    0x1, 0xfa, 0x0, 0x0, 0xcf, 0x10, 0x0, 0x0,
    0x1, 0xf9, 0x9a, 0xaa, 0xef, 0xba, 0xaa, 0x60,
    0x1, 0xf9, 0xdf, 0xff, 0xff, 0xff, 0xff, 0xa0,
    0x2, 0xf9, 0x0, 0x0, 0xcf, 0x21, 0x20, 0x0,
    0x3, 0xf7, 0x0, 0x0, 0xcf, 0x1c, 0xe2, 0x0,
    0x5, 0xf6, 0x0, 0x0, 0xcf, 0x14, 0xfe, 0x10,
    0x7, 0xf4, 0x0, 0x0, 0xcf, 0x10, 0x5d, 0x20,
    0xb, 0xf1, 0x0, 0x0, 0xcf, 0x10, 0x0, 0x0,
    0x1f, 0xcc, 0xff, 0xff, 0xff, 0xff, 0xff, 0xf3,
    0x2e, 0x7a, 0xcc, 0xcc, 0xcc, 0xcc, 0xcc, 0xc3,
    0x1, 0x0, 0x0, 0x0, 0x0, 0x0, 0x0, 0x0,

    /* U+53BB "去" */
    0x0, 0x0, 0x0, 0xf, 0xf0, 0x0, 0x0, 0x0,
    0x0, 0x0, 0x0, 0xf, 0xf0, 0x0, 0x0, 0x0,
    0x0, 0x11, 0x11, 0x1f, 0xf1, 0x11, 0x11, 0x0,
    0x0, 0xff, 0xff, 0xff, 0xff, 0xff, 0xff, 0x20,
    0x0, 0xbb, 0xbb, 0xbf, 0xfb, 0xbb, 0xbb, 0x10,
    0x0, 0x0, 0x0, 0xf, 0xf0, 0x0, 0x0, 0x0,
    0x0, 0x0, 0x0, 0xf, 0xf0, 0x0, 0x0, 0x0,
    0x4f, 0xff, 0xff, 0xff, 0xff, 0xff, 0xff, 0xf5,
    0x3d, 0xdd, 0xdf, 0xff, 0xdd, 0xdd, 0xdd, 0xd4,
    0x0, 0x0, 0x1f, 0xf3, 0x0, 0x54, 0x0, 0x0,
    0x0, 0x0, 0xbf, 0x80, 0x3, 0xff, 0x20, 0x0,
    0x0, 0x6, 0xfc, 0x0, 0x0, 0x6f, 0xd0, 0x0,
    0x0, 0x4f, 0xe4, 0x34, 0x56, 0x7f, 0xf9, 0x0,
    0x2, 0xff, 0xff, 0xff, 0xff, 0xff, 0xff, 0x30,
    0x0, 0xed, 0xba, 0x98, 0x65, 0x42, 0x8f, 0x80,
    0x0, 0x0, 0x0, 0x0, 0x0, 0x0, 0x3, 0x0,

    /* U+53C2 "参" */
    0x0, 0x0, 0x0, 0x55, 0x0, 0x0, 0x0, 0x0,
    0x0, 0x0, 0x9, 0xfe, 0x25, 0xe7, 0x0, 0x0,
    0x0, 0x4, 0xdf, 0xa1, 0x2, 0xcf, 0xc1, 0x0,
    0x0, 0x6f, 0xff, 0xff, 0xff, 0xff, 0xfe, 0x20,
    0x0, 0x3b, 0xa9, 0xff, 0x76, 0x55, 0x7d, 0x40,
    0x9, 0x99, 0x9b, 0xfe, 0x99, 0x99, 0x99, 0x94,
    0x1f, 0xff, 0xff, 0xff, 0xff, 0xff, 0xff, 0xf7,
    0x0, 0x3, 0xef, 0x60, 0x52, 0xdf, 0x60, 0x0,
    0x0, 0x5e, 0xfc, 0x8e, 0xfb, 0x2e, 0xf9, 0x0,
    0x1b, 0xff, 0xaf, 0xe9, 0x34, 0x62, 0xdf, 0xe5,
    0x9, 0xd3, 0x3, 0x38, 0xdf, 0xc2, 0x8, 0xe1,
    0x0, 0x0, 0xbf, 0xff, 0xb4, 0x1a, 0xb2, 0x0,
    0x0, 0x0, 0x48, 0x51, 0x39, 0xff, 0xa1, 0x0,
    0x0, 0x5, 0x79, 0xcf, 0xff, 0xc4, 0x0, 0x0,
    0x0, 0xc, 0xff, 0xea, 0x62, 0x0, 0x0, 0x0,
    0x0, 0x2, 0x30, 0x0, 0x0, 0x0, 0x0, 0x0,

    /* U+53D1 "发" */
    0x0, 0x0, 0x0, 0x8, 0x50, 0x1, 0x10, 0x0,
    0x0, 0xd, 0xf2, 0x1f, 0xf0, 0x1e, 0xd1, 0x0,
    0x0, 0x2f, 0xd0, 0x4f, 0xd0, 0x6, 0xfc, 0x0,
    0x0, 0xaf, 0x60, 0x7f, 0xa0, 0x0, 0x83, 0x0,
    0x3, 0xff, 0xff, 0xff, 0xff, 0xff, 0xff, 0xf1,
    0x0, 0xdb, 0xab, 0xff, 0xba, 0xaa, 0xaa, 0xa1,
    0x0, 0x0, 0x5, 0xfd, 0x0, 0x0, 0x10, 0x0,
    0x0, 0x0, 0xc, 0xff, 0xff, 0xff, 0xfc, 0x0,
    0x0, 0x0, 0x5f, 0xfd, 0xbb, 0xbe, 0xfa, 0x0,
    0x0, 0x1, 0xef, 0xfd, 0x0, 0x1e, 0xf3, 0x0,
    0x0, 0xc, 0xfc, 0x6f, 0xb1, 0xcf, 0x90, 0x0,
    0x1, 0xcf, 0xe2, 0xa, 0xff, 0xfb, 0x0, 0x0,
    0x4e, 0xfd, 0x20, 0x18, 0xff, 0xf8, 0x10, 0x0,
    0xc, 0xa1, 0x5a, 0xff, 0xf9, 0xff, 0xfb, 0x72,
    0x0, 0x0, 0xbf, 0xe7, 0x10, 0x18, 0xef, 0xf2,
    0x0, 0x0, 0x23, 0x0, 0x0, 0x0, 0x2, 0x30,

    /* U+53D6 "取" */
    0x7f, 0xff, 0xff, 0xfd, 0x0, 0x0, 0x0, 0x0,
    0x5e, 0xfc, 0xbf, 0xfa, 0xee, 0xee, 0xef, 0xa0,
    0x9, 0xf2, 0xe, 0xd0, 0xef, 0xdd, 0xdf, 0xb0,
    0x9, 0xfa, 0x9f, 0xd0, 0x5f, 0x30, 0x2f, 0x90,
    0x9, 0xff, 0xff, 0xd0, 0x2f, 0x70, 0x5f, 0x50,
    0x9, 0xf2, 0xe, 0xd0, 0xe, 0xb0, 0x9f, 0x20,
    0x9, 0xf3, 0xe, 0xd0, 0xa, 0xf1, 0xed, 0x0,
    0x9, 0xff, 0xff, 0xd0, 0x5, 0xfb, 0xf8, 0x0,
    0x9, 0xf9, 0x8f, 0xd0, 0x0, 0xef, 0xf2, 0x0,
    0x9, 0xf2, 0xe, 0xe5, 0x0, 0x9f, 0xa0, 0x0,
    0x4c, 0xfd, 0xef, 0xff, 0x22, 0xff, 0xf2, 0x0,
    0x7f, 0xec, 0x9f, 0xe1, 0x2d, 0xf9, 0xfd, 0x10,
    0x1, 0x0, 0xe, 0xd3, 0xef, 0x70, 0x7f, 0xe2,
    0x0, 0x0, 0xe, 0xd0, 0xc5, 0x0, 0x6, 0x80,
    0x0, 0x0, 0x0, 0x0, 0x0, 0x0, 0x0, 0x0,

    /* U+53D8 "变" */
    0x0, 0x0, 0x0, 0x18, 0x70, 0x0, 0x0, 0x0,
    0x0, 0x0, 0x0, 0xe, 0xf2, 0x0, 0x0, 0x0,
    0xf, 0xff, 0xff, 0xff, 0xff, 0xff, 0xff, 0xf0,
    0x8, 0x99, 0x9f, 0xf9, 0x9f, 0xe9, 0x99, 0x80,
    0x0, 0x2e, 0x6d, 0xf0, 0xf, 0xd8, 0xa0, 0x0,
    0x0, 0xcf, 0x2d, 0xf0, 0xf, 0xc7, 0xfc, 0x0,
    0x9, 0xf7, 0xd, 0xf0, 0xf, 0xc0, 0x7f, 0xa0,
    0x1, 0x70, 0xd, 0xf0, 0xf, 0xc0, 0x6, 0x10,
    0x0, 0x88, 0x89, 0xa8, 0x8a, 0x99, 0x70, 0x0,
    0x0, 0xff, 0xff, 0xff, 0xff, 0xff, 0xf4, 0x0,
    0x0, 0x6, 0xfc, 0x10, 0x1, 0xbf, 0x90, 0x0,
    0x0, 0x0, 0x7f, 0xd4, 0x4d, 0xfa, 0x0, 0x0,
    0x0, 0x0, 0x6, 0xff, 0xff, 0x70, 0x0, 0x0,
    0x4, 0x69, 0xcf, 0xfe, 0xff, 0xfc, 0x86, 0x30,
    0xe, 0xff, 0xea, 0x50, 0x16, 0xbf, 0xff, 0xd0,
    0x3, 0x41, 0x0, 0x0, 0x0, 0x0, 0x25, 0x30,

    /* U+53E3 "口" */
    0xf, 0xff, 0xff, 0xff, 0xff, 0xff, 0xfa, 0xf,
    0xfd, 0xdd, 0xdd, 0xdd, 0xde, 0xfa, 0xf, 0xd0,
    0x0, 0x0, 0x0, 0x5, 0xfa, 0xf, 0xd0, 0x0,
    0x0, 0x0, 0x5, 0xfa, 0xf, 0xd0, 0x0, 0x0,
    0x0, 0x5, 0xfa, 0xf, 0xd0, 0x0, 0x0, 0x0,
    0x5, 0xfa, 0xf, 0xd0, 0x0, 0x0, 0x0, 0x5,
    0xfa, 0xf, 0xd0, 0x0, 0x0, 0x0, 0x5, 0xfa,
    0xf, 0xd0, 0x0, 0x0, 0x0, 0x5, 0xfa, 0xf,
    0xd0, 0x0, 0x0, 0x0, 0x5, 0xfa, 0xf, 0xff,
    0xff, 0xff, 0xff, 0xff, 0xfa, 0xf, 0xfd, 0xdd,
    0xdd, 0xdd, 0xde, 0xfa, 0xf, 0xd0, 0x0, 0x0,
    0x0, 0x5, 0xfa, 0x0, 0x0, 0x0, 0x0, 0x0,
    0x0, 0x0,

    /* U+53EA "只" */
    0x0, 0x7a, 0xaa, 0xaa, 0xaa, 0xaa, 0xa7, 0x0,
    0x0, 0xcf, 0xff, 0xff, 0xff, 0xff, 0xfb, 0x0,
    0x0, 0xcf, 0x32, 0x22, 0x22, 0x25, 0xfb, 0x0,
    0x0, 0xcf, 0x10, 0x0, 0x0, 0x3, 0xfb, 0x0,
    0x0, 0xcf, 0x10, 0x0, 0x0, 0x3, 0xfb, 0x0,
    0x0, 0xcf, 0x10, 0x0, 0x0, 0x3, 0xfb, 0x0,
    0x0, 0xcf, 0xbb, 0xbb, 0xbb, 0xbc, 0xfb, 0x0,
    0x0, 0xcf, 0xff, 0xff, 0xff, 0xff, 0xfb, 0x0,
    0x0, 0x0, 0x0, 0x0, 0x0, 0x0, 0x0, 0x0,
    0x0, 0x0, 0x39, 0x30, 0x1, 0x95, 0x0, 0x0,
    0x0, 0x3, 0xef, 0x80, 0x4, 0xff, 0x70, 0x0,
    0x0, 0x4f, 0xf9, 0x0, 0x0, 0x2e, 0xfa, 0x0,
    0x19, 0xff, 0x70, 0x0, 0x0, 0x2, 0xdf, 0xb0,
    0xb, 0xe4, 0x0, 0x0, 0x0, 0x0, 0x1e, 0x90,
    0x0, 0x10, 0x0, 0x0, 0x0, 0x0, 0x0, 0x0,

    /* U+53EF "可" */
    0x38, 0x88, 0x88, 0x88, 0x88, 0x88, 0x88, 0x80,
    0x7f, 0xff, 0xff, 0xff, 0xff, 0xff, 0xff, 0xf0,
    0x25, 0x55, 0x55, 0x55, 0x55, 0x5d, 0xf7, 0x50,
    0x0, 0x0, 0x0, 0x0, 0x0, 0xc, 0xf2, 0x0,
    0x0, 0x8c, 0xcc, 0xcc, 0xc0, 0xc, 0xf2, 0x0,
    0x0, 0xbf, 0xff, 0xff, 0xf1, 0xc, 0xf2, 0x0,
    0x0, 0xbf, 0x10, 0xb, 0xf1, 0xc, 0xf2, 0x0,
    0x0, 0xbf, 0x10, 0xb, 0xf1, 0xc, 0xf2, 0x0,
    0x0, 0xbf, 0x21, 0x1c, 0xf1, 0xc, 0xf2, 0x0,
    0x0, 0xbf, 0xff, 0xff, 0xf1, 0xc, 0xf2, 0x0,
    0x0, 0xbf, 0xaa, 0xaa, 0xa0, 0xc, 0xf2, 0x0,
    0x0, 0x9d, 0x0, 0x0, 0x0, 0xc, 0xf2, 0x0,
    0x0, 0x0, 0x0, 0x0, 0xad, 0xdf, 0xf1, 0x0,
    0x0, 0x0, 0x0, 0x0, 0x5f, 0xfe, 0x70, 0x0,
    0x0, 0x0, 0x0, 0x0, 0x0, 0x0, 0x0, 0x0,

    /* U+53F7 "号" */
    0x0, 0x3f, 0xff, 0xff, 0xff, 0xff, 0xf3, 0x0,
    0x0, 0x3f, 0xd9, 0x99, 0x99, 0x9e, 0xf3, 0x0,
    0x0, 0x3f, 0x90, 0x0, 0x0, 0xb, 0xf3, 0x0,
    0x0, 0x3f, 0xff, 0xff, 0xff, 0xff, 0xf3, 0x0,
    0x0, 0x2a, 0xaa, 0xaa, 0xaa, 0xaa, 0xa2, 0x0,
    0x0, 0x0, 0x0, 0x0, 0x0, 0x0, 0x0, 0x0,
    0x2f, 0xff, 0xff, 0xff, 0xff, 0xff, 0xff, 0xf1,
    0x19, 0x9a, 0xff, 0x99, 0x99, 0x99, 0x99, 0x90,
    0x0, 0x5, 0xfb, 0x0, 0x0, 0x1, 0x0, 0x0,
    0x0, 0xb, 0xff, 0xff, 0xff, 0xff, 0xf3, 0x0,
    0x0, 0x9, 0xb9, 0x99, 0x99, 0x9f, 0xf1, 0x0,
    0x0, 0x0, 0x0, 0x0, 0x0, 0x3f, 0xd0, 0x0,
    0x0, 0x0, 0x0, 0xa, 0xaa, 0xef, 0x80, 0x0,
    0x0, 0x0, 0x0, 0xa, 0xff, 0xfb, 0x0, 0x0,
    0x0, 0x0, 0x0, 0x0, 0x0, 0x0, 0x0, 0x0,

    /* U+5404 "各" */
    0x0, 0x0, 0x4, 0x82, 0x0, 0x0, 0x0, 0x0,
    0x0, 0x0, 0x1e, 0xf3, 0x0, 0x0, 0x0, 0x0,
    0x0, 0x1, 0xdf, 0xff, 0xff, 0xff, 0xe4, 0x0,
    0x0, 0x2d, 0xfe, 0x88, 0x88, 0xcf, 0xf2, 0x0,
    0x6, 0xff, 0xef, 0x90, 0x7, 0xff, 0x40, 0x0,
    0xb, 0xf6, 0xb, 0xfd, 0xbf, 0xe3, 0x0, 0x0,
    0x0, 0x20, 0x3, 0xef, 0xff, 0x60, 0x0, 0x0,
    0x0, 0x27, 0xcf, 0xfc, 0xbf, 0xfe, 0x94, 0x10,
    0x4e, 0xff, 0xfa, 0x40, 0x3, 0xaf, 0xff, 0xf5,
    0xc, 0xad, 0xa9, 0x99, 0x99, 0x9a, 0xe9, 0xa0,
    0x0, 0xd, 0xff, 0xff, 0xff, 0xff, 0xe0, 0x0,
    0x0, 0xd, 0xf0, 0x0, 0x0, 0xf, 0xe0, 0x0,
    0x0, 0xd, 0xf0, 0x0, 0x0, 0xf, 0xe0, 0x0,
    0x0, 0xd, 0xfa, 0xaa, 0xaa, 0xaf, 0xe0, 0x0,
    0x0, 0xd, 0xff, 0xff, 0xff, 0xff, 0xe0, 0x0,
    0x0, 0x0, 0x10, 0x0, 0x0, 0x0, 0x0, 0x0,

    /* U+540C "同" */
    0xcf, 0xff, 0xff, 0xff, 0xff, 0xff, 0xfc, 0xcf,
    0xbb, 0xbb, 0xbb, 0xbb, 0xbb, 0xfc, 0xcf, 0x0,
    0x0, 0x0, 0x0, 0x0, 0xfc, 0xcf, 0xf, 0xff,
    0xff, 0xff, 0xf0, 0xfc, 0xcf, 0x9, 0x99, 0x99,
    0x99, 0x90, 0xfc, 0xcf, 0x0, 0x11, 0x0, 0x0,
    0x0, 0xfc, 0xcf, 0x4, 0xff, 0xff, 0xff, 0x40,
    0xfc, 0xcf, 0x4, 0xfb, 0x77, 0xaf, 0x40, 0xfc,
    0xcf, 0x4, 0xf6, 0x0, 0x6f, 0x40, 0xfc, 0xcf,
    0x4, 0xf7, 0x0, 0x6f, 0x40, 0xfc, 0xcf, 0x4,
    0xff, 0xff, 0xff, 0x40, 0xfc, 0xcf, 0x4, 0xfb,
    0x77, 0x77, 0x20, 0xfc, 0xcf, 0x2, 0x83, 0x0,
    0x3, 0xcc, 0xfb, 0xcf, 0x0, 0x0, 0x0, 0x0,
    0xef, 0xd4,

    /* U+540D "名" */
    0x0, 0x0, 0x0, 0x86, 0x10, 0x0, 0x0, 0x0,
    0x0, 0xa, 0xfc, 0x0, 0x0, 0x0, 0x0, 0x0,
    0xaf, 0xff, 0xff, 0xff, 0xf8, 0x0, 0x3d, 0xfd,
    0xaa, 0xaa, 0xaf, 0xf6, 0xa, 0xff, 0xa1, 0x0,
    0x0, 0x9f, 0xc0, 0x6, 0xd5, 0x7e, 0x50, 0xa,
    0xfd, 0x10, 0x0, 0x0, 0x4f, 0xf9, 0xdf, 0xc1,
    0x0, 0x0, 0x0, 0x6, 0xff, 0xf9, 0x0, 0x0,
    0x0, 0x16, 0xcf, 0xff, 0xeb, 0xbb, 0xba, 0x3c,
    0xff, 0xff, 0xff, 0xff, 0xff, 0xff, 0xd, 0xd9,
    0xfa, 0x0, 0x0, 0x0, 0xff, 0x0, 0x2, 0xfa,
    0x0, 0x0, 0x0, 0xff, 0x0, 0x2, 0xfa, 0x0,
    0x0, 0x0, 0xff, 0x0, 0x2, 0xff, 0xff, 0xff,
    0xff, 0xff, 0x0, 0x2, 0xfe, 0xbb, 0xbb, 0xbb,
    0xff,

    /* U+540E "后" */
    0x0, 0x0, 0x0, 0x0, 0x0, 0x1, 0x50, 0x0,
    0x0, 0x34, 0x45, 0x78, 0xac, 0xff, 0xfb, 0x0,
    0x0, 0xdf, 0xff, 0xff, 0xfe, 0xc9, 0x73, 0x0,
    0x0, 0xdf, 0x75, 0x32, 0x0, 0x0, 0x0, 0x0,
    0x0, 0xdf, 0x20, 0x0, 0x0, 0x0, 0x0, 0x0,
    0x0, 0xdf, 0xff, 0xff, 0xff, 0xff, 0xff, 0xf6,
    0x0, 0xdf, 0xbb, 0xbb, 0xbb, 0xbb, 0xbb, 0xb4,
    0x0, 0xdf, 0x0, 0x0, 0x0, 0x0, 0x0, 0x0,
    0x0, 0xef, 0x9, 0xaa, 0xaa, 0xaa, 0xaa, 0x20,
    0x0, 0xfd, 0xe, 0xff, 0xff, 0xff, 0xff, 0x40,
    0x2, 0xfb, 0xe, 0xe0, 0x0, 0x0, 0xbf, 0x40,
    0x6, 0xf7, 0xe, 0xe0, 0x0, 0x0, 0xbf, 0x40,
    0xb, 0xf2, 0xe, 0xe0, 0x0, 0x0, 0xbf, 0x40,
    0x3f, 0xc0, 0xe, 0xff, 0xff, 0xff, 0xff, 0x40,
    0x3d, 0x30, 0xe, 0xfa, 0xaa, 0xaa, 0xef, 0x40,
    0x0, 0x0, 0x0, 0x0, 0x0, 0x0, 0x0, 0x0,

    /* U+5411 "向" */
    0x0, 0x0, 0x5, 0x52, 0x0, 0x0, 0x0, 0x0,
    0x0, 0xe, 0xf8, 0x0, 0x0, 0x0, 0x0, 0x0,
    0x4f, 0xf1, 0x0, 0x0, 0x0, 0x9d, 0xdd, 0xef,
    0xfd, 0xdd, 0xdd, 0xd9, 0xbf, 0xff, 0xff, 0xff,
    0xff, 0xff, 0xfb, 0xbf, 0x10, 0x0, 0x0, 0x0,
    0x1, 0xfb, 0xbf, 0x14, 0x98, 0x88, 0x88, 0x1,
    0xfb, 0xbf, 0x18, 0xff, 0xff, 0xff, 0x1, 0xfb,
    0xbf, 0x18, 0xf3, 0x0, 0xbf, 0x1, 0xfb, 0xbf,
    0x18, 0xf2, 0x0, 0xaf, 0x1, 0xfb, 0xbf, 0x18,
    0xfa, 0x99, 0xdf, 0x1, 0xfb, 0xbf, 0x18, 0xff,
    0xff, 0xff, 0x1, 0xfb, 0xbf, 0x18, 0xf2, 0x0,
    0x0, 0x1, 0xfb, 0xbf, 0x11, 0x20, 0x0, 0xb,
    0xcd, 0xfa, 0xbf, 0x10, 0x0, 0x0, 0x9, 0xff,
    0xc3, 0x0, 0x0, 0x0, 0x0, 0x0, 0x0, 0x0,

    /* U+542B "含" */
    0x0, 0x0, 0x0, 0x2, 0x70, 0x0, 0x0, 0x0,
    0x0, 0x0, 0x0, 0x1d, 0xf8, 0x0, 0x0, 0x0,
    0x0, 0x0, 0x4, 0xef, 0xff, 0x50, 0x0, 0x0,
    0x0, 0x2, 0xaf, 0xf7, 0x1d, 0xfb, 0x20, 0x0,
    0x3, 0xaf, 0xfd, 0x5c, 0x91, 0xaf, 0xfb, 0x51,
    0x2e, 0xfe, 0x70, 0x9, 0xfa, 0x4, 0xcf, 0xf3,
    0x5, 0x67, 0x88, 0x88, 0xe9, 0x89, 0x43, 0x50,
    0x0, 0xd, 0xff, 0xff, 0xff, 0xff, 0xb0, 0x0,
    0x0, 0x0, 0x0, 0x0, 0x3, 0xfe, 0x10, 0x0,
    0x0, 0x0, 0x0, 0x0, 0x1d, 0xf4, 0x0, 0x0,
    0x0, 0x3f, 0xff, 0xff, 0xff, 0xff, 0xf5, 0x0,
    0x0, 0x3f, 0xd8, 0x88, 0x88, 0x8b, 0xf5, 0x0,
    0x0, 0x3f, 0xa0, 0x0, 0x0, 0x6, 0xf5, 0x0,
    0x0, 0x3f, 0xff, 0xff, 0xff, 0xff, 0xf5, 0x0,
    0x0, 0x3f, 0xd9, 0x99, 0x99, 0x9c, 0xf5, 0x0,
    0x0, 0x0, 0x0, 0x0, 0x0, 0x0, 0x0, 0x0,

    /* U+542F "启" */
    0x0, 0x0, 0x0, 0x29, 0x70, 0x0, 0x0, 0x0,
    0x0, 0x0, 0x1, 0xff, 0x10, 0x0, 0x0, 0x0,
    0x6a, 0x99, 0x9e, 0xfb, 0x99, 0x99, 0x0, 0xa,
    0xff, 0xff, 0xff, 0xff, 0xff, 0xf1, 0x0, 0xaf,
    0x41, 0x11, 0x11, 0x11, 0xcf, 0x10, 0xa, 0xf4,
    0x0, 0x0, 0x0, 0xc, 0xf1, 0x0, 0xaf, 0xff,
    0xff, 0xff, 0xff, 0xff, 0x10, 0xa, 0xfb, 0xaa,
    0xaa, 0xaa, 0xaa, 0xa0, 0x0, 0xbf, 0x20, 0x0,
    0x0, 0x0, 0x0, 0x0, 0xc, 0xf9, 0xff, 0xff,
    0xff, 0xff, 0xf7, 0x0, 0xfe, 0x9f, 0xba, 0xaa,
    0xaa, 0xcf, 0x70, 0x2f, 0xa9, 0xf3, 0x0, 0x0,
    0x6, 0xf7, 0x7, 0xf6, 0x9f, 0x40, 0x0, 0x0,
    0x7f, 0x70, 0xef, 0x9, 0xff, 0xff, 0xff, 0xff,
    0xf7, 0x3d, 0x70, 0x9f, 0xb9, 0x99, 0x99, 0xcf,
    0x70, 0x0, 0x0, 0x0, 0x0, 0x0, 0x0, 0x0,

    /* U+548C "和" */
    0x0, 0x0, 0x0, 0x40, 0x0, 0x0, 0x0, 0x0,
    0x14, 0x7b, 0xef, 0xa0, 0x0, 0x0, 0x0, 0xc,
    0xff, 0xfe, 0x73, 0x9f, 0xff, 0xff, 0xe0, 0x34,
    0x4f, 0xa0, 0x9, 0xfc, 0xbb, 0xfe, 0x0, 0x2,
    0xfa, 0x0, 0x9f, 0x30, 0xf, 0xe0, 0xbb, 0xcf,
    0xeb, 0xba, 0xf3, 0x0, 0xfe, 0xf, 0xff, 0xff,
    0xff, 0xaf, 0x30, 0xf, 0xe0, 0x0, 0xdf, 0xe1,
    0x9, 0xf3, 0x0, 0xfe, 0x0, 0x5f, 0xff, 0xd1,
    0x9f, 0x30, 0xf, 0xe0, 0xd, 0xef, 0xdf, 0xc9,
    0xf3, 0x0, 0xfe, 0x9, 0xf8, 0xfa, 0x6a, 0x9f,
    0x30, 0xf, 0xe3, 0xfc, 0x2f, 0xa0, 0x9, 0xfb,
    0x99, 0xfe, 0xc, 0x22, 0xfa, 0x0, 0x9f, 0xff,
    0xff, 0xe0, 0x0, 0x2f, 0xa0, 0x9, 0xf5, 0x22,
    0xfe, 0x0, 0x2, 0xfa, 0x0, 0x36, 0x10, 0x5,
    0x40,

    /* U+54C1 "品" */
    0x0, 0xaf, 0xff, 0xff, 0xff, 0xfb, 0x0, 0x0,
    0xaf, 0xbb, 0xbb, 0xbd, 0xfb, 0x0, 0x0, 0xaf,
    0x0, 0x0, 0x5, 0xfb, 0x0, 0x0, 0xaf, 0x0,
    0x0, 0x5, 0xfb, 0x0, 0x0, 0xaf, 0xff, 0xff,
    0xff, 0xfb, 0x0, 0x0, 0x8c, 0xcc, 0xcc, 0xcc,
    0xc8, 0x0, 0x0, 0x0, 0x0, 0x0, 0x0, 0x0,
    0x0, 0xac, 0xcc, 0xcc, 0x7, 0xcc, 0xcc, 0xcb,
    0xdf, 0xff, 0xff, 0x19, 0xff, 0xff, 0xfe, 0xde,
    0x0, 0xcf, 0x19, 0xf2, 0x0, 0xee, 0xde, 0x0,
    0xcf, 0x19, 0xf2, 0x0, 0xee, 0xde, 0x0, 0xcf,
    0x19, 0xf3, 0x0, 0xee, 0xdf, 0xff, 0xff, 0x19,
    0xff, 0xff, 0xfe, 0xdf, 0xbb, 0xef, 0x19, 0xfc,
    0xbb, 0xfe, 0x11, 0x0, 0x0, 0x0, 0x10, 0x0,
    0x0,

    /* U+5584 "善" */
    0x0, 0x0, 0x13, 0x0, 0x0, 0x24, 0x10, 0x0,
    0x0, 0x0, 0xcf, 0x20, 0x0, 0xaf, 0x60, 0x0,
    0x1, 0xbb, 0xdf, 0xcb, 0xbb, 0xff, 0xbb, 0x50,
    0x1, 0xaa, 0xaa, 0xae, 0xfa, 0xaa, 0xaa, 0x50,
    0x0, 0xb, 0xbb, 0xbf, 0xfb, 0xbb, 0xb8, 0x0,
    0x0, 0x6, 0x66, 0x6d, 0xf7, 0x66, 0x64, 0x0,
    0x8, 0xff, 0xff, 0xff, 0xff, 0xff, 0xff, 0xf0,
    0x3, 0x6c, 0xf6, 0x6d, 0xf7, 0x6b, 0xe9, 0x60,
    0x0, 0x8, 0xf5, 0xc, 0xf1, 0xd, 0xf2, 0x0,
    0x1f, 0xff, 0xff, 0xff, 0xff, 0xff, 0xff, 0xf7,
    0x6, 0x67, 0x77, 0x77, 0x77, 0x77, 0x77, 0x63,
    0x0, 0x1f, 0xff, 0xff, 0xff, 0xff, 0xfd, 0x0,
    0x0, 0x1f, 0xd5, 0x55, 0x55, 0x56, 0xfd, 0x0,
    0x0, 0x1f, 0xd7, 0x77, 0x77, 0x77, 0xfd, 0x0,
    0x0, 0x1f, 0xff, 0xff, 0xff, 0xff, 0xfd, 0x0,
    0x0, 0x0, 0x0, 0x0, 0x0, 0x0, 0x0, 0x0,

    /* U+5668 "器" */
    0x0, 0xef, 0xff, 0xf6, 0x2f, 0xff, 0xff, 0x50,
    0x0, 0xee, 0x8b, 0xf6, 0x2f, 0xc8, 0xbf, 0x50,
    0x0, 0xec, 0x5, 0xf6, 0x2f, 0x80, 0x6f, 0x50,
    0x0, 0xef, 0xff, 0xf6, 0x2f, 0xff, 0xff, 0x50,
    0x0, 0x89, 0x99, 0xca, 0x49, 0xef, 0xa9, 0x30,
    0x0, 0x0, 0x0, 0xdf, 0x30, 0x7e, 0xd0, 0x0,
    0x1f, 0xff, 0xff, 0xff, 0xff, 0xff, 0xff, 0xf7,
    0xa, 0xaa, 0xff, 0xda, 0xad, 0xff, 0xaa, 0xa4,
    0x0, 0x3c, 0xfb, 0x0, 0x0, 0xcf, 0xb3, 0x0,
    0x2a, 0xff, 0xfa, 0x93, 0x19, 0xaf, 0xff, 0xc5,
    0xd, 0xff, 0xff, 0xf6, 0x2f, 0xff, 0xff, 0xf4,
    0x0, 0xec, 0x5, 0xf6, 0x2f, 0x80, 0x6f, 0x60,
    0x0, 0xee, 0x9b, 0xf6, 0x2f, 0xd9, 0xcf, 0x50,
    0x0, 0xef, 0xff, 0xf6, 0x2f, 0xff, 0xff, 0x50,
    0x0, 0x11, 0x0, 0x0, 0x1, 0x0, 0x0, 0x0,

    /* U+56DB "四" */
    0x23, 0x33, 0x33, 0x33, 0x33, 0x33, 0x32, 0xdf,
    0xff, 0xff, 0xff, 0xff, 0xff, 0xfa, 0xdf, 0x88,
    0xef, 0x89, 0xfd, 0x8a, 0xfa, 0xdf, 0x0, 0xcf,
    0x1, 0xf9, 0x4, 0xfa, 0xdf, 0x0, 0xde, 0x1,
    0xf9, 0x4, 0xfa, 0xdf, 0x0, 0xfd, 0x1, 0xf9,
    0x4, 0xfa, 0xdf, 0x3, 0xfa, 0x1, 0xf9, 0x4,
    0xfa, 0xdf, 0xb, 0xf6, 0x1, 0xfd, 0x7a, 0xfa,
    0xdf, 0xaf, 0xd0, 0x0, 0xbf, 0xff, 0xfa, 0xdf,
    0x5d, 0x20, 0x0, 0x0, 0x4, 0xfa, 0xdf, 0x0,
    0x0, 0x0, 0x0, 0x4, 0xfa, 0xdf, 0xff, 0xff,
    0xff, 0xff, 0xff, 0xfa, 0xdf, 0xcc, 0xcc, 0xcc,
    0xcc, 0xcd, 0xfa, 0xbe, 0x0, 0x0, 0x0, 0x0,
    0x3, 0xc7,

    /* U+56DE "回" */
    0xef, 0xff, 0xff, 0xff, 0xff, 0xff, 0xfc, 0xef,
    0xdd, 0xdd, 0xdd, 0xdd, 0xde, 0xfc, 0xef, 0x0,
    0x0, 0x0, 0x0, 0x2, 0xfc, 0xef, 0x0, 0x0,
    0x0, 0x0, 0x2, 0xfc, 0xef, 0x2, 0xff, 0xff,
    0xff, 0x12, 0xfc, 0xef, 0x2, 0xfd, 0x99, 0xef,
    0x12, 0xfc, 0xef, 0x2, 0xf9, 0x0, 0xbf, 0x12,
    0xfc, 0xef, 0x2, 0xf9, 0x0, 0xbf, 0x12, 0xfc,
    0xef, 0x2, 0xfd, 0x99, 0xef, 0x12, 0xfc, 0xef,
    0x2, 0xff, 0xff, 0xff, 0x12, 0xfc, 0xef, 0x0,
    0x0, 0x0, 0x0, 0x2, 0xfc, 0xef, 0x0, 0x0,
    0x0, 0x0, 0x3, 0xfc, 0xef, 0xff, 0xff, 0xff,
    0xff, 0xff, 0xfc, 0xef, 0xaa, 0xaa, 0xaa, 0xaa,
    0xab, 0xfc,

    /* U+56FE "图" */
    0xdf, 0xff, 0xff, 0xff, 0xff, 0xff, 0xfd, 0xdf,
    0xaa, 0xac, 0xba, 0xaa, 0xaa, 0xfd, 0xde, 0x0,
    0x2e, 0xd1, 0x0, 0x10, 0xfd, 0xde, 0x3, 0xef,
    0xff, 0xff, 0xf2, 0xfd, 0xde, 0x6f, 0xfd, 0x55,
    0xbf, 0xa0, 0xfd, 0xde, 0x3b, 0x6f, 0xdc, 0xf9,
    0x0, 0xfd, 0xde, 0x2, 0x7d, 0xff, 0xf8, 0x30,
    0xfd, 0xdf, 0xdf, 0xff, 0x74, 0xbf, 0xfd, 0xfd,
    0xde, 0x58, 0x3c, 0xfd, 0x83, 0x53, 0xfd, 0xde,
    0x0, 0x43, 0x38, 0xe4, 0x0, 0xfd, 0xde, 0x5,
    0xff, 0xfd, 0x95, 0x10, 0xfd, 0xde, 0x0, 0x2,
    0x69, 0xdf, 0x80, 0xfd, 0xdf, 0xaa, 0xaa, 0xaa,
    0xac, 0xba, 0xfd, 0xdf, 0xff, 0xff, 0xff, 0xff,
    0xff, 0xfd,

    /* U+5728 "在" */
    0x0, 0x0, 0x0, 0x30, 0x0, 0x0, 0x0, 0x0,
    0x0, 0x0, 0x4, 0xfb, 0x0, 0x0, 0x0, 0x0,
    0x1, 0x11, 0x1a, 0xf7, 0x11, 0x11, 0x11, 0x10,
    0x1f, 0xff, 0xff, 0xff, 0xff, 0xff, 0xff, 0xf2,
    0x1a, 0xaa, 0xef, 0xca, 0xaa, 0xaa, 0xaa, 0xa1,
    0x0, 0x2, 0xff, 0x10, 0x7, 0xc2, 0x0, 0x0,
    0x0, 0x1c, 0xf6, 0x0, 0x9, 0xf3, 0x0, 0x0,
    0x0, 0xaf, 0xc0, 0x0, 0xa, 0xf4, 0x0, 0x0,
    0xa, 0xff, 0xa0, 0xef, 0xff, 0xff, 0xff, 0x70,
    0x5f, 0xff, 0xa0, 0x9a, 0xad, 0xfb, 0xaa, 0x40,
    0x9, 0x4f, 0xa0, 0x0, 0x9, 0xf3, 0x0, 0x0,
    0x0, 0x3f, 0xa0, 0x0, 0x9, 0xf3, 0x0, 0x0,
    0x0, 0x3f, 0xa0, 0x0, 0x9, 0xf3, 0x0, 0x0,
    0x0, 0x3f, 0xa7, 0xee, 0xef, 0xfe, 0xee, 0xe1,
    0x0, 0x3f, 0xa8, 0xff, 0xff, 0xff, 0xff, 0xf1,

    /* U+5730 "地" */
    0x0, 0x9f, 0x10, 0x0, 0x1, 0xfa, 0x0, 0x0,
    0x0, 0x9f, 0x10, 0x2, 0x11, 0xfa, 0x0, 0x0,
    0x0, 0x9f, 0x10, 0x1f, 0xa1, 0xfa, 0x0, 0x0,
    0x0, 0x9f, 0x10, 0x1f, 0xa1, 0xfa, 0x4c, 0x70,
    0x6c, 0xef, 0xc9, 0x1f, 0xa1, 0xff, 0xff, 0xc0,
    0x7f, 0xff, 0xfb, 0x1f, 0xee, 0xff, 0xaf, 0xc0,
    0x0, 0x9f, 0x14, 0xbf, 0xfe, 0xfa, 0xf, 0xc0,
    0x0, 0x9f, 0x1b, 0xff, 0xb1, 0xfa, 0xf, 0xc0,
    0x0, 0x9f, 0x12, 0x4f, 0xa1, 0xfa, 0xf, 0xb0,
    0x0, 0x9f, 0x79, 0x1f, 0xa1, 0xfa, 0x7f, 0xa0,
    0x3, 0xdf, 0xfe, 0x1f, 0xa1, 0xfa, 0xde, 0x40,
    0x8f, 0xfd, 0x70, 0x1f, 0xa0, 0x42, 0x1, 0x82,
    0x2b, 0x40, 0x0, 0x1f, 0xa0, 0x0, 0x3, 0xf6,
    0x0, 0x0, 0x0, 0xf, 0xfa, 0xaa, 0xad, 0xf3,
    0x0, 0x0, 0x0, 0x6, 0xef, 0xff, 0xff, 0x90,

    /* U+5750 "坐" */
    0x0, 0x3, 0x40, 0xf, 0xe0, 0x3, 0x30, 0x0,
    0x0, 0xb, 0xf2, 0xf, 0xe0, 0xc, 0xf1, 0x0,
    0x0, 0xf, 0xe0, 0xf, 0xe0, 0xf, 0xd0, 0x0,
    0x0, 0x4f, 0xc0, 0xf, 0xe0, 0x6f, 0x90, 0x0,
    0x0, 0xbf, 0xf8, 0xf, 0xe0, 0xdf, 0xf3, 0x0,
    0x4, 0xfd, 0xdf, 0x6f, 0xe7, 0xfd, 0xff, 0x30,
    0x2e, 0xf5, 0x2f, 0xaf, 0xff, 0xf2, 0x6f, 0xe1,
    0x2d, 0xa0, 0x4, 0xf, 0xea, 0x50, 0x8, 0xc0,
    0x1, 0x0, 0x0, 0xf, 0xe0, 0x0, 0x0, 0x10,
    0x1, 0xff, 0xff, 0xff, 0xff, 0xff, 0xff, 0x10,
    0x0, 0xbb, 0xbb, 0xbf, 0xfb, 0xbb, 0xbb, 0x10,
    0x0, 0x0, 0x0, 0xf, 0xe0, 0x0, 0x0, 0x0,
    0x0, 0x0, 0x0, 0xf, 0xe0, 0x0, 0x0, 0x0,
    0x3e, 0xee, 0xee, 0xef, 0xfe, 0xee, 0xee, 0xe4,
    0x3d, 0xdd, 0xdd, 0xdd, 0xdd, 0xdd, 0xdd, 0xd4,

    /* U+5757 "块" */
    0x0, 0x9f, 0x10, 0x0, 0x1f, 0xb0, 0x0, 0x0,
    0x0, 0x9f, 0x10, 0x0, 0x1f, 0xb0, 0x0, 0x0,
    0x0, 0x9f, 0x10, 0x12, 0x3f, 0xb2, 0x22, 0x0,
    0x0, 0x9f, 0x10, 0x8f, 0xff, 0xff, 0xff, 0x10,
    0x4c, 0xef, 0xc8, 0x6c, 0xcf, 0xec, 0xef, 0x10,
    0x5f, 0xff, 0xfa, 0x0, 0x1f, 0xb0, 0x9f, 0x10,
    0x0, 0x9f, 0x10, 0x0, 0x1f, 0xa0, 0x9f, 0x10,
    0x0, 0x9f, 0x10, 0x22, 0x4f, 0xb2, 0xaf, 0x30,
    0x0, 0x9f, 0x11, 0xff, 0xff, 0xff, 0xff, 0xf1,
    0x0, 0x9f, 0x79, 0x99, 0xdf, 0xfd, 0x99, 0x91,
    0x3, 0xdf, 0xfc, 0x0, 0xdf, 0xde, 0x0, 0x0,
    0x7f, 0xfd, 0x50, 0x6, 0xfb, 0x5f, 0x90, 0x0,
    0x1b, 0x40, 0x0, 0x4f, 0xf2, 0xd, 0xf5, 0x0,
    0x0, 0x0, 0x8, 0xff, 0x50, 0x3, 0xff, 0x91,
    0x0, 0x0, 0x5f, 0xe4, 0x0, 0x0, 0x5f, 0xd0,
    0x0, 0x0, 0x4, 0x10, 0x0, 0x0, 0x2, 0x20,

    /* U+578B "型" */
    0x0, 0x0, 0x0, 0x0, 0x0, 0x0, 0x1f, 0xa0,
    0x6, 0xff, 0xff, 0xff, 0xe0, 0xfa, 0x1f, 0xa0,
    0x5, 0xdf, 0xfd, 0xff, 0xc0, 0xfa, 0x1f, 0xa0,
    0x0, 0x1f, 0x90, 0xfb, 0x0, 0xfa, 0x1f, 0xa0,
    0x9, 0xaf, 0xda, 0xfe, 0xa2, 0xfa, 0x1f, 0xa0,
    0xe, 0xff, 0xff, 0xff, 0xf4, 0xfa, 0x1f, 0xa0,
    0x0, 0x7f, 0x50, 0xfb, 0x0, 0xc7, 0x1f, 0xa0,
    0x4, 0xfe, 0x0, 0xfb, 0x0, 0x4, 0x5f, 0xa0,
    0xd, 0xf3, 0x0, 0xfc, 0x30, 0xd, 0xff, 0x50,
    0x1, 0x20, 0x0, 0xc, 0xf1, 0x2, 0x31, 0x0,
    0x0, 0x7f, 0xff, 0xff, 0xff, 0xff, 0xfb, 0x0,
    0x0, 0x5b, 0xbb, 0xbe, 0xfb, 0xbb, 0xb8, 0x0,
    0x0, 0x0, 0x0, 0xc, 0xf1, 0x0, 0x0, 0x0,
    0x1f, 0xff, 0xff, 0xff, 0xff, 0xff, 0xff, 0xf5,
    0x1b, 0xbb, 0xbb, 0xbb, 0xbb, 0xbb, 0xbb, 0xb4,

    /* U+57DF "域" */
    0x0, 0x0, 0x0, 0x0, 0x0, 0x0, 0x0, 0x0,
    0x0, 0xfc, 0x0, 0x0, 0x0, 0x8f, 0x5c, 0x30,
    0x0, 0xfc, 0x0, 0x0, 0x0, 0x7f, 0x4c, 0xf1,
    0x0, 0xfc, 0x6, 0x99, 0x99, 0xcf, 0xaa, 0xe2,
    0x0, 0xfc, 0xb, 0xff, 0xff, 0xff, 0xff, 0xf5,
    0x6f, 0xff, 0xf1, 0x11, 0x11, 0x7f, 0x51, 0x10,
    0x6f, 0xff, 0xf2, 0x77, 0x76, 0x5f, 0x53, 0x40,
    0x1, 0xfc, 0x14, 0xff, 0xfe, 0x4f, 0x6c, 0xe0,
    0x0, 0xfc, 0x4, 0xf1, 0x8e, 0x3f, 0x9f, 0x90,
    0x0, 0xfc, 0x4, 0xf2, 0x8e, 0x1f, 0xff, 0x40,
    0x0, 0xfc, 0x54, 0xff, 0xfe, 0xf, 0xfd, 0x0,
    0x0, 0xff, 0xf5, 0x44, 0x45, 0x1d, 0xf5, 0x0,
    0x4f, 0xfe, 0x86, 0x7a, 0xef, 0xbf, 0xf1, 0x10,
    0x2e, 0x70, 0x1f, 0xfc, 0x99, 0xff, 0xf6, 0xa7,
    0x0, 0x0, 0x2, 0x0, 0x6f, 0xe3, 0xee, 0xf7,
    0x0, 0x0, 0x0, 0x0, 0x1a, 0x20, 0x4e, 0xd1,

    /* U+589E "增" */
    0x0, 0x0, 0x0, 0x0, 0x0, 0x0, 0x0, 0x0,
    0xc, 0xe0, 0x0, 0xcd, 0x0, 0x1f, 0x90, 0x0,
    0xce, 0x0, 0xa, 0xf4, 0x7, 0xf4, 0x0, 0xc,
    0xe0, 0x4, 0x7e, 0x64, 0xdd, 0x42, 0x0, 0xce,
    0x1, 0xff, 0xff, 0xff, 0xff, 0x83, 0xbf, 0xfb,
    0x5f, 0x87, 0x6f, 0x27, 0xf8, 0x4f, 0xff, 0xf6,
    0xf6, 0xf8, 0xf8, 0x8f, 0x80, 0xc, 0xe0, 0x1f,
    0x58, 0x9f, 0x90, 0xf8, 0x0, 0xce, 0x1, 0xff,
    0xff, 0xff, 0xff, 0x80, 0xc, 0xe0, 0x4, 0x44,
    0x44, 0x44, 0x42, 0x0, 0xce, 0x0, 0x5f, 0xff,
    0xff, 0xfd, 0x0, 0xc, 0xfc, 0x65, 0xf8, 0x55,
    0x5e, 0xd0, 0x4c, 0xff, 0xf6, 0x5f, 0xdb, 0xbb,
    0xfd, 0x3, 0xfb, 0x50, 0x5, 0xf9, 0x66, 0x6e,
    0xd0, 0x1, 0x0, 0x0, 0x5f, 0xfe, 0xee, 0xfd,
    0x0, 0x0, 0x0, 0x5, 0xf9, 0x66, 0x6e, 0xd0,

    /* U+58A8 "墨" */
    0x0, 0x9f, 0xff, 0xff, 0xff, 0xff, 0xfa, 0x0,
    0x0, 0x9f, 0x3a, 0xf, 0xd1, 0xb3, 0xfa, 0x0,
    0x0, 0x9f, 0x1c, 0x4f, 0xd6, 0xb1, 0xfa, 0x0,
    0x0, 0x9f, 0xee, 0xef, 0xfe, 0xee, 0xfa, 0x0,
    0x0, 0x24, 0x44, 0x4f, 0xe4, 0x44, 0x43, 0x0,
    0x0, 0xbf, 0xff, 0xff, 0xff, 0xff, 0xfd, 0x0,
    0x0, 0x23, 0x33, 0x3f, 0xd3, 0x33, 0x33, 0x0,
    0x2f, 0xff, 0xff, 0xff, 0xff, 0xff, 0xff, 0xf1,
    0x4, 0xbd, 0x59, 0xe5, 0x7f, 0x85, 0xed, 0x40,
    0x9, 0xf9, 0x5, 0xd8, 0x6d, 0x70, 0x5f, 0x90,
    0x3, 0xab, 0xbb, 0xbf, 0xfb, 0xbb, 0xba, 0x0,
    0x0, 0x27, 0x77, 0x7f, 0xe7, 0x77, 0x74, 0x0,
    0x3c, 0xcc, 0xcc, 0xcf, 0xfc, 0xcc, 0xcc, 0xc3,
    0x2a, 0xaa, 0xaa, 0xaa, 0xaa, 0xaa, 0xaa, 0xa3,

    /* U+5907 "备" */
    0x0, 0x0, 0x3, 0x41, 0x0, 0x0, 0x0, 0x0,
    0x0, 0x0, 0x2e, 0xf4, 0x0, 0x1, 0x0, 0x0,
    0x0, 0x3, 0xef, 0xff, 0xff, 0xff, 0xb0, 0x0,
    0x0, 0x8f, 0xfb, 0x88, 0x8a, 0xff, 0x60, 0x0,
    0xd, 0xfd, 0xff, 0x81, 0x6e, 0xf7, 0x0, 0x0,
    0x3, 0x60, 0x2c, 0xff, 0xff, 0x40, 0x0, 0x0,
    0x13, 0x69, 0xdf, 0xfe, 0xff, 0xfc, 0x97, 0x51,
    0x9f, 0xff, 0xe9, 0x40, 0x17, 0xbf, 0xff, 0xe1,
    0x28, 0xdc, 0xaa, 0xaa, 0xaa, 0xaa, 0xc6, 0x30,
    0x0, 0xcf, 0xff, 0xff, 0xff, 0xff, 0xf3, 0x0,
    0x0, 0xcf, 0x42, 0x4f, 0xd2, 0x2d, 0xf3, 0x0,
    0x0, 0xcf, 0xff, 0xff, 0xff, 0xff, 0xf3, 0x0,
    0x0, 0xcf, 0x32, 0x3f, 0xd2, 0x2d, 0xf3, 0x0,
    0x0, 0xcf, 0xdd, 0xdf, 0xfd, 0xdf, 0xf3, 0x0,
    0x0, 0xcf, 0xcb, 0xbb, 0xbb, 0xbf, 0xf3, 0x0,
    0x0, 0x0, 0x0, 0x0, 0x0, 0x0, 0x0, 0x0,

    /* U+5909 "変" */
    0x0, 0x0, 0x0, 0x18, 0x70, 0x0, 0x0, 0x0,
    0x3, 0x33, 0x33, 0x3f, 0xf4, 0x33, 0x33, 0x30,
    0xf, 0xff, 0xff, 0xff, 0xff, 0xff, 0xff, 0xf0,
    0x5, 0x55, 0x5e, 0xf6, 0x6f, 0xe5, 0x55, 0x50,
    0x0, 0x1c, 0x6d, 0xf0, 0xf, 0xd8, 0xb1, 0x0,
    0x0, 0xaf, 0x5d, 0xf0, 0xf, 0xd7, 0xfd, 0x10,
    0x8, 0xfa, 0xd, 0xf0, 0xf, 0xd0, 0x6f, 0xc0,
    0x2, 0x90, 0xb, 0xf0, 0xd, 0xb0, 0x6, 0x20,
    0x0, 0x0, 0x9, 0xfa, 0x11, 0x12, 0x0, 0x0,
    0x0, 0x1, 0xbf, 0xff, 0xff, 0xff, 0xb0, 0x0,
    0x1, 0x8f, 0xff, 0x85, 0x56, 0xff, 0x70, 0x0,
    0xa, 0xfc, 0x6f, 0xf5, 0x3d, 0xf9, 0x0, 0x0,
    0x0, 0x40, 0x4, 0xff, 0xff, 0x80, 0x0, 0x0,
    0x14, 0x69, 0xcf, 0xff, 0xff, 0xfd, 0xa7, 0x62,
    0x1f, 0xff, 0xeb, 0x61, 0x17, 0xbf, 0xff, 0xe1,
    0x4, 0x42, 0x0, 0x0, 0x0, 0x0, 0x24, 0x30,

    /* U+590D "复" */
    0x0, 0x1, 0x61, 0x0, 0x0, 0x0, 0x0, 0x0,
    0x0, 0xa, 0xf7, 0x22, 0x22, 0x22, 0x22, 0x20,
    0x0, 0x6f, 0xff, 0xff, 0xff, 0xff, 0xff, 0xe0,
    0x6, 0xfe, 0x54, 0x44, 0x44, 0x44, 0x44, 0x40,
    0x1f, 0xee, 0xff, 0xff, 0xff, 0xff, 0xfc, 0x0,
    0x4, 0x2c, 0xf4, 0x44, 0x44, 0x45, 0xfd, 0x0,
    0x0, 0xc, 0xff, 0xff, 0xff, 0xff, 0xfd, 0x0,
    0x0, 0xc, 0xf4, 0x44, 0x44, 0x45, 0xfd, 0x0,
    0x0, 0xc, 0xff, 0xff, 0xff, 0xff, 0xfd, 0x0,
    0x0, 0x0, 0x8f, 0xc4, 0x44, 0x44, 0x40, 0x0,
    0x0, 0xa, 0xff, 0xff, 0xff, 0xff, 0xf6, 0x0,
    0x4, 0xef, 0xdf, 0x61, 0x13, 0xcf, 0xa0, 0x0,
    0x0, 0x94, 0x9, 0xfd, 0xbf, 0xf7, 0x0, 0x0,
    0x14, 0x57, 0xad, 0xff, 0xff, 0xeb, 0x97, 0x63,
    0x3f, 0xff, 0xfc, 0x83, 0x16, 0xad, 0xff, 0xf3,
    0x5, 0x41, 0x0, 0x0, 0x0, 0x0, 0x2, 0x30,

    /* U+5916 "外" */
    0x0, 0x8, 0xc2, 0x0, 0x1, 0xfd, 0x0, 0x0,
    0x0, 0x0, 0xdf, 0x10, 0x0, 0x1f, 0xd0, 0x0,
    0x0, 0x0, 0x1f, 0xd0, 0x1, 0x1, 0xfd, 0x0,
    0x0, 0x0, 0x6, 0xff, 0xff, 0xfe, 0x2f, 0xd0,
    0x0, 0x0, 0x0, 0xbf, 0xba, 0xcf, 0xe1, 0xfd,
    0x0, 0x0, 0x0, 0x2f, 0xc0, 0x6, 0xfb, 0x1f,
    0xd6, 0x0, 0x0, 0xb, 0xf5, 0x0, 0xaf, 0x71,
    0xff, 0xfa, 0x0, 0x2, 0xfd, 0xab, 0x2f, 0xf2,
    0x1f, 0xdb, 0xfb, 0x0, 0x2, 0x39, 0xff, 0xfc,
    0x1, 0xfd, 0xc, 0xfb, 0x0, 0x0, 0x6, 0xff,
    0x50, 0x1f, 0xd0, 0x1c, 0x40, 0x0, 0x0, 0xaf,
    0xc0, 0x1, 0xfd, 0x0, 0x0, 0x0, 0x0, 0x8f,
    0xf3, 0x0, 0x1f, 0xd0, 0x0, 0x0, 0x1, 0xaf,
    0xf5, 0x0, 0x1, 0xfd, 0x0, 0x0, 0x1, 0xef,
    0xf4, 0x0, 0x0, 0x1f, 0xd0, 0x0, 0x0, 0x3,
    0xa1, 0x0, 0x0, 0x1, 0xfd, 0x0, 0x0, 0x0,

    /* U+591A "多" */
    0x0, 0x0, 0x0, 0x4, 0x10, 0x0, 0x0, 0x0,
    0x0, 0x0, 0x1, 0xcf, 0x90, 0x1, 0x0, 0x0,
    0x0, 0x0, 0x5e, 0xff, 0xff, 0xff, 0xc0, 0x0,
    0x0, 0x4c, 0xfd, 0x88, 0x89, 0xff, 0x70, 0x0,
    0x2, 0xee, 0x89, 0x50, 0x4d, 0xf9, 0x0, 0x0,
    0x0, 0x10, 0x1b, 0xfd, 0xff, 0x60, 0x0, 0x0,
    0x0, 0x15, 0x9e, 0xff, 0xad, 0xd4, 0x0, 0x0,
    0xa, 0xff, 0xfd, 0x73, 0xcf, 0xf9, 0x9a, 0x60,
    0x3, 0x96, 0x20, 0x6e, 0xff, 0xff, 0xff, 0xf1,
    0x0, 0x1, 0x7d, 0xfd, 0x40, 0x1, 0xdf, 0x70,
    0x0, 0xa, 0xfe, 0x8a, 0xa0, 0x2d, 0xfa, 0x0,
    0x0, 0x0, 0x50, 0xa, 0xfd, 0xff, 0x90, 0x0,
    0x0, 0x0, 0x2, 0x6b, 0xff, 0xe5, 0x0, 0x0,
    0x8, 0xac, 0xff, 0xff, 0xc6, 0x0, 0x0, 0x0,
    0xa, 0xff, 0xda, 0x62, 0x0, 0x0, 0x0, 0x0,
    0x1, 0x20, 0x0, 0x0, 0x0, 0x0, 0x0, 0x0,

    /* U+5927 "大" */
    0x0, 0x0, 0x0, 0xf, 0xf0, 0x0, 0x0, 0x0,
    0x0, 0x0, 0x0, 0xf, 0xe0, 0x0, 0x0, 0x0,
    0x0, 0x0, 0x0, 0x1f, 0xe0, 0x0, 0x0, 0x0,
    0x0, 0x0, 0x0, 0x2f, 0xd0, 0x0, 0x0, 0x0,
    0x0, 0x0, 0x0, 0x4f, 0xc0, 0x0, 0x0, 0x0,
    0x1f, 0xff, 0xff, 0xff, 0xff, 0xff, 0xff, 0xf2,
    0x1d, 0xdd, 0xdd, 0xff, 0xfe, 0xdd, 0xdd, 0xd1,
    0x0, 0x0, 0x0, 0xcf, 0xfa, 0x0, 0x0, 0x0,
    0x0, 0x0, 0x1, 0xff, 0xff, 0x10, 0x0, 0x0,
    0x0, 0x0, 0x8, 0xf9, 0x8f, 0x90, 0x0, 0x0,
    0x0, 0x0, 0x2f, 0xf2, 0x1f, 0xf4, 0x0, 0x0,
    0x0, 0x1, 0xdf, 0x90, 0x7, 0xfe, 0x20, 0x0,
    0x0, 0x2d, 0xfc, 0x0, 0x0, 0xbf, 0xe4, 0x0,
    0x7, 0xff, 0xd1, 0x0, 0x0, 0xc, 0xff, 0xa1,
    0x1c, 0xfa, 0x0, 0x0, 0x0, 0x0, 0x9f, 0xd0,
    0x1, 0x40, 0x0, 0x0, 0x0, 0x0, 0x3, 0x20,

    /* U+5929 "天" */
    0x3, 0x99, 0x99, 0x99, 0x99, 0x99, 0x99, 0x30,
    0x6, 0xff, 0xff, 0xff, 0xff, 0xff, 0xff, 0x50,
    0x1, 0x44, 0x44, 0x5f, 0xe4, 0x44, 0x44, 0x10,
    0x0, 0x0, 0x0, 0x1f, 0xd0, 0x0, 0x0, 0x0,
    0x0, 0x0, 0x0, 0x1f, 0xd0, 0x0, 0x0, 0x0,
    0xc, 0xdd, 0xdd, 0xdf, 0xfd, 0xdd, 0xdd, 0xc0,
    0xf, 0xff, 0xff, 0xff, 0xff, 0xff, 0xff, 0xf0,
    0x0, 0x0, 0x0, 0xbf, 0xf8, 0x0, 0x0, 0x0,
    0x0, 0x0, 0x2, 0xff, 0xef, 0x20, 0x0, 0x0,
    0x0, 0x0, 0xc, 0xf9, 0x6f, 0xc0, 0x0, 0x0,
    0x0, 0x0, 0xbf, 0xe1, 0xc, 0xfc, 0x10, 0x0,
    0x0, 0x4d, 0xfe, 0x20, 0x1, 0xdf, 0xe6, 0x0,
    0x2c, 0xff, 0xb1, 0x0, 0x0, 0x1b, 0xff, 0xe4,
    0xc, 0xd5, 0x0, 0x0, 0x0, 0x0, 0x5c, 0xc0,
    0x0, 0x0, 0x0, 0x0, 0x0, 0x0, 0x0, 0x0,

    /* U+5957 "套" */
    0x0, 0x0, 0x0, 0x24, 0x10, 0x0, 0x0, 0x0,
    0x0, 0x0, 0x1, 0xdf, 0x40, 0x0, 0x0, 0x0,
    0x1f, 0xff, 0xff, 0xff, 0xff, 0xff, 0xff, 0xf1,
    0x7, 0x77, 0xdf, 0xd7, 0x7b, 0xfd, 0x77, 0x70,
    0x0, 0x8, 0xff, 0x64, 0x44, 0xdf, 0xa1, 0x0,
    0x3, 0xdf, 0xff, 0xff, 0xff, 0xff, 0xfe, 0x60,
    0x4f, 0xf9, 0xfd, 0x55, 0x55, 0x55, 0x5e, 0xf4,
    0x5, 0x21, 0xff, 0xff, 0xff, 0xff, 0x0, 0x40,
    0x0, 0x1, 0xfd, 0x66, 0x66, 0x66, 0x0, 0x0,
    0x0, 0x1, 0xfe, 0xaa, 0xaa, 0xaa, 0x0, 0x0,
    0xa, 0xab, 0xfe, 0xaa, 0xaa, 0xaa, 0xaa, 0xa0,
    0x1d, 0xdd, 0xef, 0xfd, 0xdd, 0xef, 0xdd, 0xd1,
    0x0, 0x3, 0xef, 0x40, 0x0, 0xdf, 0x50, 0x0,
    0x0, 0x7f, 0xf9, 0x67, 0x78, 0xaf, 0xf4, 0x0,
    0x0, 0xaf, 0xff, 0xff, 0xed, 0xdc, 0xfe, 0x0,
    0x0, 0x22, 0x10, 0x0, 0x0, 0x0, 0x52, 0x0,

    /* U+59CB "始" */
    0x0, 0x0, 0x0, 0x0, 0x0, 0x0, 0x0, 0x0,
    0x0, 0xbf, 0x0, 0x0, 0xa, 0xe4, 0x0, 0x0,
    0x0, 0xce, 0x0, 0x0, 0x1f, 0xf1, 0x0, 0x0,
    0x0, 0xeb, 0x0, 0x0, 0x8f, 0x80, 0x43, 0x0,
    0x4a, 0xfd, 0xa9, 0x11, 0xfe, 0x1, 0xfd, 0x0,
    0x7f, 0xff, 0xff, 0x2a, 0xf5, 0x0, 0x7f, 0x70,
    0x7, 0xf5, 0x9f, 0x7f, 0xb2, 0x34, 0x6f, 0xe0,
    0x9, 0xf1, 0xbf, 0x5f, 0xff, 0xff, 0xff, 0xf7,
    0xc, 0xd0, 0xdc, 0x2d, 0xa9, 0x76, 0x54, 0xf8,
    0xf, 0xb1, 0xf9, 0x0, 0x11, 0x11, 0x11, 0x20,
    0x2d, 0xfc, 0xf5, 0xd, 0xff, 0xff, 0xff, 0xb0,
    0x1, 0xbf, 0xf1, 0xd, 0xe8, 0x88, 0x8f, 0xb0,
    0x0, 0x4f, 0xfb, 0xd, 0xd0, 0x0, 0xf, 0xb0,
    0x1, 0xee, 0xaf, 0x4d, 0xd0, 0x0, 0xf, 0xb0,
    0x2d, 0xf4, 0x6, 0xd, 0xff, 0xff, 0xff, 0xb0,
    0x1b, 0x40, 0x0, 0xd, 0xfa, 0xaa, 0xaf, 0xb0,
    0x0, 0x0, 0x0, 0x0, 0x0, 0x0, 0x0, 0x0,

    /* U+5B50 "子" */
    0x0, 0x0, 0x0, 0x0, 0x0, 0x0, 0x0, 0x0,
    0x0, 0x9f, 0xff, 0xff, 0xff, 0xff, 0xf9, 0x0,
    0x0, 0x7c, 0xcc, 0xcc, 0xcc, 0xef, 0xfa, 0x0,
    0x0, 0x0, 0x0, 0x0, 0x7, 0xff, 0x80, 0x0,
    0x0, 0x0, 0x0, 0x3, 0xcf, 0xe4, 0x0, 0x0,
    0x0, 0x0, 0x0, 0xd, 0xfa, 0x10, 0x0, 0x0,
    0x0, 0x0, 0x0, 0xd, 0xf0, 0x0, 0x0, 0x0,
    0x3c, 0xcc, 0xcc, 0xcf, 0xfc, 0xcc, 0xcc, 0xc3,
    0x4f, 0xff, 0xff, 0xff, 0xff, 0xff, 0xff, 0xf5,
    0x0, 0x0, 0x0, 0xd, 0xf1, 0x0, 0x0, 0x0,
    0x0, 0x0, 0x0, 0xd, 0xf0, 0x0, 0x0, 0x0,
    0x0, 0x0, 0x0, 0xd, 0xf0, 0x0, 0x0, 0x0,
    0x0, 0x0, 0x0, 0xd, 0xf0, 0x0, 0x0, 0x0,
    0x0, 0x0, 0xad, 0xdf, 0xf0, 0x0, 0x0, 0x0,
    0x0, 0x0, 0x6f, 0xfd, 0x50, 0x0, 0x0, 0x0,

    /* U+5B57 "字" */
    0x0, 0x0, 0x1, 0x76, 0x0, 0x0, 0x0, 0x0,
    0x0, 0x2, 0xff, 0x20, 0x0, 0x0, 0xef, 0xff,
    0xff, 0xff, 0xff, 0xff, 0xfe, 0xef, 0xbb, 0xbb,
    0xbb, 0xbb, 0xbb, 0xfe, 0xee, 0x0, 0x0, 0x0,
    0x0, 0x0, 0xfe, 0x88, 0x3f, 0xff, 0xff, 0xff,
    0xd2, 0x98, 0x0, 0x2b, 0xbb, 0xbc, 0xff, 0xd1,
    0x0, 0x0, 0x0, 0x0, 0x2c, 0xfa, 0x0, 0x0,
    0x0, 0x0, 0x0, 0xff, 0x50, 0x0, 0x0, 0xff,
    0xff, 0xff, 0xff, 0xff, 0xff, 0xff, 0xbc, 0xcc,
    0xcc, 0xff, 0xcc, 0xcc, 0xcb, 0x0, 0x0, 0x0,
    0xff, 0x0, 0x0, 0x0, 0x0, 0x0, 0x0, 0xff,
    0x0, 0x0, 0x0, 0x0, 0x8, 0xcc, 0xfe, 0x0,
    0x0, 0x0, 0x0, 0x4, 0xff, 0xd6, 0x0, 0x0,
    0x0, 0x0, 0x0, 0x0, 0x0, 0x0, 0x0, 0x0,

    /* U+5B58 "存" */
    0x0, 0x0, 0x2, 0xa5, 0x0, 0x0, 0x0, 0x0,
    0x0, 0x0, 0x7, 0xf8, 0x0, 0x0, 0x0, 0x0,
    0x1b, 0xbb, 0xbe, 0xfc, 0xbb, 0xbb, 0xbb, 0xb1,
    0x1f, 0xff, 0xff, 0xff, 0xff, 0xff, 0xff, 0xf2,
    0x0, 0x0, 0xcf, 0x50, 0x0, 0x0, 0x0, 0x0,
    0x0, 0x6, 0xfc, 0x19, 0x99, 0x99, 0xa8, 0x0,
    0x0, 0x2f, 0xf2, 0x3f, 0xff, 0xff, 0xfe, 0x20,
    0x1, 0xdf, 0xa0, 0x0, 0x0, 0x5f, 0xe2, 0x0,
    0x3d, 0xff, 0x90, 0x0, 0x4, 0xfc, 0x10, 0x0,
    0x6f, 0xdf, 0x94, 0x99, 0x9c, 0xfc, 0x99, 0x93,
    0x6, 0x4f, 0x97, 0xff, 0xff, 0xff, 0xff, 0xf6,
    0x0, 0x4f, 0x90, 0x11, 0x16, 0xf8, 0x11, 0x10,
    0x0, 0x4f, 0x90, 0x0, 0x5, 0xf8, 0x0, 0x0,
    0x0, 0x4f, 0x90, 0x6, 0xac, 0xf7, 0x0, 0x0,
    0x0, 0x4f, 0x90, 0x5, 0xff, 0xc2, 0x0, 0x0,
    0x0, 0x0, 0x0, 0x0, 0x0, 0x0, 0x0, 0x0,

    /* U+5B83 "它" */
    0x0, 0x0, 0x1, 0xa9, 0x0, 0x0, 0x0, 0x0,
    0x0, 0x0, 0xef, 0x20, 0x0, 0x0, 0x8b, 0xbb,
    0xbb, 0xef, 0xdb, 0xbb, 0xb9, 0xbf, 0xff, 0xff,
    0xff, 0xff, 0xff, 0xfd, 0xbf, 0x10, 0x0, 0x0,
    0x0, 0x1, 0xfd, 0xbf, 0x79, 0x20, 0x0, 0x0,
    0x1, 0xfd, 0x0, 0xaf, 0x40, 0x0, 0x2, 0x70,
    0x0, 0x0, 0xaf, 0x40, 0x15, 0xbf, 0xfa, 0x0,
    0x0, 0xaf, 0xab, 0xff, 0xfd, 0x71, 0x0, 0x0,
    0xaf, 0xff, 0xb7, 0x20, 0x0, 0x0, 0x0, 0xaf,
    0x70, 0x0, 0x0, 0x0, 0x0, 0x0, 0xaf, 0x40,
    0x0, 0x0, 0x2, 0xe7, 0x0, 0xaf, 0x50, 0x0,
    0x0, 0x6, 0xf9, 0x0, 0x7f, 0xfc, 0xcc, 0xcc,
    0xdf, 0xf4, 0x0, 0xa, 0xef, 0xff, 0xff, 0xfe,
    0x80,

    /* U+5B89 "安" */
    0x0, 0x0, 0x0, 0x26, 0x20, 0x0, 0x0, 0x0,
    0x0, 0x0, 0x0, 0x7f, 0xb0, 0x0, 0x0, 0x0,
    0x8, 0xbb, 0xbb, 0xcf, 0xfb, 0xbb, 0xbb, 0x90,
    0xb, 0xff, 0xff, 0xff, 0xff, 0xff, 0xff, 0xc0,
    0xb, 0xf1, 0x0, 0x66, 0x10, 0x0, 0x2f, 0xc0,
    0x9, 0xd1, 0x1, 0xff, 0x20, 0x0, 0x2d, 0xa0,
    0x2, 0x22, 0x29, 0xfb, 0x22, 0x22, 0x22, 0x20,
    0xf, 0xff, 0xff, 0xff, 0xff, 0xff, 0xff, 0xf1,
    0x9, 0x99, 0xef, 0xc9, 0x99, 0xff, 0xa9, 0x90,
    0x0, 0x4, 0xfe, 0x10, 0x6, 0xfc, 0x0, 0x0,
    0x0, 0xe, 0xff, 0xa4, 0x3f, 0xf3, 0x0, 0x0,
    0x0, 0x1, 0x7d, 0xff, 0xff, 0x80, 0x0, 0x0,
    0x0, 0x0, 0x3, 0xcf, 0xff, 0xfa, 0x30, 0x0,
    0x2, 0x58, 0xdf, 0xfd, 0x58, 0xef, 0xfb, 0x30,
    0x9, 0xff, 0xfb, 0x50, 0x0, 0x7, 0xff, 0x90,
    0x0, 0x84, 0x0, 0x0, 0x0, 0x0, 0x17, 0x0,

    /* U+5B8C "完" */
    0x0, 0x0, 0x0, 0x28, 0x60, 0x0, 0x0, 0x0,
    0x0, 0x0, 0x0, 0x2f, 0xf0, 0x0, 0x0, 0x0,
    0xc, 0xff, 0xff, 0xff, 0xff, 0xff, 0xff, 0xc0,
    0xd, 0xfc, 0xcc, 0xcc, 0xcc, 0xcc, 0xdf, 0xd0,
    0xd, 0xf0, 0x0, 0x0, 0x0, 0x0, 0x1f, 0xd0,
    0xd, 0xf3, 0xff, 0xff, 0xff, 0xff, 0x3f, 0xc0,
    0x0, 0x2, 0xbb, 0xbb, 0xbb, 0xbb, 0x10, 0x0,
    0x0, 0x0, 0x0, 0x0, 0x0, 0x0, 0x0, 0x0,
    0x2f, 0xff, 0xff, 0xff, 0xff, 0xff, 0xff, 0xf2,
    0x1c, 0xcc, 0xcf, 0xec, 0xcf, 0xfc, 0xcc, 0xc1,
    0x0, 0x0, 0x3f, 0xa0, 0xf, 0xd0, 0x0, 0x0,
    0x0, 0x0, 0x7f, 0x70, 0xf, 0xd0, 0x1, 0x30,
    0x0, 0x4, 0xff, 0x20, 0xf, 0xd0, 0x4, 0xf6,
    0x17, 0xcf, 0xf6, 0x0, 0xf, 0xfa, 0xad, 0xf3,
    0xd, 0xfb, 0x30, 0x0, 0x8, 0xff, 0xff, 0xa0,
    0x1, 0x0, 0x0, 0x0, 0x0, 0x0, 0x0, 0x0,

    /* U+5B9A "定" */
    0x0, 0x0, 0x0, 0x16, 0x50, 0x0, 0x0, 0x0,
    0x0, 0x0, 0x0, 0x2f, 0xe0, 0x0, 0x0, 0x0,
    0xa, 0xcc, 0xcc, 0xcf, 0xfd, 0xcc, 0xcc, 0xa0,
    0xd, 0xff, 0xff, 0xff, 0xff, 0xff, 0xff, 0xd0,
    0xd, 0xf0, 0x0, 0x0, 0x0, 0x0, 0xf, 0xd0,
    0xd, 0xf5, 0xcc, 0xcc, 0xcc, 0xcc, 0x6f, 0xd0,
    0x2, 0x27, 0xff, 0xff, 0xff, 0xff, 0x72, 0x20,
    0x0, 0x1, 0x0, 0xf, 0xf0, 0x0, 0x0, 0x0,
    0x0, 0xc, 0xf0, 0xf, 0xf0, 0x0, 0x0, 0x0,
    0x0, 0xf, 0xe0, 0xf, 0xff, 0xff, 0xf5, 0x0,
    0x0, 0x3f, 0xe0, 0xf, 0xfb, 0xbb, 0xb4, 0x0,
    0x0, 0x9f, 0xfa, 0xf, 0xf0, 0x0, 0x0, 0x0,
    0x2, 0xfe, 0xbf, 0xbf, 0xf0, 0x0, 0x0, 0x0,
    0x1d, 0xf6, 0xb, 0xff, 0xfe, 0xdd, 0xdd, 0xd3,
    0x2d, 0xa0, 0x0, 0x4a, 0xdf, 0xff, 0xff, 0xe0,
    0x0, 0x0, 0x0, 0x0, 0x0, 0x0, 0x0, 0x0,

    /* U+5B9E "实" */
    0x0, 0x0, 0x1, 0x77, 0x0, 0x0, 0x0, 0x0,
    0x0, 0x0, 0x1f, 0xf2, 0x0, 0x0, 0x0, 0xbf,
    0xff, 0xff, 0xff, 0xff, 0xff, 0xfd, 0xb, 0xfa,
    0xaa, 0xaa, 0xaa, 0xaa, 0xbf, 0xd0, 0xbf, 0x1a,
    0x90, 0x2c, 0x80, 0x1, 0xfd, 0x6, 0x91, 0xaf,
    0xd4, 0xfa, 0x0, 0x9, 0x70, 0x1, 0x60, 0x77,
    0x5f, 0x90, 0x0, 0x0, 0x0, 0x9f, 0xd2, 0x6,
    0xf7, 0x0, 0x0, 0x0, 0x0, 0x7e, 0x30, 0x9f,
    0x50, 0x0, 0x0, 0x7, 0x88, 0x98, 0x8e, 0xf9,
    0x88, 0x88, 0x80, 0xef, 0xff, 0xff, 0xff, 0xff,
    0xff, 0xff, 0x0, 0x0, 0x3, 0xef, 0x58, 0x50,
    0x0, 0x0, 0x0, 0x7, 0xff, 0x93, 0xff, 0xe7,
    0x10, 0x4, 0xaf, 0xff, 0x70, 0x1, 0x6d, 0xff,
    0x80, 0x2f, 0xe8, 0x10, 0x0, 0x0, 0x5, 0xd7,
    0x0, 0x20, 0x0, 0x0, 0x0, 0x0, 0x0, 0x0,

    /* U+5BB9 "容" */
    0x0, 0x0, 0x0, 0x4, 0x50, 0x0, 0x0, 0x0,
    0x0, 0x0, 0x0, 0x2f, 0xf3, 0x0, 0x0, 0x0,
    0xd, 0xff, 0xff, 0xff, 0xff, 0xff, 0xff, 0xd0,
    0xd, 0xf9, 0x99, 0x99, 0x99, 0x99, 0x9f, 0xd0,
    0xd, 0xf0, 0x5d, 0x50, 0x3, 0xc4, 0xf, 0xd0,
    0x4, 0x57, 0xfe, 0x13, 0x43, 0xdf, 0x96, 0x40,
    0x2, 0xcf, 0xd1, 0x1e, 0xf4, 0xa, 0xfc, 0x10,
    0x0, 0xc9, 0x2, 0xdf, 0xfe, 0x30, 0x89, 0x0,
    0x0, 0x0, 0x5f, 0xf6, 0x3e, 0xf8, 0x0, 0x0,
    0x0, 0x4c, 0xfe, 0x40, 0x2, 0xcf, 0xe7, 0x10,
    0x3d, 0xff, 0xff, 0xff, 0xff, 0xff, 0xff, 0xf2,
    0xb, 0xad, 0xf8, 0x88, 0x88, 0x8f, 0xe7, 0x70,
    0x0, 0xc, 0xf0, 0x0, 0x0, 0xf, 0xd0, 0x0,
    0x0, 0xc, 0xfa, 0xaa, 0xaa, 0xaf, 0xd0, 0x0,
    0x0, 0xc, 0xff, 0xff, 0xff, 0xff, 0xd0, 0x0,
    0x0, 0x0, 0x0, 0x0, 0x0, 0x0, 0x0, 0x0,

    /* U+5BBD "宽" */
    0x0, 0x0, 0x0, 0x4, 0x50, 0x0, 0x0, 0x0,
    0x0, 0x0, 0x0, 0x4f, 0xf1, 0x0, 0x0, 0x0,
    0xe, 0xff, 0xff, 0xff, 0xff, 0xff, 0xff, 0xe0,
    0xe, 0xe8, 0x8a, 0xa8, 0x8a, 0xa8, 0x8f, 0xe0,
    0xe, 0xe9, 0xaf, 0xe9, 0x9f, 0xfa, 0x9f, 0xe0,
    0x0, 0x2d, 0xdf, 0xfd, 0xdf, 0xfd, 0xd2, 0x0,
    0x0, 0x0, 0xb, 0x80, 0x9, 0xb0, 0x0, 0x0,
    0x0, 0x1f, 0xff, 0xff, 0xff, 0xff, 0xf0, 0x0,
    0x0, 0x2f, 0xe9, 0x99, 0x99, 0x9f, 0xf0, 0x0,
    0x0, 0x2f, 0xb0, 0x6f, 0x80, 0xe, 0xf0, 0x0,
    0x0, 0x2f, 0xb0, 0x6f, 0xb5, 0xe, 0xf0, 0x0,
    0x0, 0x2f, 0xb0, 0xcf, 0xff, 0xd, 0xe1, 0x30,
    0x0, 0x1, 0x4c, 0xfc, 0xef, 0x0, 0x3, 0xf6,
    0x15, 0x8d, 0xff, 0xa0, 0xdf, 0x99, 0x9c, 0xf4,
    0x1d, 0xfe, 0x92, 0x0, 0x5e, 0xff, 0xff, 0xa0,
    0x1, 0x20, 0x0, 0x0, 0x0, 0x0, 0x0, 0x0,

    /* U+5BC6 "密" */
    0x0, 0x0, 0x0, 0x0, 0x0, 0x0, 0x0, 0x0,
    0x0, 0x0, 0x0, 0x3d, 0x90, 0x0, 0x0, 0x0,
    0x7, 0x99, 0x99, 0xaf, 0xf9, 0x99, 0x99, 0x80,
    0xd, 0xff, 0xff, 0xff, 0xff, 0xff, 0xff, 0xf0,
    0xd, 0xe0, 0x8, 0xe7, 0x10, 0x33, 0xe, 0xf0,
    0xa, 0xb0, 0x26, 0x9f, 0xb3, 0xef, 0x1a, 0xb0,
    0x0, 0xbb, 0x8f, 0x12, 0x8f, 0xf5, 0xc7, 0x0,
    0x5, 0xf8, 0x8f, 0x3b, 0xfd, 0x24, 0xbf, 0x70,
    0x1e, 0xd0, 0x9f, 0xff, 0x90, 0x2f, 0x7c, 0xf4,
    0x6, 0xbe, 0xff, 0xff, 0xff, 0xff, 0x31, 0x80,
    0x3f, 0xff, 0xa5, 0x77, 0x77, 0x73, 0x0, 0x0,
    0x6, 0x74, 0x0, 0x2f, 0xc0, 0x0, 0x75, 0x0,
    0x0, 0x9f, 0x10, 0x2f, 0xd0, 0x1, 0xfc, 0x0,
    0x0, 0x9f, 0x10, 0x2f, 0xd0, 0x1, 0xfc, 0x0,
    0x0, 0x9f, 0xee, 0xff, 0xfe, 0xef, 0xfc, 0x0,
    0x0, 0x7c, 0xcc, 0xcc, 0xcc, 0xcc, 0xfc, 0x0,

    /* U+5BF9 "对" */
    0x0, 0x0, 0x0, 0x0, 0x0, 0x0, 0xef, 0x0,
    0x0, 0x0, 0x0, 0x0, 0x0, 0x0, 0xef, 0x0,
    0x9, 0xdd, 0xdd, 0xe7, 0x0, 0x0, 0xef, 0x0,
    0xb, 0xff, 0xff, 0xfa, 0x0, 0x0, 0xef, 0x0,
    0x1, 0x11, 0x16, 0xf7, 0xff, 0xff, 0xff, 0xfa,
    0x0, 0x10, 0x8, 0xf5, 0xcc, 0xcc, 0xff, 0xc8,
    0x4, 0xf7, 0xc, 0xf1, 0x0, 0x0, 0xef, 0x0,
    0x1, 0xdf, 0xaf, 0xd0, 0x8a, 0x0, 0xef, 0x0,
    0x0, 0x1c, 0xff, 0x80, 0x9f, 0x50, 0xef, 0x0,
    0x0, 0x1, 0xff, 0xa0, 0x1f, 0xd0, 0xef, 0x0,
    0x0, 0x7, 0xff, 0xf8, 0x8, 0x90, 0xef, 0x0,
    0x0, 0x3f, 0xf4, 0xef, 0x30, 0x0, 0xef, 0x0,
    0x2, 0xef, 0x70, 0x58, 0x0, 0x0, 0xef, 0x0,
    0xe, 0xfa, 0x0, 0x0, 0x2, 0xee, 0xfd, 0x0,
    0x5, 0x90, 0x0, 0x0, 0x0, 0xdf, 0xd5, 0x0,

    /* U+5BFC "导" */
    0x0, 0xff, 0xff, 0xff, 0xff, 0xff, 0xf4, 0x0,
    0x0, 0xff, 0xaa, 0xaa, 0xaa, 0xad, 0xf4, 0x0,
    0x0, 0xff, 0x88, 0x88, 0x88, 0x8c, 0xf4, 0x0,
    0x0, 0xff, 0xff, 0xff, 0xff, 0xff, 0xf4, 0x0,
    0x0, 0xff, 0x0, 0x0, 0x0, 0x0, 0x8, 0x40,
    0x0, 0xef, 0xa8, 0x88, 0x88, 0x88, 0xaf, 0xc0,
    0x0, 0x3b, 0xef, 0xff, 0xff, 0xff, 0xec, 0x30,
    0x0, 0x0, 0x0, 0x0, 0x0, 0xec, 0x0, 0x0,
    0xf, 0xff, 0xff, 0xff, 0xff, 0xff, 0xff, 0xf2,
    0xb, 0xbd, 0xfc, 0xbb, 0xbb, 0xff, 0xbb, 0xb2,
    0x0, 0x7, 0xfd, 0x20, 0x0, 0xfd, 0x0, 0x0,
    0x0, 0x0, 0x6f, 0xe0, 0x0, 0xfd, 0x0, 0x0,
    0x0, 0x0, 0x5, 0x38, 0x89, 0xfd, 0x0, 0x0,
    0x0, 0x0, 0x0, 0x9, 0xff, 0xe6, 0x0, 0x0,
    0x0, 0x0, 0x0, 0x0, 0x0, 0x0, 0x0, 0x0,

    /* U+5C06 "将" */
    0x0, 0xb, 0xf1, 0x0, 0x6, 0xa4, 0x0, 0x0,
    0x0, 0xb, 0xf1, 0x0, 0x5f, 0xf7, 0x55, 0x30,
    0x2, 0xb, 0xf1, 0x7, 0xff, 0xff, 0xff, 0xf3,
    0x4f, 0x8b, 0xf3, 0xdf, 0xc5, 0x22, 0x9f, 0xb0,
    0xc, 0xfe, 0xf1, 0x77, 0xaf, 0x48, 0xfd, 0x10,
    0x1, 0xee, 0xf1, 0x0, 0x2f, 0xff, 0xc1, 0x0,
    0x0, 0x1b, 0xf1, 0x49, 0xef, 0xe7, 0x53, 0x0,
    0x0, 0xb, 0xf1, 0xcf, 0xc6, 0x1, 0xfb, 0x0,
    0x0, 0x3e, 0xf3, 0xdc, 0xbb, 0xbb, 0xfe, 0xb5,
    0x7, 0xff, 0xf4, 0xff, 0xff, 0xff, 0xff, 0xf7,
    0x4f, 0xdc, 0xf1, 0x1b, 0xa0, 0x1, 0xfb, 0x0,
    0x7, 0xb, 0xf1, 0x9, 0xf8, 0x1, 0xfb, 0x0,
    0x0, 0xb, 0xf1, 0x0, 0xdc, 0x1, 0xfb, 0x0,
    0x0, 0xb, 0xf1, 0x0, 0x13, 0xaa, 0xfa, 0x0,
    0x0, 0xb, 0xf1, 0x0, 0x0, 0xff, 0xd4, 0x0,
    0x0, 0x0, 0x0, 0x0, 0x0, 0x0, 0x0, 0x0,

    /* U+5C42 "层" */
    0x2, 0xff, 0xff, 0xff, 0xff, 0xff, 0xff, 0x60,
    0x2, 0xfd, 0x88, 0x88, 0x88, 0x88, 0xbf, 0x60,
    0x2, 0xfb, 0x11, 0x11, 0x11, 0x11, 0x7f, 0x60,
    0x2, 0xff, 0xff, 0xff, 0xff, 0xff, 0xff, 0x60,
    0x2, 0xfd, 0x77, 0x77, 0x77, 0x77, 0x77, 0x20,
    0x2, 0xfb, 0x8, 0x88, 0x88, 0x88, 0x88, 0x0,
    0x2, 0xfa, 0x1f, 0xff, 0xff, 0xff, 0xff, 0x0,
    0x3, 0xf9, 0x0, 0x0, 0x0, 0x0, 0x0, 0x0,
    0x5, 0xf8, 0x88, 0x88, 0x88, 0x88, 0x88, 0x81,
    0x7, 0xf6, 0xff, 0xff, 0xff, 0xff, 0xff, 0xf2,
    0xa, 0xf3, 0x1, 0xdf, 0x50, 0x8, 0xb1, 0x0,
    0xe, 0xf0, 0x9, 0xf9, 0x0, 0xa, 0xf7, 0x0,
    0x4f, 0xb0, 0x7f, 0xfd, 0xef, 0xff, 0xff, 0x20,
    0x3c, 0x40, 0x5f, 0xdb, 0xa8, 0x76, 0x8f, 0x80,
    0x0, 0x0, 0x0, 0x0, 0x0, 0x0, 0x2, 0x0,

    /* U+5C4F "屏" */
    0x0, 0xff, 0xff, 0xff, 0xff, 0xff, 0xff, 0xd0,
    0x0, 0xfe, 0x88, 0x88, 0x88, 0x88, 0x9f, 0xd0,
    0x0, 0xfc, 0x0, 0x0, 0x0, 0x0, 0x2f, 0xd0,
    0x0, 0xff, 0xff, 0xff, 0xff, 0xff, 0xff, 0xd0,
    0x0, 0xfe, 0x89, 0xda, 0x88, 0x8b, 0xc8, 0x60,
    0x0, 0xfc, 0x3, 0xfb, 0x0, 0xb, 0xf4, 0x0,
    0x0, 0xfc, 0x9b, 0xfb, 0xbb, 0xbf, 0xfb, 0xb0,
    0x1, 0xfb, 0xac, 0xff, 0xdc, 0xdf, 0xfc, 0xc0,
    0x2, 0xfa, 0x0, 0xbf, 0x10, 0x1f, 0xb0, 0x0,
    0x4, 0xfa, 0x99, 0xef, 0x99, 0x9f, 0xe9, 0x94,
    0x7, 0xf8, 0xff, 0xff, 0xff, 0xff, 0xff, 0xf7,
    0xc, 0xf2, 0x6, 0xfa, 0x0, 0x1f, 0xb0, 0x0,
    0x3f, 0xc0, 0x8f, 0xe2, 0x0, 0x1f, 0xb0, 0x0,
    0x3c, 0x50, 0xab, 0x10, 0x0, 0x1f, 0xb0, 0x0,
    0x0, 0x0, 0x0, 0x0, 0x0, 0x0, 0x0, 0x0,

    /* U+5C55 "展" */
    0x0, 0xef, 0xff, 0xff, 0xff, 0xff, 0xff, 0x40,
    0x0, 0xef, 0x88, 0x88, 0x88, 0x88, 0xcf, 0x40,
    0x0, 0xef, 0x33, 0x33, 0x33, 0x33, 0xaf, 0x40,
    0x0, 0xef, 0xff, 0xff, 0xff, 0xff, 0xff, 0x40,
    0x0, 0xef, 0x55, 0xcf, 0x55, 0xcf, 0x65, 0x10,
    0x0, 0xee, 0x57, 0xcf, 0x77, 0xcf, 0x87, 0x30,
    0x0, 0xfe, 0xbf, 0xff, 0xff, 0xff, 0xff, 0x70,
    0x0, 0xfd, 0x0, 0xaf, 0x10, 0xaf, 0x20, 0x0,
    0x1, 0xfc, 0xcc, 0xef, 0xcc, 0xef, 0xcc, 0xc1,
    0x3, 0xfa, 0xce, 0xfc, 0xdf, 0xec, 0xce, 0xc1,
    0x6, 0xf7, 0xa, 0xf0, 0xd, 0xe5, 0xdf, 0x30,
    0xb, 0xf3, 0xa, 0xf0, 0x5, 0xff, 0xd3, 0x0,
    0x1f, 0xe0, 0x1e, 0xfb, 0xeb, 0x5f, 0xfa, 0x40,
    0x5f, 0x70, 0x3f, 0xfd, 0x94, 0x3, 0xcf, 0xc0,
    0x2, 0x0, 0x5, 0x10, 0x0, 0x0, 0x2, 0x20,

    /* U+5D4C "嵌" */
    0x0, 0x0, 0x0, 0x8, 0xf4, 0x0, 0x0, 0x0,
    0x3, 0xfa, 0x0, 0x8, 0xf4, 0x0, 0x2f, 0xc0,
    0x3, 0xfa, 0x22, 0x29, 0xf6, 0x22, 0x4f, 0xc0,
    0x3, 0xff, 0xff, 0xff, 0xff, 0xff, 0xff, 0xc0,
    0x1, 0x87, 0x66, 0x88, 0x69, 0xb6, 0x66, 0x40,
    0x1, 0xfa, 0x0, 0xfb, 0x9, 0xf2, 0x11, 0x20,
    0x4b, 0xfe, 0xbb, 0xfe, 0x7c, 0xff, 0xff, 0xf8,
    0x5f, 0xff, 0xff, 0xff, 0xbf, 0xc7, 0x79, 0xf5,
    0x1, 0xfa, 0x0, 0xfb, 0x6f, 0x6c, 0x95, 0xf2,
    0x1, 0xfd, 0x88, 0xfb, 0x7e, 0x2f, 0xa6, 0xd0,
    0x1, 0xff, 0xff, 0xfb, 0x1, 0x4f, 0xb0, 0x0,
    0x1, 0xfa, 0x0, 0xfb, 0x0, 0x9f, 0xf3, 0x0,
    0x1, 0xfd, 0x99, 0xfb, 0x3, 0xfc, 0xfd, 0x0,
    0x1, 0xff, 0xff, 0xfb, 0x3e, 0xe1, 0x5f, 0xd2,
    0x1, 0xfa, 0x0, 0xfb, 0x8c, 0x20, 0x5, 0xd2,
    0x0, 0x0, 0x0, 0x0, 0x0, 0x0, 0x0, 0x0,

    /* U+5DE5 "工" */
    0x5, 0xee, 0xee, 0xee, 0xee, 0xee, 0xee, 0x60,
    0x6, 0xff, 0xff, 0xff, 0xff, 0xff, 0xff, 0x70,
    0x0, 0x0, 0x0, 0x1f, 0xf0, 0x0, 0x0, 0x0,
    0x0, 0x0, 0x0, 0x1f, 0xf0, 0x0, 0x0, 0x0,
    0x0, 0x0, 0x0, 0x1f, 0xf0, 0x0, 0x0, 0x0,
    0x0, 0x0, 0x0, 0x1f, 0xf0, 0x0, 0x0, 0x0,
    0x0, 0x0, 0x0, 0x1f, 0xf0, 0x0, 0x0, 0x0,
    0x0, 0x0, 0x0, 0x1f, 0xf0, 0x0, 0x0, 0x0,
    0x0, 0x0, 0x0, 0x1f, 0xf0, 0x0, 0x0, 0x0,
    0x0, 0x0, 0x0, 0x1f, 0xf0, 0x0, 0x0, 0x0,
    0x3b, 0xbb, 0xbb, 0xcf, 0xfb, 0xbb, 0xbb, 0xb3,
    0x4f, 0xff, 0xff, 0xff, 0xff, 0xff, 0xff, 0xf5,
    0x1, 0x11, 0x11, 0x11, 0x11, 0x11, 0x11, 0x10,

    /* U+5DF2 "已" */
    0x8f, 0xff, 0xff, 0xff, 0xff, 0xff, 0x30, 0x7,
    0xdd, 0xdd, 0xdd, 0xdd, 0xdf, 0xf3, 0x0, 0x0,
    0x0, 0x0, 0x0, 0x0, 0xaf, 0x30, 0x0, 0x45,
    0x0, 0x0, 0x0, 0xa, 0xf3, 0x0, 0xe, 0xf0,
    0x0, 0x0, 0x0, 0xaf, 0x30, 0x0, 0xef, 0x11,
    0x11, 0x11, 0x1b, 0xf3, 0x0, 0xe, 0xff, 0xff,
    0xff, 0xff, 0xff, 0x30, 0x0, 0xef, 0xbb, 0xbb,
    0xbb, 0xbe, 0xf3, 0x0, 0xe, 0xf0, 0x0, 0x0,
    0x0, 0x47, 0x10, 0x0, 0xef, 0x0, 0x0, 0x0,
    0x0, 0x3, 0x10, 0xe, 0xf0, 0x0, 0x0, 0x0,
    0x0, 0xaf, 0x30, 0xdf, 0x10, 0x0, 0x0, 0x0,
    0x1e, 0xf1, 0xa, 0xff, 0xdd, 0xdd, 0xdd, 0xdf,
    0xfb, 0x0, 0x1a, 0xdf, 0xff, 0xff, 0xff, 0xea,
    0x10,

    /* U+5E03 "布" */
    0x0, 0x0, 0x0, 0x40, 0x0, 0x0, 0x0, 0x0,
    0x0, 0x0, 0x3, 0xfc, 0x0, 0x0, 0x0, 0x0,
    0x0, 0x0, 0x9, 0xf7, 0x0, 0x0, 0x0, 0x0,
    0x2f, 0xff, 0xff, 0xff, 0xff, 0xff, 0xff, 0xf2,
    0x1b, 0xbb, 0xef, 0xdb, 0xbb, 0xbb, 0xbb, 0xb1,
    0x0, 0x1, 0xef, 0x11, 0xea, 0x0, 0x0, 0x0,
    0x0, 0xa, 0xf8, 0x2, 0xfc, 0x0, 0x0, 0x0,
    0x0, 0x7f, 0xff, 0xff, 0xff, 0xff, 0xff, 0x60,
    0x7, 0xff, 0xfc, 0xbb, 0xfe, 0xbb, 0xdf, 0x60,
    0x6f, 0xfc, 0xf4, 0x1, 0xfc, 0x0, 0x7f, 0x60,
    0x1c, 0x39, 0xf4, 0x1, 0xfc, 0x0, 0x7f, 0x60,
    0x0, 0x9, 0xf4, 0x1, 0xfc, 0x0, 0x7f, 0x60,
    0x0, 0x9, 0xf4, 0x1, 0xfc, 0x6c, 0xef, 0x50,
    0x0, 0x8, 0xf3, 0x1, 0xfc, 0x2d, 0xc9, 0x0,
    0x0, 0x0, 0x0, 0x1, 0xfc, 0x0, 0x0, 0x0,

    /* U+5E93 "库" */
    0x0, 0x0, 0x0, 0x2, 0x74, 0x0, 0x0, 0x0,
    0x0, 0x1, 0x0, 0x4, 0xfc, 0x0, 0x0, 0x0,
    0x0, 0xff, 0xff, 0xff, 0xff, 0xff, 0xff, 0xf6,
    0x0, 0xff, 0xaa, 0xad, 0xba, 0xaa, 0xaa, 0xa3,
    0x0, 0xfd, 0x0, 0xd, 0xf2, 0x0, 0x0, 0x0,
    0x0, 0xfd, 0xaf, 0xff, 0xff, 0xff, 0xff, 0xc0,
    0x0, 0xfd, 0x7a, 0xff, 0xba, 0xaa, 0xaa, 0x80,
    0x0, 0xfc, 0x5, 0xf9, 0xb, 0xf1, 0x0, 0x0,
    0x0, 0xfc, 0x2f, 0xf9, 0x8e, 0xf9, 0x88, 0x20,
    0x1, 0xfa, 0x1f, 0xff, 0xff, 0xff, 0xff, 0x40,
    0x3, 0xf9, 0x2, 0x11, 0x1c, 0xf2, 0x11, 0x0,
    0x7, 0xf7, 0x99, 0x99, 0x9e, 0xf9, 0x99, 0x93,
    0xb, 0xf4, 0xff, 0xff, 0xff, 0xff, 0xff, 0xf5,
    0x2f, 0xd0, 0x11, 0x11, 0x1c, 0xf2, 0x11, 0x10,
    0x1a, 0x60, 0x0, 0x0, 0xb, 0xf1, 0x0, 0x0,
    0x0, 0x0, 0x0, 0x0, 0x0, 0x0, 0x0, 0x0,

    /* U+5E95 "底" */
    0x0, 0x0, 0x0, 0x0, 0x66, 0x0, 0x0, 0x0,
    0x0, 0x1, 0x0, 0x1, 0xef, 0x20, 0x0, 0x0,
    0x0, 0xff, 0xff, 0xff, 0xff, 0xff, 0xff, 0xf9,
    0x0, 0xfe, 0x99, 0x99, 0x99, 0x99, 0x99, 0x95,
    0x0, 0xfc, 0x4, 0x56, 0x78, 0xac, 0xee, 0x20,
    0x0, 0xfc, 0xe, 0xff, 0xff, 0xfe, 0xb8, 0x40,
    0x0, 0xfc, 0xe, 0xd1, 0x12, 0xf9, 0x0, 0x0,
    0x0, 0xfc, 0xe, 0xc0, 0x1, 0xfb, 0x0, 0x0,
    0x0, 0xfb, 0xe, 0xff, 0xff, 0xff, 0xff, 0xf2,
    0x1, 0xfa, 0xe, 0xea, 0xaa, 0xef, 0xaa, 0xa1,
    0x3, 0xf8, 0xe, 0xc0, 0x3, 0x9f, 0x30, 0x0,
    0x6, 0xf6, 0xe, 0xc0, 0x8f, 0x5f, 0x80, 0x51,
    0xb, 0xf2, 0xe, 0xd8, 0x9f, 0x7e, 0xf1, 0xba,
    0x1f, 0xd0, 0x5f, 0xff, 0x9c, 0xd6, 0xfe, 0xf7,
    0x1b, 0x70, 0x4b, 0x61, 0x6, 0x90, 0x8f, 0xd1,
    0x0, 0x0, 0x0, 0x0, 0x0, 0x0, 0x0, 0x0,

    /* U+5EA6 "度" */
    0x0, 0x0, 0x0, 0x1, 0x55, 0x0, 0x0, 0x0,
    0x0, 0x1, 0x0, 0x2, 0xfe, 0x10, 0x0, 0x0,
    0x0, 0xff, 0xff, 0xff, 0xff, 0xff, 0xff, 0xf7,
    0x0, 0xff, 0xaa, 0xbb, 0xaa, 0xab, 0xba, 0xa4,
    0x0, 0xfd, 0x0, 0xaf, 0x10, 0xd, 0xf0, 0x0,
    0x0, 0xfd, 0xdf, 0xff, 0xff, 0xff, 0xff, 0xf5,
    0x0, 0xfd, 0x67, 0xdf, 0x87, 0x7e, 0xf7, 0x72,
    0x0, 0xfc, 0x0, 0xaf, 0x76, 0x6e, 0xf0, 0x0,
    0x0, 0xfc, 0x0, 0xaf, 0xff, 0xff, 0xf0, 0x0,
    0x1, 0xfb, 0x55, 0x55, 0x55, 0x55, 0x64, 0x0,
    0x3, 0xf9, 0xef, 0xff, 0xff, 0xff, 0xff, 0x30,
    0x5, 0xf7, 0x17, 0xfc, 0x21, 0x3c, 0xf8, 0x0,
    0x9, 0xf4, 0x0, 0x8f, 0xe9, 0xef, 0x80, 0x0,
    0xe, 0xf2, 0x57, 0x9f, 0xff, 0xfe, 0x96, 0x42,
    0x2e, 0xb2, 0xff, 0xfb, 0x74, 0x9d, 0xff, 0xf3,
    0x0, 0x10, 0x31, 0x0, 0x0, 0x0, 0x14, 0x40,

    /* U+5EFA "建" */
    0x0, 0x0, 0x20, 0x0, 0xf, 0xb0, 0x0, 0x0,
    0x1f, 0xff, 0xf6, 0x8b, 0xbf, 0xeb, 0xbb, 0x0,
    0x9, 0x9e, 0xf3, 0x9b, 0xbf, 0xeb, 0xdf, 0x10,
    0x0, 0x1f, 0xb1, 0x22, 0x2f, 0xc2, 0x9f, 0x30,
    0x0, 0x9f, 0x3a, 0xff, 0xff, 0xff, 0xff, 0xf0,
    0x2, 0xfc, 0x32, 0x33, 0x3f, 0xc3, 0x9f, 0x40,
    0xd, 0xff, 0xf8, 0xdf, 0xff, 0xff, 0xff, 0x10,
    0xa, 0x67, 0xf6, 0x44, 0x4f, 0xc4, 0x44, 0x0,
    0x7, 0x46, 0xf3, 0xef, 0xff, 0xff, 0xff, 0x70,
    0xc, 0xba, 0xf0, 0x55, 0x5f, 0xd5, 0x55, 0x20,
    0x6, 0xff, 0xb4, 0x77, 0x7f, 0xd7, 0x77, 0x60,
    0x0, 0xdf, 0x79, 0xff, 0xff, 0xff, 0xff, 0xf0,
    0x1, 0xef, 0xe6, 0x10, 0xf, 0xb0, 0x0, 0x0,
    0x1c, 0xf8, 0xdf, 0xfd, 0xbc, 0xba, 0xaa, 0xa2,
    0x2e, 0xa0, 0x5, 0xad, 0xef, 0xff, 0xff, 0xf0,
    0x1, 0x0, 0x0, 0x0, 0x0, 0x0, 0x0, 0x0,

    /* U+5F00 "开" */
    0xe, 0xff, 0xff, 0xff, 0xff, 0xff, 0xff, 0xb0,
    0xe, 0xff, 0xff, 0xff, 0xff, 0xff, 0xff, 0xb0,
    0x0, 0x0, 0xcf, 0x10, 0x1, 0xfd, 0x0, 0x0,
    0x0, 0x0, 0xcf, 0x10, 0x1, 0xfd, 0x0, 0x0,
    0x0, 0x0, 0xcf, 0x10, 0x1, 0xfd, 0x0, 0x0,
    0x0, 0x0, 0xcf, 0x10, 0x1, 0xfd, 0x0, 0x0,
    0x6f, 0xff, 0xff, 0xff, 0xff, 0xff, 0xff, 0xf2,
    0x5c, 0xcc, 0xff, 0xcc, 0xcc, 0xff, 0xcc, 0xc2,
    0x0, 0x2, 0xfd, 0x0, 0x1, 0xfd, 0x0, 0x0,
    0x0, 0x7, 0xf9, 0x0, 0x1, 0xfd, 0x0, 0x0,
    0x0, 0x1e, 0xf3, 0x0, 0x1, 0xfd, 0x0, 0x0,
    0x0, 0xcf, 0xa0, 0x0, 0x1, 0xfd, 0x0, 0x0,
    0x2d, 0xfd, 0x10, 0x0, 0x1, 0xfd, 0x0, 0x0,
    0x9, 0xb1, 0x0, 0x0, 0x1, 0xfd, 0x0, 0x0,
    0x0, 0x0, 0x0, 0x0, 0x0, 0x0, 0x0, 0x0,

    /* U+5F0F "式" */
    0x0, 0x0, 0x0, 0x0, 0x0, 0x0, 0x0, 0x0,
    0x0, 0x0, 0x0, 0x0, 0x4f, 0xb1, 0xc4, 0x0,
    0x0, 0x0, 0x0, 0x0, 0x3f, 0xb3, 0xef, 0x40,
    0x0, 0x0, 0x0, 0x0, 0x3f, 0xb0, 0x3f, 0x50,
    0x2d, 0xdd, 0xdd, 0xdd, 0xdf, 0xfd, 0xde, 0xd2,
    0x2f, 0xff, 0xff, 0xff, 0xff, 0xff, 0xff, 0xf3,
    0x0, 0x0, 0x0, 0x0, 0xf, 0xe0, 0x0, 0x0,
    0x0, 0x0, 0x0, 0x0, 0xf, 0xf0, 0x0, 0x0,
    0x9, 0xff, 0xff, 0xff, 0x6d, 0xf1, 0x0, 0x0,
    0x7, 0xcc, 0xff, 0xcc, 0x4a, 0xf4, 0x0, 0x0,
    0x0, 0x1, 0xfb, 0x0, 0x7, 0xf7, 0x0, 0x0,
    0x0, 0x1, 0xfb, 0x0, 0x3, 0xfb, 0x0, 0x0,
    0x0, 0x1, 0xfb, 0x0, 0x10, 0xef, 0x10, 0xd3,
    0x1, 0x36, 0xfe, 0xcf, 0xd0, 0x9f, 0x93, 0xf8,
    0xf, 0xff, 0xfe, 0xca, 0x60, 0x1e, 0xff, 0xf4,
    0x5, 0x53, 0x10, 0x0, 0x0, 0x3, 0xdf, 0xa0,

    /* U+5F20 "张" */
    0x0, 0x0, 0x0, 0x12, 0x0, 0x0, 0x0, 0xb,
    0xff, 0xfa, 0xb, 0xf1, 0x0, 0x39, 0x40, 0x8b,
    0xbf, 0xa0, 0xbf, 0x10, 0x1e, 0xf3, 0x0, 0x0,
    0xfa, 0xb, 0xf1, 0x1d, 0xf7, 0x0, 0x5b, 0xaf,
    0xa0, 0xbf, 0x4e, 0xf8, 0x0, 0x9, 0xff, 0xfa,
    0xb, 0xf1, 0x97, 0x0, 0x0, 0xaf, 0x0, 0x3c,
    0xef, 0xcc, 0xcc, 0xcc, 0xb, 0xe0, 0x3, 0xff,
    0xff, 0xff, 0xff, 0xf1, 0xcf, 0x99, 0x61, 0xcf,
    0x2a, 0xf2, 0x11, 0xd, 0xff, 0xfa, 0xb, 0xf1,
    0x5f, 0x70, 0x0, 0x0, 0x1f, 0x90, 0xbf, 0x10,
    0xfe, 0x0, 0x0, 0x2, 0xf8, 0xb, 0xf1, 0x9,
    0xf7, 0x0, 0x0, 0x4f, 0x60, 0xcf, 0xbf, 0x1e,
    0xf5, 0x6, 0x8c, 0xf3, 0x4f, 0xff, 0xa0, 0x4f,
    0xf2, 0x8f, 0xfa, 0x1, 0xe7, 0x10, 0x0, 0x56,
    0x0, 0x0, 0x0, 0x0, 0x0, 0x0, 0x0, 0x0,

    /* U+5F39 "弹" */
    0x0, 0x0, 0x0, 0x17, 0x0, 0x4, 0x72, 0xe,
    0xff, 0xfd, 0x6, 0xf8, 0x0, 0xbf, 0x20, 0x89,
    0x9f, 0xd0, 0xd, 0xf1, 0x3f, 0x90, 0x0, 0x0,
    0xed, 0x2, 0x66, 0x2b, 0xf3, 0x20, 0x6a, 0x9f,
    0xd4, 0xff, 0xff, 0xff, 0xff, 0x1a, 0xff, 0xfd,
    0x4f, 0x62, 0xfd, 0x1a, 0xf1, 0xbd, 0x0, 0x4,
    0xff, 0xff, 0xfe, 0xff, 0x1b, 0xd0, 0x0, 0x4f,
    0xca, 0xfe, 0xad, 0xf1, 0xce, 0xab, 0x84, 0xf8,
    0x4f, 0xd3, 0xbf, 0x1c, 0xff, 0xfc, 0x4f, 0xff,
    0xff, 0xff, 0xf1, 0x0, 0xf, 0xb0, 0x22, 0x3f,
    0xd2, 0x22, 0x0, 0x0, 0xfb, 0xff, 0xff, 0xff,
    0xff, 0xfa, 0x0, 0x3f, 0x9a, 0xaa, 0xaf, 0xea,
    0xaa, 0x76, 0xbd, 0xf5, 0x0, 0x1, 0xfc, 0x0,
    0x0, 0x3f, 0xfb, 0x0, 0x0, 0x1f, 0xc0, 0x0,
    0x0, 0x0, 0x0, 0x0, 0x0, 0x11, 0x0, 0x0,

    /* U+5F3A "强" */
    0x2f, 0xff, 0xff, 0x1b, 0xff, 0xff, 0xff, 0x30,
    0x1a, 0xaa, 0xef, 0x1b, 0xf7, 0x77, 0xbf, 0x30,
    0x0, 0x0, 0xaf, 0x1b, 0xe0, 0x0, 0x7f, 0x30,
    0x3, 0x33, 0xbf, 0x1b, 0xfe, 0xee, 0xff, 0x30,
    0xd, 0xff, 0xff, 0x16, 0x99, 0xfd, 0x99, 0x20,
    0xf, 0xc7, 0x77, 0x5, 0x55, 0xfc, 0x55, 0x30,
    0x1f, 0x80, 0x0, 0x1f, 0xff, 0xff, 0xff, 0xa0,
    0x3f, 0xb8, 0x88, 0x2f, 0x93, 0xfb, 0x2f, 0xa0,
    0x5f, 0xff, 0xff, 0x2f, 0x93, 0xfb, 0x2f, 0xa0,
    0x2, 0x22, 0xdf, 0x1f, 0xff, 0xff, 0xff, 0xa0,
    0x0, 0x0, 0xee, 0x5, 0x55, 0xfc, 0x7e, 0x40,
    0x0, 0x1, 0xfc, 0x0, 0x1, 0xfa, 0x3f, 0x80,
    0x3, 0x9c, 0xf9, 0x8c, 0xce, 0xff, 0xff, 0xf1,
    0x1, 0xff, 0xc2, 0x9e, 0xed, 0xba, 0x88, 0xf7,
    0x0, 0x0, 0x0, 0x0, 0x0, 0x0, 0x0, 0x10,

    /* U+5F53 "当" */
    0x0, 0x20, 0x0, 0xff, 0x0, 0x3, 0x10, 0x1e,
    0xe0, 0x0, 0xff, 0x0, 0xe, 0xf3, 0x9, 0xf7,
    0x0, 0xff, 0x0, 0x5f, 0xc0, 0x2, 0xfe, 0x0,
    0xff, 0x0, 0xcf, 0x40, 0x0, 0xaf, 0x30, 0xff,
    0x3, 0xfc, 0x0, 0x0, 0x20, 0x0, 0xff, 0x0,
    0x32, 0x0, 0xe, 0xff, 0xff, 0xff, 0xff, 0xff,
    0xf2, 0xc, 0xdd, 0xdd, 0xdd, 0xdd, 0xdf, 0xf2,
    0x0, 0x0, 0x0, 0x0, 0x0, 0xc, 0xf2, 0x4,
    0xbb, 0xbb, 0xbb, 0xbb, 0xbf, 0xf2, 0x6, 0xff,
    0xff, 0xff, 0xff, 0xff, 0xf2, 0x0, 0x0, 0x0,
    0x0, 0x0, 0xc, 0xf2, 0x0, 0x0, 0x0, 0x0,
    0x0, 0xc, 0xf2, 0x4f, 0xff, 0xff, 0xff, 0xff,
    0xff, 0xf2, 0x3c, 0xcc, 0xcc, 0xcc, 0xcc, 0xcf,
    0xf2,

    /* U+5F55 "录" */
    0x0, 0x0, 0x0, 0x0, 0x0, 0x0, 0x0, 0x0,
    0x0, 0xff, 0xff, 0xff, 0xff, 0xff, 0xf6, 0x0,
    0x0, 0xaa, 0xaa, 0xaa, 0xaa, 0xae, 0xf5, 0x0,
    0x0, 0x0, 0x0, 0x0, 0x0, 0xb, 0xf4, 0x0,
    0x0, 0x8f, 0xff, 0xff, 0xff, 0xff, 0xf3, 0x0,
    0x0, 0x49, 0x99, 0x99, 0x99, 0x9e, 0xf2, 0x0,
    0x8, 0x88, 0x88, 0x88, 0x88, 0x8e, 0xf9, 0x80,
    0xf, 0xff, 0xff, 0xff, 0xff, 0xff, 0xff, 0xf1,
    0x0, 0x5b, 0x20, 0xf, 0xf1, 0x1, 0xc8, 0x0,
    0x0, 0x7f, 0xf8, 0xf, 0xfb, 0x4e, 0xf9, 0x0,
    0x0, 0x1, 0xb8, 0x7f, 0xff, 0xfd, 0x40, 0x0,
    0x0, 0x5, 0xbf, 0xff, 0xe9, 0xfd, 0x40, 0x0,
    0xa, 0xff, 0xf9, 0x3f, 0xe0, 0x8f, 0xfc, 0x60,
    0x7, 0xc6, 0x28, 0x8f, 0xd0, 0x3, 0xbf, 0xa0,
    0x0, 0x0, 0xd, 0xfe, 0x60, 0x0, 0x2, 0x10,

    /* U+5F62 "形" */
    0x0, 0x0, 0x0, 0x0, 0x0, 0x0, 0x19, 0x20,
    0x3f, 0xff, 0xff, 0xff, 0xf3, 0x0, 0xcf, 0x70,
    0x3f, 0xff, 0xff, 0xff, 0xf3, 0x1d, 0xf9, 0x0,
    0x1, 0xaf, 0x21, 0xfd, 0x15, 0xef, 0x80, 0x0,
    0x0, 0x9f, 0x10, 0xfd, 0x5, 0xe5, 0x0, 0x0,
    0x0, 0x9f, 0x10, 0xfd, 0x0, 0x0, 0x1d, 0xa0,
    0x49, 0xdf, 0xa9, 0xfe, 0x93, 0x2, 0xdf, 0x60,
    0x8f, 0xff, 0xff, 0xff, 0xf6, 0x5e, 0xf6, 0x0,
    0x1, 0xbf, 0x11, 0xfd, 0x17, 0xfe, 0x40, 0x0,
    0x0, 0xcf, 0x0, 0xfd, 0x0, 0x61, 0x6, 0xa2,
    0x0, 0xed, 0x0, 0xfd, 0x0, 0x0, 0x4f, 0xe1,
    0x3, 0xfa, 0x0, 0xfd, 0x0, 0x5, 0xff, 0x40,
    0xa, 0xf5, 0x0, 0xfd, 0x1, 0x9f, 0xf4, 0x0,
    0x4f, 0xd0, 0x0, 0xfd, 0x3e, 0xfd, 0x30, 0x0,
    0x1d, 0x30, 0x0, 0xfd, 0xa, 0x80, 0x0, 0x0,
    0x0, 0x0, 0x0, 0x0, 0x0, 0x0, 0x0, 0x0,

    /* U+5F88 "很" */
    0x0, 0x3, 0x50, 0x0, 0x0, 0x0, 0x0, 0x0,
    0x0, 0x1e, 0xf4, 0xbf, 0xff, 0xff, 0xff, 0x40,
    0x1, 0xdf, 0x70, 0xbf, 0x99, 0x99, 0xcf, 0x40,
    0x1e, 0xf8, 0x0, 0xbf, 0x10, 0x0, 0x8f, 0x40,
    0xb, 0x71, 0xd6, 0xbf, 0xff, 0xff, 0xff, 0x40,
    0x0, 0xb, 0xf4, 0xbf, 0x87, 0x77, 0xbf, 0x40,
    0x0, 0x9f, 0xc0, 0xbf, 0x20, 0x0, 0x8f, 0x40,
    0x8, 0xff, 0xa0, 0xbf, 0xff, 0xff, 0xff, 0x40,
    0x4f, 0xff, 0xa0, 0xbf, 0x9d, 0xf8, 0x89, 0x30,
    0xa, 0x4f, 0xa0, 0xbf, 0x17, 0xf4, 0x3d, 0xc0,
    0x0, 0x2f, 0xa0, 0xbf, 0x11, 0xfe, 0xff, 0x60,
    0x0, 0x2f, 0xa0, 0xbf, 0x10, 0x7f, 0xe1, 0x0,
    0x0, 0x2f, 0xa0, 0xbf, 0x57, 0x4c, 0xfb, 0x10,
    0x0, 0x2f, 0xa1, 0xff, 0xff, 0x61, 0xcf, 0xf5,
    0x0, 0x2f, 0xa0, 0xba, 0x62, 0x0, 0x7, 0xb0,
    0x0, 0x0, 0x0, 0x0, 0x0, 0x0, 0x0, 0x0,

    /* U+5FAE "微" */
    0x0, 0x4a, 0x20, 0x5f, 0x0, 0xb, 0x90, 0x0,
    0x1, 0xef, 0x33, 0x5f, 0x3, 0xe, 0xb0, 0x0,
    0xc, 0xf5, 0x4e, 0x5f, 0x4f, 0x1f, 0x90, 0x0,
    0x8f, 0x73, 0x4e, 0x5f, 0x4f, 0x4f, 0xb8, 0x83,
    0x17, 0x3f, 0xdf, 0xdf, 0xdf, 0x8f, 0xff, 0xf7,
    0x0, 0xcf, 0x5b, 0xbb, 0xba, 0xdf, 0xb, 0xe0,
    0x8, 0xfc, 0x26, 0x66, 0x68, 0xff, 0xd, 0xb0,
    0x5f, 0xfb, 0x7f, 0xff, 0xff, 0xff, 0x4f, 0x80,
    0x9f, 0xfb, 0x15, 0x65, 0x63, 0x3e, 0xbf, 0x50,
    0x15, 0xeb, 0xd, 0xff, 0xf7, 0xb, 0xff, 0x0,
    0x0, 0xeb, 0xd, 0xc3, 0xf7, 0x16, 0xfa, 0x0,
    0x0, 0xeb, 0xd, 0x90, 0xfe, 0xc9, 0xfb, 0x0,
    0x0, 0xeb, 0x1f, 0x74, 0xfc, 0x9f, 0xef, 0x60,
    0x0, 0xeb, 0x9f, 0x20, 0x78, 0xfc, 0x1d, 0xf5,
    0x0, 0xeb, 0x38, 0x0, 0x6, 0xa0, 0x2, 0xa0,
    0x0, 0x0, 0x0, 0x0, 0x0, 0x0, 0x0, 0x0,

    /* U+5FEB "快" */
    0x0, 0xbf, 0x10, 0x0, 0xf, 0xd0, 0x0, 0x0,
    0x0, 0xbf, 0x10, 0x0, 0xf, 0xd0, 0x0, 0x0,
    0x0, 0xbf, 0x10, 0x0, 0xf, 0xd0, 0x0, 0x0,
    0x3, 0xbf, 0xa3, 0xdf, 0xff, 0xff, 0xff, 0x10,
    0x3f, 0xef, 0xeb, 0x8a, 0xaf, 0xfa, 0xef, 0x10,
    0x5f, 0xcf, 0x9f, 0x20, 0xf, 0xd0, 0xbf, 0x10,
    0x8e, 0xbf, 0x3a, 0x10, 0xf, 0xc0, 0xbf, 0x10,
    0xcb, 0xbf, 0x11, 0x33, 0x4f, 0xc3, 0xcf, 0x40,
    0x23, 0xbf, 0x1a, 0xff, 0xff, 0xff, 0xff, 0xf2,
    0x0, 0xbf, 0x15, 0x88, 0xcf, 0xfc, 0x88, 0x81,
    0x0, 0xbf, 0x10, 0x0, 0xdf, 0xee, 0x0, 0x0,
    0x0, 0xbf, 0x10, 0x7, 0xf9, 0x7f, 0xa0, 0x0,
    0x0, 0xbf, 0x10, 0x6f, 0xe1, 0xd, 0xf9, 0x0,
    0x0, 0xbf, 0x2a, 0xfe, 0x30, 0x2, 0xef, 0xe2,
    0x0, 0xbf, 0x19, 0xc2, 0x0, 0x0, 0x1b, 0x80,
    0x0, 0x0, 0x0, 0x0, 0x0, 0x0, 0x0, 0x0,

    /* U+5FF5 "念" */
    0x0, 0x0, 0x0, 0xa, 0x60, 0x0, 0x0, 0x0,
    0x0, 0x0, 0x0, 0xbf, 0xf5, 0x0, 0x0, 0x0,
    0x0, 0x0, 0x3d, 0xfa, 0xdf, 0xa1, 0x0, 0x0,
    0x0, 0x3a, 0xff, 0x76, 0x19, 0xff, 0x92, 0x0,
    0x4c, 0xff, 0xc2, 0x5f, 0xd2, 0x4c, 0xff, 0xd3,
    0x1e, 0xc4, 0x0, 0x4, 0xe3, 0x0, 0x5b, 0xb0,
    0x0, 0x4f, 0xff, 0xff, 0xff, 0xff, 0xa0, 0x0,
    0x0, 0x28, 0x88, 0x88, 0x88, 0xff, 0x70, 0x0,
    0x0, 0x0, 0x0, 0x74, 0xa, 0xf9, 0x0, 0x0,
    0x0, 0x0, 0x36, 0xef, 0x7b, 0x90, 0x11, 0x0,
    0x3, 0xf5, 0xef, 0x2e, 0xf5, 0x1, 0xfc, 0x0,
    0x8, 0xf4, 0xef, 0x2, 0xe5, 0x22, 0x8f, 0x60,
    0xe, 0xf0, 0xef, 0x0, 0x0, 0x5f, 0x5e, 0xe0,
    0x5f, 0x90, 0xcf, 0xaa, 0xaa, 0xef, 0x27, 0xf5,
    0x5, 0x20, 0x5d, 0xff, 0xff, 0xe8, 0x1, 0x20,

    /* U+6001 "态" */
    0x0, 0x0, 0x0, 0xc, 0xf1, 0x0, 0x0, 0x0,
    0x0, 0x0, 0x0, 0xe, 0xf0, 0x0, 0x0, 0x0,
    0xa, 0xaa, 0xaa, 0xaf, 0xfa, 0xaa, 0xaa, 0xa4,
    0x1f, 0xff, 0xff, 0xff, 0xff, 0xff, 0xff, 0xf7,
    0x0, 0x0, 0x0, 0xcf, 0xbf, 0x90, 0x0, 0x0,
    0x0, 0x0, 0x6, 0xfc, 0xe, 0xf5, 0x0, 0x0,
    0x0, 0x0, 0x7f, 0xf5, 0x4, 0xff, 0x80, 0x0,
    0x1, 0x6d, 0xfe, 0xaf, 0xe4, 0x4f, 0xfe, 0x83,
    0xe, 0xff, 0xa1, 0x7, 0xff, 0x22, 0xbf, 0xf3,
    0x4, 0x71, 0x0, 0x1b, 0xd2, 0x0, 0x4, 0x50,
    0x0, 0xc9, 0x9f, 0x2a, 0xf8, 0x0, 0xbf, 0x10,
    0x2, 0xfa, 0xaf, 0x20, 0xcf, 0x33, 0x5f, 0x90,
    0x8, 0xf5, 0xaf, 0x20, 0x23, 0xe, 0xbe, 0xf0,
    0xe, 0xf1, 0x8f, 0xca, 0xaa, 0xbf, 0x98, 0xf6,
    0x4, 0x70, 0x2c, 0xff, 0xff, 0xfd, 0x22, 0x61,

    /* U+600E "怎" */
    0x0, 0x0, 0x41, 0x0, 0x0, 0x0, 0x0, 0x0,
    0x0, 0x4, 0xfc, 0x0, 0x0, 0x0, 0x0, 0x0,
    0x0, 0xb, 0xfe, 0xcc, 0xcc, 0xcc, 0xcc, 0xa0,
    0x0, 0x4f, 0xfd, 0xff, 0xdd, 0xdd, 0xdd, 0xb0,
    0x1, 0xef, 0x40, 0xdf, 0x66, 0x66, 0x66, 0x0,
    0xd, 0xf9, 0x0, 0xdf, 0xff, 0xff, 0xff, 0x0,
    0x5, 0xb0, 0x0, 0xdf, 0x0, 0x0, 0x0, 0x0,
    0x0, 0x0, 0x0, 0xdf, 0xff, 0xff, 0xff, 0x60,
    0x0, 0x0, 0x0, 0xdf, 0x88, 0x88, 0x88, 0x30,
    0x0, 0x0, 0x0, 0xaf, 0x40, 0x0, 0x0, 0x0,
    0x0, 0xb4, 0x9b, 0x2e, 0xf9, 0x0, 0xad, 0x0,
    0x5, 0xf7, 0xcf, 0x1, 0xce, 0x20, 0x9f, 0x60,
    0xb, 0xf2, 0xcf, 0x0, 0x2, 0xd, 0xaf, 0xd0,
    0x2f, 0xd0, 0xbf, 0xba, 0xaa, 0xbf, 0x9c, 0xf5,
    0x3, 0x40, 0x3d, 0xff, 0xff, 0xfd, 0x23, 0x50,

    /* U+6027 "性" */
    0x0, 0xbf, 0x10, 0x0, 0x9, 0xe2, 0x0, 0x0,
    0xb, 0xf1, 0x7, 0xe4, 0xaf, 0x20, 0x0, 0x0,
    0xbf, 0x10, 0x9f, 0x3a, 0xf2, 0x0, 0x0, 0x3c,
    0xfb, 0xc, 0xf1, 0xaf, 0x41, 0x10, 0x2f, 0xef,
    0xf7, 0xff, 0xff, 0xff, 0xff, 0x85, 0xfc, 0xfb,
    0xff, 0xca, 0xef, 0xba, 0xa5, 0x8d, 0xbf, 0x3d,
    0xf1, 0xa, 0xf2, 0x0, 0xa, 0x9b, 0xf1, 0x16,
    0x0, 0xaf, 0x20, 0x0, 0x0, 0xbf, 0x10, 0xbf,
    0xff, 0xff, 0xff, 0x20, 0xb, 0xf1, 0x9, 0xcc,
    0xef, 0xcc, 0xc2, 0x0, 0xbf, 0x10, 0x0, 0xa,
    0xf2, 0x0, 0x0, 0xb, 0xf1, 0x0, 0x0, 0xaf,
    0x20, 0x0, 0x0, 0xbf, 0x10, 0x0, 0xa, 0xf2,
    0x0, 0x0, 0xb, 0xf1, 0xef, 0xff, 0xff, 0xff,
    0xff, 0x0, 0xbf, 0x1c, 0xcc, 0xcc, 0xcc, 0xcc,
    0xc0,

    /* U+603B "总" */
    0x0, 0x0, 0x39, 0x0, 0x0, 0x29, 0x30, 0x0,
    0x0, 0x0, 0x9f, 0x80, 0x0, 0x9f, 0x90, 0x0,
    0x0, 0x0, 0xe, 0xf2, 0x1, 0xfe, 0x10, 0x0,
    0x0, 0xa, 0xae, 0xea, 0xad, 0xfd, 0xa8, 0x0,
    0x0, 0x1f, 0xff, 0xff, 0xff, 0xff, 0xfd, 0x0,
    0x0, 0x1f, 0xe0, 0x0, 0x0, 0x4, 0xfd, 0x0,
    0x0, 0x1f, 0xe0, 0x0, 0x0, 0x4, 0xfd, 0x0,
    0x0, 0x1f, 0xfa, 0xaa, 0xaa, 0xab, 0xfd, 0x0,
    0x0, 0x1f, 0xff, 0xff, 0xff, 0xff, 0xfd, 0x0,
    0x0, 0x0, 0x24, 0x28, 0xe5, 0x0, 0x4, 0x0,
    0x0, 0xe8, 0x8f, 0x73, 0xef, 0x80, 0x5f, 0x80,
    0x5, 0xf8, 0x8f, 0x70, 0x1d, 0x80, 0xc, 0xf3,
    0xb, 0xf4, 0x8f, 0x70, 0x0, 0x7, 0xb5, 0xfc,
    0x1e, 0xd0, 0x7f, 0xea, 0xaa, 0xae, 0xf2, 0xa6,
    0x0, 0x20, 0x1b, 0xff, 0xff, 0xff, 0x80, 0x0,

    /* U+606F "息" */
    0x0, 0x0, 0x0, 0xa, 0x91, 0x0, 0x0, 0x0,
    0x0, 0x2, 0x22, 0x5f, 0xd2, 0x22, 0x20, 0x0,
    0x0, 0x1f, 0xff, 0xff, 0xff, 0xff, 0xf0, 0x0,
    0x0, 0x1f, 0xc4, 0x44, 0x44, 0x4d, 0xf0, 0x0,
    0x0, 0x1f, 0xff, 0xff, 0xff, 0xff, 0xf0, 0x0,
    0x0, 0x1f, 0xc4, 0x44, 0x44, 0x4d, 0xf0, 0x0,
    0x0, 0x1f, 0xff, 0xff, 0xff, 0xff, 0xf0, 0x0,
    0x0, 0x1f, 0xc5, 0x55, 0x55, 0x5e, 0xf0, 0x0,
    0x0, 0x1f, 0xd7, 0x77, 0x77, 0x7e, 0xf0, 0x0,
    0x0, 0x1e, 0xee, 0xef, 0xfe, 0xee, 0xe0, 0x0,
    0x0, 0x71, 0x66, 0x1e, 0xe2, 0x0, 0x58, 0x0,
    0x6, 0xf7, 0xfe, 0x4, 0xfc, 0x11, 0xbf, 0x60,
    0xd, 0xf1, 0xfe, 0x0, 0x51, 0x4f, 0x8f, 0xe0,
    0x4f, 0xa0, 0xdf, 0xba, 0xaa, 0xdf, 0x4a, 0xc2,
    0x2, 0x20, 0x5e, 0xff, 0xff, 0xfa, 0x0, 0x0,

    /* U+60F3 "想" */
    0x0, 0xa, 0xf1, 0x0, 0x0, 0x0, 0x0, 0x0,
    0x0, 0xa, 0xf1, 0x0, 0xff, 0xff, 0xff, 0xa0,
    0x28, 0x8d, 0xf8, 0x82, 0xfc, 0x66, 0x7f, 0xa0,
    0x5f, 0xff, 0xff, 0xf5, 0xfc, 0x55, 0x5f, 0xa0,
    0x14, 0x5f, 0xf5, 0x41, 0xff, 0xff, 0xff, 0xa0,
    0x0, 0x9f, 0xfc, 0x20, 0xfa, 0x0, 0x1f, 0xa0,
    0x4, 0xff, 0xff, 0xf4, 0xff, 0xff, 0xff, 0xa0,
    0x3f, 0xdb, 0xf3, 0xd2, 0xfc, 0x66, 0x7f, 0xa0,
    0x3e, 0x3a, 0xf1, 0x0, 0xfd, 0x77, 0x8f, 0xa0,
    0x1, 0xa, 0xf1, 0x3, 0xff, 0xff, 0xff, 0xa0,
    0x3, 0x61, 0x55, 0x5f, 0xb0, 0x0, 0x5a, 0x0,
    0x9, 0xf4, 0xee, 0x8, 0xf9, 0x21, 0xaf, 0x70,
    0xf, 0xe0, 0xee, 0x0, 0x60, 0x8f, 0x4f, 0xf2,
    0x5f, 0x80, 0xdf, 0xaa, 0xaa, 0xef, 0x17, 0xd3,
    0x2, 0x10, 0x5e, 0xff, 0xff, 0xf7, 0x0, 0x0,

    /* U+611F "感" */
    0x0, 0x0, 0x0, 0x0, 0x0, 0x0, 0x0, 0x0,
    0x0, 0x0, 0x0, 0x0, 0x9, 0xf3, 0xd5, 0x0,
    0x0, 0x11, 0x11, 0x11, 0x19, 0xf2, 0xbf, 0x30,
    0x0, 0xff, 0xff, 0xff, 0xff, 0xff, 0xff, 0xf7,
    0x0, 0xfd, 0x66, 0x66, 0x6a, 0xf8, 0x67, 0x62,
    0x0, 0xfb, 0xbd, 0xdd, 0xd6, 0xf6, 0xf, 0xa0,
    0x0, 0xfa, 0x45, 0x55, 0x52, 0xf9, 0x8f, 0x50,
    0x1, 0xf9, 0xcf, 0xff, 0xe0, 0xee, 0xfc, 0x0,
    0x4, 0xf6, 0xcb, 0x49, 0xe0, 0x9f, 0xf2, 0x84,
    0x9, 0xf2, 0xcc, 0x7b, 0xe4, 0xef, 0xc1, 0xda,
    0x1f, 0xc0, 0x9c, 0xcc, 0xbc, 0xfb, 0xff, 0xf6,
    0x4, 0x30, 0x34, 0x8, 0x91, 0x20, 0x5b, 0x70,
    0x0, 0xc8, 0xbf, 0x17, 0xfa, 0x0, 0x8f, 0x50,
    0x6, 0xf8, 0xbf, 0x10, 0x89, 0x1f, 0x9f, 0xe0,
    0xe, 0xf1, 0xaf, 0x86, 0x66, 0x9f, 0x88, 0xf6,
    0x3, 0x50, 0x4d, 0xff, 0xff, 0xfc, 0x11, 0x20,

    /* U+6162 "慢" */
    0x0, 0xaf, 0x10, 0x0, 0x0, 0x0, 0x0, 0x0,
    0x0, 0xaf, 0x10, 0xbf, 0xff, 0xff, 0xff, 0x30,
    0x0, 0xaf, 0x10, 0xbe, 0x33, 0x33, 0xaf, 0x30,
    0x2, 0xaf, 0x93, 0xbf, 0xbb, 0xbb, 0xef, 0x30,
    0xf, 0xcf, 0xc9, 0xbf, 0xaa, 0xaa, 0xdf, 0x30,
    0x3f, 0xaf, 0x8e, 0x68, 0x88, 0x88, 0x88, 0x30,
    0x5e, 0xaf, 0x28, 0xff, 0xff, 0xff, 0xff, 0xf0,
    0x8b, 0xaf, 0x18, 0xf0, 0xe7, 0x4f, 0x2a, 0xf0,
    0x1, 0xaf, 0x18, 0xff, 0xff, 0xff, 0xff, 0xf0,
    0x0, 0xaf, 0x14, 0x66, 0x66, 0x66, 0x66, 0x20,
    0x0, 0xaf, 0x1b, 0xff, 0xff, 0xff, 0xff, 0x80,
    0x0, 0xaf, 0x11, 0x7f, 0xd4, 0x3b, 0xfc, 0x0,
    0x0, 0xaf, 0x10, 0x5, 0xff, 0xef, 0xa0, 0x0,
    0x0, 0xaf, 0x28, 0xae, 0xff, 0xff, 0xfb, 0x83,
    0x0, 0xaf, 0x1d, 0xd9, 0x51, 0x15, 0xad, 0xd0,
    0x0, 0x0, 0x0, 0x0, 0x0, 0x0, 0x0, 0x0,

    /* U+6210 "成" */
    0x0, 0x0, 0x0, 0x0, 0x0, 0x0, 0x0, 0x0,
    0x0, 0x0, 0x0, 0x0, 0xaf, 0x4b, 0xb1, 0x0,
    0x0, 0x0, 0x0, 0x0, 0x9f, 0x5b, 0xfd, 0x20,
    0x0, 0x1, 0x0, 0x0, 0x9f, 0x50, 0x8f, 0x20,
    0x1, 0xff, 0xff, 0xff, 0xff, 0xff, 0xff, 0xf6,
    0x1, 0xff, 0xbb, 0xbb, 0xdf, 0xdb, 0xbb, 0xb4,
    0x1, 0xfd, 0x0, 0x0, 0x5f, 0x80, 0x24, 0x0,
    0x1, 0xfe, 0x99, 0xb7, 0x3f, 0xa0, 0xaf, 0x50,
    0x1, 0xff, 0xff, 0xfc, 0x1f, 0xc1, 0xfe, 0x0,
    0x1, 0xfc, 0x0, 0xfc, 0xe, 0xf9, 0xf7, 0x0,
    0x2, 0xfb, 0x0, 0xfb, 0xb, 0xff, 0xe0, 0x0,
    0x4, 0xfa, 0x1, 0xfa, 0x7, 0xff, 0x50, 0x10,
    0x7, 0xf8, 0x9a, 0xf9, 0xc, 0xfe, 0x1, 0xe4,
    0xb, 0xf4, 0xcf, 0xe5, 0xdf, 0xff, 0x73, 0xf6,
    0x2f, 0xf0, 0x11, 0x4f, 0xfb, 0x3f, 0xff, 0xf2,
    0x1b, 0x80, 0x0, 0xb, 0x80, 0x4, 0xef, 0x90,
    0x0, 0x0, 0x0, 0x0, 0x0, 0x0, 0x0, 0x0,

    /* U+6211 "我" */
    0x0, 0x0, 0x2, 0x63, 0x4f, 0xa0, 0x50, 0x0,
    0x5, 0x7a, 0xef, 0xfe, 0x5f, 0xa7, 0xfa, 0x0,
    0xe, 0xff, 0xfe, 0x84, 0x3f, 0xa0, 0xcf, 0x60,
    0x4, 0x43, 0xfc, 0x0, 0x2f, 0xb0, 0x1e, 0xc0,
    0x0, 0x1, 0xfc, 0x0, 0xf, 0xc0, 0x3, 0x0,
    0x2f, 0xff, 0xff, 0xff, 0xff, 0xff, 0xff, 0xf3,
    0x2b, 0xbb, 0xfe, 0xbb, 0xbf, 0xfb, 0xbb, 0xb2,
    0x0, 0x1, 0xfc, 0x0, 0xb, 0xf2, 0x19, 0x20,
    0x0, 0x2, 0xfd, 0x9c, 0x48, 0xf5, 0xbf, 0x40,
    0x4c, 0xef, 0xff, 0xfd, 0x45, 0xfe, 0xf9, 0x0,
    0x2f, 0xda, 0xfc, 0x0, 0x2, 0xff, 0xb0, 0x10,
    0x0, 0x1, 0xfc, 0x0, 0x2d, 0xff, 0x30, 0xd5,
    0x0, 0x1, 0xfc, 0x19, 0xff, 0xcf, 0xa0, 0xf8,
    0x5, 0xdd, 0xfb, 0x4f, 0xe4, 0xd, 0xfe, 0xf4,
    0x1, 0xff, 0xc3, 0x3, 0x0, 0x2, 0xdf, 0xb0,
    0x0, 0x0, 0x0, 0x0, 0x0, 0x0, 0x0, 0x0,

    /* U+6216 "或" */
    0x0, 0x0, 0x0, 0x0, 0x0, 0x0, 0x0, 0x0,
    0x0, 0x0, 0x0, 0x0, 0x4f, 0x93, 0xe6, 0x0,
    0x0, 0x0, 0x0, 0x0, 0x4f, 0x93, 0xdf, 0x80,
    0x8, 0x88, 0x88, 0x88, 0xaf, 0xd8, 0x8f, 0x91,
    0x1f, 0xff, 0xff, 0xff, 0xff, 0xff, 0xff, 0xf2,
    0x6, 0x66, 0x66, 0x66, 0x7f, 0xd6, 0x66, 0x61,
    0x0, 0x88, 0x88, 0x86, 0xf, 0xd0, 0x29, 0x30,
    0x1, 0xff, 0xff, 0xfd, 0xe, 0xf0, 0x8f, 0x60,
    0x1, 0xf9, 0x0, 0xfd, 0xb, 0xf2, 0xef, 0x0,
    0x1, 0xf9, 0x0, 0xfd, 0x9, 0xfc, 0xf9, 0x0,
    0x1, 0xff, 0xff, 0xfd, 0x5, 0xff, 0xf1, 0x0,
    0x0, 0x99, 0x99, 0x97, 0x2, 0xff, 0x70, 0x20,
    0x0, 0x1, 0x47, 0xad, 0x39, 0xff, 0x21, 0xf4,
    0xc, 0xef, 0xff, 0xfd, 0xcf, 0xff, 0xa4, 0xf6,
    0xd, 0xd9, 0x63, 0x1c, 0xfe, 0x3d, 0xff, 0xf2,
    0x0, 0x0, 0x0, 0x6, 0xc1, 0x2, 0xdf, 0x80,
    0x0, 0x0, 0x0, 0x0, 0x0, 0x0, 0x0, 0x0,

    /* U+6237 "户" */
    0x0, 0x0, 0x0, 0x5, 0x40, 0x0, 0x0, 0x0,
    0x0, 0x0, 0x1f, 0xe0, 0x0, 0x0, 0x0, 0x1,
    0x0, 0xb, 0xf4, 0x0, 0x0, 0x0, 0xdf, 0xff,
    0xff, 0xff, 0xff, 0xfc, 0x0, 0xdf, 0xba, 0xaa,
    0xaa, 0xaa, 0xfc, 0x0, 0xdf, 0x10, 0x0, 0x0,
    0x1, 0xfc, 0x0, 0xdf, 0x10, 0x0, 0x0, 0x1,
    0xfc, 0x0, 0xdf, 0xcb, 0xbb, 0xbb, 0xbc, 0xfc,
    0x0, 0xef, 0xff, 0xff, 0xff, 0xff, 0xfc, 0x0,
    0xfe, 0x0, 0x0, 0x0, 0x1, 0xda, 0x2, 0xfc,
    0x0, 0x0, 0x0, 0x0, 0x0, 0x5, 0xf9, 0x0,
    0x0, 0x0, 0x0, 0x0, 0xa, 0xf5, 0x0, 0x0,
    0x0, 0x0, 0x0, 0x2f, 0xf0, 0x0, 0x0, 0x0,
    0x0, 0x0, 0x7f, 0x80, 0x0, 0x0, 0x0, 0x0,
    0x0, 0x5, 0x0, 0x0, 0x0, 0x0, 0x0, 0x0,

    /* U+6240 "所" */
    0x0, 0x0, 0x0, 0x20, 0x0, 0x0, 0x4, 0x0,
    0x3, 0x57, 0xae, 0xf4, 0x24, 0x7b, 0xef, 0x90,
    0xc, 0xff, 0xfd, 0xa4, 0xaf, 0xff, 0xda, 0x50,
    0xc, 0xf3, 0x0, 0x0, 0xaf, 0x50, 0x0, 0x0,
    0xc, 0xf9, 0x99, 0x90, 0xaf, 0x30, 0x0, 0x0,
    0xc, 0xff, 0xff, 0xf1, 0xaf, 0x53, 0x33, 0x31,
    0xc, 0xf1, 0xb, 0xf1, 0xaf, 0xff, 0xff, 0xf5,
    0xc, 0xf0, 0xb, 0xf1, 0xaf, 0x98, 0xfe, 0x82,
    0xc, 0xff, 0xff, 0xf1, 0xbf, 0x20, 0xfd, 0x0,
    0xc, 0xfb, 0xbb, 0xb0, 0xdf, 0x0, 0xfd, 0x0,
    0xe, 0xe0, 0x0, 0x0, 0xfd, 0x0, 0xfd, 0x0,
    0xf, 0xc0, 0x0, 0x5, 0xf9, 0x0, 0xfd, 0x0,
    0x3f, 0x90, 0x0, 0xd, 0xf3, 0x0, 0xfd, 0x0,
    0x9f, 0x50, 0x0, 0xaf, 0xb0, 0x0, 0xfd, 0x0,
    0x4d, 0x0, 0x0, 0x6d, 0x10, 0x0, 0xfd, 0x0,
    0x0, 0x0, 0x0, 0x0, 0x0, 0x0, 0x0, 0x0,

    /* U+624B "手" */
    0x0, 0x0, 0x0, 0x0, 0x0, 0x26, 0x70, 0x0,
    0x1, 0x67, 0x89, 0xac, 0xef, 0xff, 0xf8, 0x0,
    0x1, 0xff, 0xff, 0xff, 0xfb, 0x86, 0x30, 0x0,
    0x0, 0x33, 0x21, 0xe, 0xf0, 0x0, 0x0, 0x0,
    0x0, 0x0, 0x0, 0xe, 0xf0, 0x0, 0x0, 0x0,
    0x3, 0xff, 0xff, 0xff, 0xff, 0xff, 0xff, 0x60,
    0x2, 0xbb, 0xbb, 0xbf, 0xfb, 0xbb, 0xbb, 0x40,
    0x0, 0x0, 0x0, 0xe, 0xf0, 0x0, 0x0, 0x0,
    0x1, 0x11, 0x11, 0x1f, 0xf1, 0x11, 0x11, 0x10,
    0x5f, 0xff, 0xff, 0xff, 0xff, 0xff, 0xff, 0xf5,
    0x3a, 0xaa, 0xaa, 0xaf, 0xfa, 0xaa, 0xaa, 0xa3,
    0x0, 0x0, 0x0, 0xe, 0xf0, 0x0, 0x0, 0x0,
    0x0, 0x0, 0x0, 0xe, 0xf0, 0x0, 0x0, 0x0,
    0x0, 0x1, 0xbb, 0xcf, 0xe0, 0x0, 0x0, 0x0,
    0x0, 0x0, 0xcf, 0xfd, 0x50, 0x0, 0x0, 0x0,
    0x0, 0x0, 0x0, 0x0, 0x0, 0x0, 0x0, 0x0,

    /* U+6267 "执" */
    0x0, 0x0, 0x0, 0x0, 0x0, 0x0, 0x0, 0x0,
    0x0, 0xaf, 0x10, 0x0, 0xfc, 0x0, 0x0, 0x0,
    0x0, 0xaf, 0x10, 0x0, 0xfc, 0x0, 0x0, 0x0,
    0x0, 0xaf, 0x10, 0x0, 0xfc, 0x0, 0x0, 0x0,
    0x4a, 0xef, 0xa6, 0x99, 0xfe, 0x99, 0x90, 0x0,
    0x6f, 0xff, 0xfb, 0xff, 0xff, 0xff, 0xf0, 0x0,
    0x0, 0xaf, 0x20, 0x12, 0xfb, 0x1c, 0xf0, 0x0,
    0x0, 0xaf, 0x10, 0x22, 0xf9, 0xc, 0xf0, 0x0,
    0x0, 0xbf, 0xdc, 0xfe, 0xf7, 0xc, 0xf0, 0x0,
    0x6e, 0xff, 0xe7, 0x6e, 0xfb, 0x1d, 0xe0, 0x0,
    0x6e, 0xef, 0x10, 0xb, 0xff, 0xfe, 0xe0, 0x0,
    0x0, 0xaf, 0x10, 0x1f, 0xc5, 0xcd, 0xe0, 0x0,
    0x0, 0xaf, 0x10, 0x9f, 0x60, 0xb, 0xf1, 0x40,
    0x0, 0xaf, 0x15, 0xfe, 0x0, 0x9, 0xf4, 0xf3,
    0x1b, 0xef, 0x6f, 0xf4, 0x0, 0x5, 0xfe, 0xf1,
    0xd, 0xe8, 0x1c, 0x50, 0x0, 0x0, 0xcf, 0x90,
    0x0, 0x0, 0x0, 0x0, 0x0, 0x0, 0x0, 0x0,

    /* U+6269 "扩" */
    0x0, 0x0, 0x0, 0x0, 0x0, 0x0, 0x0, 0x0,
    0x0, 0xaf, 0x10, 0x0, 0x4, 0xd4, 0x0, 0x0,
    0x0, 0xaf, 0x10, 0x0, 0x2, 0xfc, 0x0, 0x0,
    0x0, 0xaf, 0x10, 0x48, 0x77, 0xef, 0x77, 0x70,
    0x4a, 0xef, 0xb7, 0x9f, 0xff, 0xff, 0xff, 0xf1,
    0x7f, 0xff, 0xfb, 0x9f, 0x85, 0x55, 0x55, 0x50,
    0x0, 0xaf, 0x20, 0x9f, 0x40, 0x0, 0x0, 0x0,
    0x0, 0xaf, 0x10, 0x9f, 0x40, 0x0, 0x0, 0x0,
    0x0, 0xbf, 0xb8, 0x9f, 0x30, 0x0, 0x0, 0x0,
    0x7e, 0xff, 0xf9, 0xaf, 0x20, 0x0, 0x0, 0x0,
    0x7e, 0xef, 0x20, 0xbf, 0x10, 0x0, 0x0, 0x0,
    0x0, 0xaf, 0x10, 0xef, 0x0, 0x0, 0x0, 0x0,
    0x0, 0xaf, 0x12, 0xfb, 0x0, 0x0, 0x0, 0x0,
    0x0, 0xaf, 0x18, 0xf7, 0x0, 0x0, 0x0, 0x0,
    0x1c, 0xef, 0x2f, 0xf1, 0x0, 0x0, 0x0, 0x0,
    0xd, 0xe8, 0x2c, 0x80, 0x0, 0x0, 0x0, 0x0,
    0x0, 0x0, 0x0, 0x0, 0x0, 0x0, 0x0, 0x0,

    /* U+628A "把" */
    0x0, 0xbf, 0x10, 0x0, 0x0, 0x0, 0x0, 0x0,
    0x0, 0xbf, 0x10, 0xcf, 0xff, 0xff, 0xff, 0xe0,
    0x0, 0xbf, 0x10, 0xcf, 0xdd, 0xfe, 0xdf, 0xe0,
    0x4a, 0xef, 0xb6, 0xcf, 0x12, 0xf9, 0xf, 0xe0,
    0x7f, 0xff, 0xf9, 0xcf, 0x12, 0xf9, 0xf, 0xe0,
    0x0, 0xbf, 0x20, 0xcf, 0x12, 0xf9, 0xf, 0xe0,
    0x0, 0xbf, 0x10, 0xcf, 0x12, 0xf9, 0xf, 0xe0,
    0x0, 0xbf, 0x77, 0xcf, 0xbb, 0xfd, 0xaf, 0xe0,
    0x4a, 0xff, 0xfd, 0xcf, 0xff, 0xff, 0xff, 0xe0,
    0x7f, 0xff, 0x61, 0xcf, 0x31, 0x11, 0x1f, 0xe0,
    0x12, 0xbf, 0x10, 0xcf, 0x10, 0x0, 0x1, 0x10,
    0x0, 0xbf, 0x10, 0xcf, 0x10, 0x0, 0x1, 0xa3,
    0x0, 0xbf, 0x10, 0xbf, 0x20, 0x0, 0x4, 0xf9,
    0xa, 0xef, 0x0, 0x9f, 0xec, 0xcc, 0xcf, 0xf5,
    0xc, 0xe8, 0x0, 0x2c, 0xff, 0xff, 0xff, 0x90,

    /* U+62A5 "报" */
    0x0, 0x1f, 0xc0, 0x0, 0x0, 0x0, 0x0, 0x0,
    0x0, 0x1f, 0xc0, 0x3f, 0xff, 0xff, 0xff, 0xd0,
    0x0, 0x1f, 0xc0, 0x3f, 0xeb, 0xbb, 0xbf, 0xc0,
    0x1b, 0xcf, 0xeb, 0x6f, 0x90, 0x0, 0x2f, 0xb0,
    0x2f, 0xff, 0xff, 0x8f, 0x90, 0xbb, 0xdf, 0x80,
    0x0, 0x2f, 0xc0, 0x3f, 0x90, 0x8b, 0xb9, 0x10,
    0x0, 0x1f, 0xc0, 0x3f, 0xd9, 0x99, 0x99, 0x81,
    0x0, 0x2f, 0xeb, 0x7f, 0xff, 0xff, 0xff, 0xf1,
    0x3c, 0xff, 0xff, 0x8f, 0xbf, 0xb0, 0x1f, 0xd0,
    0x2f, 0xef, 0xc1, 0x3f, 0x99, 0xf4, 0x6f, 0x80,
    0x1, 0x1f, 0xc0, 0x3f, 0x92, 0xfd, 0xef, 0x10,
    0x0, 0x1f, 0xc0, 0x3f, 0x90, 0x7f, 0xf8, 0x0,
    0x0, 0x1f, 0xc0, 0x3f, 0x90, 0xbf, 0xfd, 0x30,
    0x1b, 0xcf, 0xb0, 0x3f, 0xde, 0xfc, 0xbf, 0xf6,
    0xd, 0xfd, 0x30, 0x2f, 0xac, 0x80, 0x6, 0xc0,
    0x0, 0x0, 0x0, 0x0, 0x0, 0x0, 0x0, 0x0,

    /* U+62DF "拟" */
    0x0, 0xaf, 0x0, 0x0, 0x0, 0x0, 0x0, 0x0,
    0x0, 0xaf, 0x0, 0xbf, 0x10, 0x0, 0x3f, 0x90,
    0x0, 0xaf, 0x0, 0xbf, 0x8f, 0x20, 0x4f, 0x80,
    0x4a, 0xef, 0xa3, 0xbf, 0x4f, 0x90, 0x4f, 0x70,
    0x6f, 0xff, 0xf4, 0xbf, 0x1c, 0xf1, 0x6f, 0x60,
    0x0, 0xaf, 0x0, 0xbf, 0x16, 0xf7, 0x7f, 0x50,
    0x0, 0xaf, 0x0, 0xbf, 0x11, 0xf7, 0x9f, 0x30,
    0x0, 0xbf, 0xa4, 0xbf, 0x10, 0x0, 0xcf, 0x0,
    0x6e, 0xff, 0xf5, 0xbf, 0x10, 0x0, 0xfe, 0x0,
    0x6e, 0xef, 0x0, 0xbf, 0x18, 0x85, 0xff, 0x30,
    0x0, 0xaf, 0x0, 0xbf, 0xdf, 0xab, 0xff, 0xb0,
    0x0, 0xaf, 0x0, 0xdf, 0xf6, 0x4f, 0xdc, 0xf2,
    0x0, 0xaf, 0x4, 0xfd, 0x21, 0xef, 0x56, 0xf8,
    0x1a, 0xef, 0x0, 0x90, 0x1e, 0xfa, 0x1, 0xfd,
    0xe, 0xe7, 0x0, 0x0, 0x5, 0xb0, 0x0, 0x61,
    0x0, 0x0, 0x0, 0x0, 0x0, 0x0, 0x0, 0x0,

    /* U+62E9 "择" */
    0x0, 0xbf, 0x10, 0x0, 0x0, 0x0, 0x0, 0x0,
    0x0, 0xbf, 0x10, 0xaf, 0xff, 0xff, 0xff, 0x20,
    0x0, 0xbf, 0x10, 0x6f, 0xf9, 0x9a, 0xfd, 0x0,
    0x5a, 0xef, 0xa8, 0x6, 0xf8, 0xb, 0xf2, 0x0,
    0x8f, 0xff, 0xfc, 0x0, 0x9f, 0xff, 0x40, 0x0,
    0x0, 0xbf, 0x20, 0x4, 0xbf, 0xff, 0x81, 0x0,
    0x0, 0xbf, 0x15, 0xef, 0xf8, 0x4d, 0xff, 0xc1,
    0x0, 0xbf, 0xd8, 0xb7, 0x19, 0xd1, 0x5b, 0x80,
    0x7e, 0xff, 0xf8, 0x68, 0x8e, 0xf9, 0x88, 0x0,
    0x8e, 0xef, 0x10, 0xcf, 0xff, 0xff, 0xff, 0x0,
    0x0, 0xbf, 0x10, 0x0, 0xc, 0xf2, 0x0, 0x0,
    0x0, 0xbf, 0x15, 0x99, 0x9e, 0xfa, 0x99, 0x90,
    0x0, 0xbf, 0x19, 0xff, 0xff, 0xff, 0xff, 0xf0,
    0x1a, 0xef, 0x0, 0x0, 0xc, 0xf1, 0x0, 0x0,
    0xe, 0xe8, 0x0, 0x0, 0xc, 0xf1, 0x0, 0x0,
    0x0, 0x0, 0x0, 0x0, 0x0, 0x0, 0x0, 0x0,

    /* U+62EC "括" */
    0x0, 0xaf, 0x10, 0x0, 0x0, 0x0, 0x47, 0x0,
    0x0, 0xaf, 0x10, 0x47, 0x9b, 0xef, 0xff, 0x90,
    0x0, 0xaf, 0x10, 0x8f, 0xff, 0xfe, 0x84, 0x10,
    0x37, 0xcf, 0x85, 0x12, 0x11, 0xfa, 0x0, 0x0,
    0x7f, 0xff, 0xfc, 0x0, 0x1, 0xfa, 0x0, 0x0,
    0x13, 0xbf, 0x42, 0x9c, 0xcc, 0xfe, 0xcc, 0xc7,
    0x0, 0xaf, 0x10, 0xbf, 0xff, 0xff, 0xff, 0xf9,
    0x0, 0xaf, 0x88, 0x0, 0x1, 0xfa, 0x0, 0x0,
    0x5b, 0xff, 0xfe, 0x0, 0x1, 0xfa, 0x0, 0x0,
    0x6f, 0xff, 0x40, 0x9d, 0xde, 0xff, 0xdd, 0xb0,
    0x0, 0xaf, 0x10, 0xaf, 0xcc, 0xcc, 0xcf, 0xd0,
    0x0, 0xaf, 0x10, 0xaf, 0x10, 0x0, 0xf, 0xd0,
    0x0, 0xaf, 0x10, 0xaf, 0x10, 0x0, 0xf, 0xd0,
    0x29, 0xef, 0x0, 0xaf, 0xff, 0xff, 0xff, 0xd0,
    0xf, 0xf9, 0x0, 0xaf, 0xbb, 0xbb, 0xbf, 0xd0,
    0x0, 0x0, 0x0, 0x1, 0x0, 0x0, 0x0, 0x0,

    /* U+6301 "持" */
    0x0, 0x0, 0x0, 0x0, 0x0, 0x0, 0x0, 0x0,
    0x0, 0x9f, 0x10, 0x0, 0x1, 0xfa, 0x0, 0x0,
    0x0, 0x9f, 0x10, 0x0, 0x1, 0xfa, 0x0, 0x0,
    0x0, 0x9f, 0x10, 0x5f, 0xff, 0xff, 0xff, 0xe0,
    0x4a, 0xdf, 0xa4, 0x4d, 0xdd, 0xff, 0xdd, 0xc0,
    0x7f, 0xff, 0xf7, 0x0, 0x1, 0xfa, 0x0, 0x0,
    0x0, 0x9f, 0x21, 0xbb, 0xbb, 0xfe, 0xbb, 0xb5,
    0x0, 0x9f, 0x11, 0xff, 0xff, 0xff, 0xff, 0xf8,
    0x0, 0x9f, 0x95, 0x0, 0x0, 0x0, 0xfb, 0x0,
    0x5c, 0xff, 0xfa, 0x99, 0x99, 0x99, 0xfe, 0x93,
    0x7f, 0xff, 0x41, 0xff, 0xff, 0xff, 0xff, 0xf6,
    0x11, 0x9f, 0x10, 0x6, 0xa0, 0x0, 0xfb, 0x0,
    0x0, 0x9f, 0x10, 0x8, 0xf8, 0x0, 0xfb, 0x0,
    0x0, 0x9f, 0x10, 0x0, 0xde, 0x0, 0xfb, 0x0,
    0x1b, 0xef, 0x0, 0x0, 0x21, 0xaa, 0xfb, 0x0,
    0xc, 0xd7, 0x0, 0x0, 0x0, 0xbf, 0xe4, 0x0,
    0x0, 0x0, 0x0, 0x0, 0x0, 0x0, 0x0, 0x0,

    /* U+6309 "按" */
    0x0, 0x0, 0x0, 0x0, 0x0, 0x0, 0x0, 0x0,
    0x0, 0xaf, 0x10, 0x0, 0xc, 0xf0, 0x0, 0x0,
    0x0, 0xaf, 0x10, 0x0, 0xa, 0xf4, 0x0, 0x0,
    0x0, 0xaf, 0x10, 0xff, 0xff, 0xff, 0xff, 0xd0,
    0x6a, 0xef, 0xb7, 0xfe, 0xcc, 0xcc, 0xcf, 0xe0,
    0xaf, 0xff, 0xfb, 0xf9, 0x39, 0x40, 0xd, 0xe0,
    0x0, 0xbf, 0x21, 0xb6, 0x8f, 0x50, 0x9, 0x90,
    0x0, 0xaf, 0x17, 0x99, 0xef, 0xa9, 0x99, 0x90,
    0x0, 0xaf, 0x3d, 0xff, 0xff, 0xff, 0xff, 0xf1,
    0x15, 0xdf, 0xfc, 0xb, 0xf4, 0x6, 0xf9, 0x0,
    0xbf, 0xff, 0x93, 0x3f, 0xd0, 0xb, 0xf3, 0x0,
    0x56, 0xbf, 0x10, 0x8f, 0xf9, 0x5f, 0xd0, 0x0,
    0x0, 0xaf, 0x10, 0x2, 0xbf, 0xff, 0x50, 0x0,
    0x0, 0xaf, 0x10, 0x1, 0x8f, 0xff, 0xe6, 0x0,
    0x39, 0xef, 0x5, 0xcf, 0xfe, 0x57, 0xff, 0xb0,
    0x1f, 0xe8, 0x1, 0xeb, 0x50, 0x0, 0x2c, 0x40,
    0x0, 0x0, 0x0, 0x0, 0x0, 0x0, 0x0, 0x0,

    /* U+6362 "换" */
    0x0, 0xbf, 0x0, 0x0, 0xb9, 0x0, 0x0, 0x0,
    0x0, 0xbf, 0x0, 0x6, 0xf9, 0x0, 0x10, 0x0,
    0x0, 0xbf, 0x0, 0x1e, 0xff, 0xff, 0xfc, 0x0,
    0x26, 0xdf, 0x62, 0xbf, 0x97, 0x7d, 0xf9, 0x0,
    0x6f, 0xff, 0xfe, 0xfe, 0x77, 0x9f, 0xf8, 0x30,
    0x12, 0xcf, 0x31, 0xdf, 0xef, 0xff, 0xff, 0x70,
    0x0, 0xbf, 0x0, 0xaf, 0x1a, 0xf2, 0x6f, 0x70,
    0x0, 0xbf, 0x84, 0xaf, 0x1a, 0xf1, 0x6f, 0x70,
    0x3a, 0xff, 0xf9, 0xaf, 0x1b, 0xf1, 0x6f, 0x70,
    0x6f, 0xff, 0x48, 0xef, 0xcf, 0xfc, 0xdf, 0xe5,
    0x12, 0xbf, 0x8, 0xcc, 0xef, 0xfd, 0xcc, 0xc5,
    0x0, 0xbf, 0x0, 0x1, 0xef, 0xfd, 0x10, 0x0,
    0x0, 0xbf, 0x0, 0x3d, 0xf6, 0x4f, 0xe5, 0x0,
    0x1c, 0xff, 0x29, 0xff, 0x60, 0x4, 0xef, 0xd4,
    0xd, 0xe7, 0xc, 0xb2, 0x0, 0x0, 0x18, 0xd1,
    0x0, 0x0, 0x0, 0x0, 0x0, 0x0, 0x0, 0x0,

    /* U+636E "据" */
    0x0, 0xaf, 0x0, 0x0, 0x0, 0x0, 0x0, 0x0,
    0x0, 0xaf, 0x0, 0xdf, 0xff, 0xff, 0xff, 0xe0,
    0x0, 0xaf, 0x0, 0xdf, 0x99, 0x99, 0x9e, 0xe0,
    0x38, 0xdf, 0x85, 0xde, 0x0, 0x0, 0xc, 0xe0,
    0x6f, 0xff, 0xfa, 0xdf, 0xee, 0xee, 0xef, 0xe0,
    0x12, 0xbf, 0x21, 0xdf, 0xaa, 0xef, 0xba, 0x90,
    0x0, 0xaf, 0x0, 0xde, 0x0, 0xaf, 0x10, 0x0,
    0x0, 0xaf, 0x86, 0xef, 0xff, 0xff, 0xff, 0xf5,
    0x4b, 0xff, 0xf9, 0xfe, 0x99, 0xdf, 0x99, 0x93,
    0x6f, 0xff, 0x31, 0xfb, 0x0, 0xaf, 0x10, 0x0,
    0x11, 0xaf, 0x3, 0xfb, 0xcc, 0xef, 0xcc, 0xc0,
    0x0, 0xaf, 0x6, 0xf9, 0xfd, 0xcc, 0xce, 0xf0,
    0x0, 0xaf, 0xb, 0xf5, 0xf5, 0x0, 0xa, 0xf0,
    0x1d, 0xff, 0x2f, 0xb3, 0xfa, 0x77, 0x7d, 0xf0,
    0xb, 0xc5, 0x3c, 0x33, 0xff, 0xff, 0xff, 0xf0,
    0x0, 0x0, 0x0, 0x0, 0x0, 0x0, 0x0, 0x0,

    /* U+6392 "排" */
    0x0, 0xaf, 0x10, 0x0, 0xce, 0xe, 0xe0, 0x0,
    0x0, 0xaf, 0x10, 0x0, 0xcf, 0xe, 0xe0, 0x0,
    0x0, 0xaf, 0x10, 0x33, 0xdf, 0xe, 0xe3, 0x30,
    0x5a, 0xef, 0xa5, 0xef, 0xff, 0xe, 0xff, 0xf2,
    0x8f, 0xff, 0xf9, 0x67, 0xef, 0xe, 0xf7, 0x70,
    0x0, 0xaf, 0x20, 0x0, 0xcf, 0xe, 0xe0, 0x0,
    0x0, 0xaf, 0x10, 0x89, 0xef, 0xe, 0xf9, 0x90,
    0x0, 0xaf, 0x75, 0xdf, 0xff, 0xe, 0xff, 0xf0,
    0x4a, 0xff, 0xfb, 0x0, 0xcf, 0xe, 0xe0, 0x0,
    0x9f, 0xff, 0x72, 0x11, 0xdf, 0xe, 0xe0, 0x0,
    0x34, 0xaf, 0x14, 0xff, 0xff, 0xe, 0xff, 0xf5,
    0x0, 0xaf, 0x12, 0x88, 0xef, 0xe, 0xf9, 0x93,
    0x0, 0xaf, 0x10, 0x0, 0xcf, 0xe, 0xe0, 0x0,
    0x1a, 0xef, 0x0, 0x0, 0xcf, 0xe, 0xe0, 0x0,
    0xe, 0xe8, 0x0, 0x0, 0xcf, 0xe, 0xe0, 0x0,
    0x0, 0x0, 0x0, 0x0, 0x11, 0x2, 0x20, 0x0,

    /* U+63A5 "接" */
    0x0, 0xbf, 0x0, 0x0, 0xa, 0x80, 0x0, 0x0,
    0x0, 0xbf, 0x0, 0x0, 0xc, 0xf2, 0x0, 0x0,
    0x0, 0xbf, 0x1, 0xff, 0xff, 0xff, 0xff, 0xc0,
    0x37, 0xdf, 0x73, 0x7c, 0xd7, 0x7a, 0xe9, 0x50,
    0x6f, 0xff, 0xf4, 0xa, 0xf1, 0xb, 0xf1, 0x0,
    0x1, 0xcf, 0x15, 0x8a, 0xf9, 0x9f, 0xd8, 0x80,
    0x0, 0xbf, 0x9, 0xff, 0xff, 0xff, 0xff, 0xf1,
    0x0, 0xbf, 0x92, 0x0, 0x6e, 0x50, 0x0, 0x0,
    0x5c, 0xff, 0xf9, 0x77, 0xef, 0x87, 0x77, 0x72,
    0x6f, 0xff, 0x2d, 0xff, 0xff, 0xff, 0xff, 0xf4,
    0x10, 0xbf, 0x0, 0x3f, 0xc0, 0x8, 0xf5, 0x0,
    0x0, 0xbf, 0x0, 0xcf, 0xe9, 0x5f, 0xd0, 0x0,
    0x0, 0xbf, 0x0, 0x4, 0xbf, 0xff, 0x91, 0x0,
    0x1b, 0xee, 0x6, 0x9c, 0xff, 0xcd, 0xff, 0x70,
    0xe, 0xe6, 0x8, 0xeb, 0x72, 0x0, 0x6e, 0x40,
    0x0, 0x0, 0x0, 0x0, 0x0, 0x0, 0x0, 0x0,

    /* U+63D0 "提" */
    0x0, 0xbf, 0x0, 0x0, 0x0, 0x0, 0x0, 0x0,
    0x0, 0xbf, 0x0, 0x9f, 0xff, 0xff, 0xff, 0xa0,
    0x0, 0xbf, 0x0, 0x9f, 0x54, 0x44, 0x6f, 0xa0,
    0x38, 0xdf, 0x84, 0x9f, 0xee, 0xee, 0xef, 0xa0,
    0x7f, 0xff, 0xf9, 0x9f, 0x43, 0x33, 0x5f, 0xa0,
    0x1, 0xbf, 0x10, 0x9f, 0xff, 0xff, 0xff, 0xa0,
    0x0, 0xbf, 0x0, 0x35, 0x55, 0x55, 0x55, 0x30,
    0x0, 0xbf, 0x76, 0xcc, 0xcc, 0xcc, 0xcc, 0xc5,
    0x4b, 0xff, 0xfb, 0xbb, 0xbc, 0xfd, 0xbb, 0xb4,
    0x6f, 0xff, 0x30, 0x5b, 0x23, 0xf7, 0x0, 0x0,
    0x0, 0xbf, 0x0, 0x8f, 0x13, 0xff, 0xff, 0x90,
    0x0, 0xbf, 0x0, 0xdf, 0x43, 0xfb, 0x77, 0x40,
    0x0, 0xbf, 0x4, 0xff, 0xe7, 0xf7, 0x0, 0x0,
    0x2a, 0xef, 0x1d, 0xf3, 0xdf, 0xfc, 0x99, 0x97,
    0xe, 0xe7, 0x2c, 0x80, 0x8, 0xcf, 0xff, 0xf7,
    0x0, 0x0, 0x0, 0x0, 0x0, 0x0, 0x0, 0x0,

    /* U+641C "搜" */
    0x0, 0x0, 0x0, 0x0, 0x0, 0x0, 0x0, 0x0,
    0x0, 0xaf, 0x10, 0x0, 0x28, 0xf1, 0x0, 0x0,
    0x0, 0xaf, 0x10, 0x3b, 0xfe, 0xf4, 0xbb, 0x90,
    0x0, 0xaf, 0x10, 0xbf, 0x79, 0xf5, 0xef, 0xd0,
    0x4a, 0xef, 0xb5, 0xbe, 0x8, 0xf1, 0xc, 0xd0,
    0x6f, 0xff, 0xf8, 0xbf, 0xfb, 0xf5, 0xff, 0xd0,
    0x1, 0xbf, 0x20, 0xbe, 0x59, 0xf2, 0x5d, 0xd0,
    0x0, 0xaf, 0x10, 0xbf, 0x7c, 0xf8, 0x7e, 0xd0,
    0x0, 0xaf, 0xa6, 0xaf, 0xff, 0xff, 0xff, 0xc0,
    0x39, 0xff, 0xf8, 0x0, 0x8, 0xf1, 0x0, 0x0,
    0x5f, 0xff, 0x30, 0xad, 0xde, 0xfd, 0xde, 0x70,
    0x13, 0xaf, 0x10, 0x9f, 0xea, 0xaa, 0xff, 0x50,
    0x0, 0xaf, 0x10, 0xa, 0xf8, 0x1a, 0xf9, 0x0,
    0x0, 0xaf, 0x10, 0x0, 0xbf, 0xff, 0xa0, 0x0,
    0xb, 0xef, 0x7, 0xae, 0xff, 0xdf, 0xfe, 0xb3,
    0xc, 0xe8, 0x8, 0xeb, 0x61, 0x2, 0x7b, 0xc0,
    0x0, 0x0, 0x0, 0x0, 0x0, 0x0, 0x0, 0x0,

    /* U+64E6 "擦" */
    0x0, 0x0, 0x0, 0x0, 0x0, 0x0, 0x0, 0x0,
    0x0, 0xeb, 0x0, 0x0, 0xb, 0xd0, 0x0, 0x0,
    0x0, 0xeb, 0x4, 0x88, 0x8e, 0xf9, 0x88, 0x80,
    0x0, 0xeb, 0x9, 0xff, 0xff, 0xff, 0xff, 0xf0,
    0x49, 0xfe, 0x89, 0xfa, 0x40, 0x64, 0xa, 0xf0,
    0x7f, 0xff, 0xe2, 0x9f, 0xff, 0xff, 0xff, 0xd0,
    0x1, 0xfb, 0x2, 0xea, 0x7f, 0x6f, 0x6f, 0x90,
    0x0, 0xeb, 0xa, 0xba, 0xfa, 0xb, 0xff, 0x10,
    0x0, 0xed, 0x80, 0xbd, 0xf5, 0x46, 0xfa, 0x0,
    0x4b, 0xff, 0xf2, 0xce, 0xdf, 0xff, 0x6f, 0x90,
    0x5f, 0xfc, 0x1b, 0xf6, 0x66, 0x66, 0x49, 0xd2,
    0x0, 0xeb, 0x0, 0xaf, 0xff, 0xff, 0xff, 0x10,
    0x0, 0xeb, 0x0, 0x39, 0x3a, 0xf3, 0x66, 0x0,
    0x0, 0xeb, 0x0, 0xcf, 0x29, 0xf2, 0xcf, 0x30,
    0x8, 0xfa, 0xc, 0xf6, 0x6c, 0xf1, 0x1e, 0xe0,
    0xd, 0xe4, 0x3, 0x50, 0xef, 0xb0, 0x3, 0x30,
    0x0, 0x0, 0x0, 0x0, 0x0, 0x0, 0x0, 0x0,

    /* U+652F "支" */
    0x0, 0x0, 0x0, 0xf, 0xe0, 0x0, 0x0, 0x0,
    0x0, 0x0, 0x0, 0xf, 0xe0, 0x0, 0x0, 0x0,
    0x9, 0xaa, 0xaa, 0xaf, 0xfa, 0xaa, 0xaa, 0x80,
    0xe, 0xff, 0xff, 0xff, 0xff, 0xff, 0xff, 0xd0,
    0x2, 0x22, 0x22, 0x2f, 0xe2, 0x22, 0x22, 0x20,
    0x0, 0x0, 0x0, 0xf, 0xe0, 0x0, 0x0, 0x0,
    0x1, 0xcc, 0xcc, 0xcf, 0xfc, 0xcd, 0xb3, 0x0,
    0x1, 0xff, 0xff, 0xff, 0xff, 0xff, 0xf6, 0x0,
    0x0, 0x9, 0xf6, 0x0, 0x0, 0x6f, 0xd0, 0x0,
    0x0, 0x1, 0xff, 0x30, 0x3, 0xff, 0x40, 0x0,
    0x0, 0x0, 0x4f, 0xf5, 0x5f, 0xf7, 0x0, 0x0,
    0x0, 0x0, 0x5, 0xff, 0xff, 0x70, 0x0, 0x0,
    0x0, 0x1, 0x5b, 0xff, 0xff, 0xc6, 0x20, 0x0,
    0x3a, 0xdf, 0xff, 0xd6, 0x7e, 0xff, 0xfe, 0xc2,
    0x1e, 0xfd, 0x83, 0x0, 0x0, 0x49, 0xdf, 0xa0,
    0x2, 0x0, 0x0, 0x0, 0x0, 0x0, 0x0, 0x0,

    /* U+6536 "收" */
    0x0, 0x0, 0x0, 0x0, 0x2, 0x0, 0x0, 0x0,
    0x0, 0x0, 0x1f, 0xb0, 0xe, 0xf0, 0x0, 0x0,
    0x2, 0x30, 0x1f, 0xb0, 0x1f, 0xd0, 0x0, 0x0,
    0xb, 0xf1, 0x1f, 0xb0, 0x5f, 0x90, 0x0, 0x0,
    0xb, 0xf1, 0x1f, 0xb0, 0xaf, 0xda, 0xaa, 0xa5,
    0xb, 0xf1, 0x1f, 0xb0, 0xff, 0xff, 0xff, 0xf8,
    0xb, 0xf1, 0x1f, 0xb6, 0xfd, 0x0, 0x6f, 0x70,
    0xb, 0xf1, 0x1f, 0xce, 0xff, 0x20, 0x9f, 0x30,
    0xb, 0xf1, 0x1f, 0xde, 0xcf, 0x80, 0xee, 0x0,
    0xb, 0xf1, 0x1f, 0xb3, 0x1c, 0xe4, 0xf9, 0x0,
    0xb, 0xf6, 0xaf, 0xb0, 0x5, 0xff, 0xf3, 0x0,
    0x1e, 0xff, 0xff, 0xb0, 0x0, 0xdf, 0xb0, 0x0,
    0xe, 0xd7, 0x3f, 0xb0, 0x2, 0xef, 0xe1, 0x0,
    0x3, 0x0, 0x1f, 0xb0, 0x4e, 0xfb, 0xfe, 0x30,
    0x0, 0x0, 0x1f, 0xb9, 0xff, 0x60, 0x8f, 0xf4,
    0x0, 0x0, 0x1f, 0xb3, 0xc3, 0x0, 0x5, 0x90,
    0x0, 0x0, 0x0, 0x0, 0x0, 0x0, 0x0, 0x0,

    /* U+6539 "改" */
    0x0, 0x0, 0x0, 0x0, 0x5, 0x60, 0x0, 0x0,
    0x8, 0x99, 0x99, 0x80, 0xd, 0xf0, 0x0, 0x0,
    0xe, 0xff, 0xff, 0xf0, 0x1f, 0xc0, 0x0, 0x0,
    0x3, 0x33, 0x3d, 0xf0, 0x5f, 0xeb, 0xbb, 0xb3,
    0x0, 0x0, 0xd, 0xf0, 0xbf, 0xff, 0xff, 0xf5,
    0x0, 0x0, 0xd, 0xf2, 0xff, 0x10, 0x6f, 0x70,
    0xb, 0xff, 0xff, 0xfb, 0xff, 0x50, 0x9f, 0x40,
    0xc, 0xfd, 0xdd, 0xdf, 0xdf, 0xa0, 0xdf, 0x0,
    0xc, 0xf1, 0x0, 0x3, 0x3c, 0xf4, 0xfb, 0x0,
    0xc, 0xf1, 0x0, 0x0, 0x6, 0xfe, 0xf6, 0x0,
    0xc, 0xf1, 0x0, 0x10, 0x0, 0xff, 0xe0, 0x0,
    0xc, 0xf2, 0x6c, 0xf0, 0x1, 0xef, 0xc0, 0x0,
    0xd, 0xff, 0xff, 0xb1, 0x2d, 0xff, 0xfa, 0x0,
    0x1f, 0xfd, 0x71, 0x8, 0xff, 0xb2, 0xdf, 0xd3,
    0x9, 0x40, 0x0, 0xb, 0xf7, 0x0, 0x1b, 0xe1,
    0x0, 0x0, 0x0, 0x1, 0x20, 0x0, 0x0, 0x10,

    /* U+653E "放" */
    0x0, 0x4, 0x70, 0x0, 0x5, 0x60, 0x0, 0x0,
    0x0, 0xa, 0xf2, 0x0, 0xd, 0xf0, 0x0, 0x0,
    0x2, 0x26, 0xe5, 0x21, 0xf, 0xc0, 0x0, 0x0,
    0x5f, 0xff, 0xff, 0xfb, 0x4f, 0xea, 0xaa, 0xa3,
    0x39, 0xef, 0x99, 0x96, 0x9f, 0xff, 0xff, 0xf4,
    0x0, 0xcf, 0x0, 0x0, 0xef, 0x40, 0xbf, 0x0,
    0x0, 0xcf, 0xbb, 0xb8, 0xff, 0x70, 0xed, 0x0,
    0x0, 0xcf, 0xff, 0xff, 0xff, 0xb2, 0xf9, 0x0,
    0x0, 0xcf, 0xa, 0xf6, 0x8a, 0xf9, 0xf4, 0x0,
    0x0, 0xdd, 0xa, 0xf1, 0x5, 0xff, 0xe0, 0x0,
    0x0, 0xfb, 0xb, 0xf0, 0x0, 0xef, 0x80, 0x0,
    0x5, 0xf8, 0xb, 0xf0, 0x3, 0xff, 0xd0, 0x0,
    0xc, 0xf3, 0xd, 0xe0, 0x5f, 0xfc, 0xfc, 0x20,
    0x6f, 0xb5, 0xaf, 0xcb, 0xff, 0x41, 0xcf, 0xf2,
    0x1c, 0x14, 0xfe, 0x57, 0xc2, 0x0, 0x9, 0x90,
    0x0, 0x0, 0x0, 0x0, 0x0, 0x0, 0x0, 0x0,

    /* U+6570 "数" */
    0x3, 0x61, 0xf9, 0x27, 0x10, 0xd7, 0x0, 0x0,
    0x9, 0xf3, 0xf9, 0x9f, 0x22, 0xf8, 0x0, 0x0,
    0x2, 0xf6, 0xf9, 0xd7, 0x5, 0xf5, 0x0, 0x0,
    0x1c, 0xdc, 0xfe, 0xcc, 0x89, 0xfb, 0xaa, 0xa5,
    0x1a, 0xaf, 0xff, 0xda, 0x7d, 0xff, 0xff, 0xf8,
    0x0, 0x9f, 0xff, 0xf8, 0x3f, 0xf1, 0x4f, 0x70,
    0x2d, 0xf8, 0xf9, 0x8c, 0xaf, 0xf4, 0x6f, 0x40,
    0xc, 0x42, 0xb5, 0x3, 0xfd, 0xf8, 0xaf, 0x10,
    0x5, 0x5d, 0xf5, 0x54, 0x73, 0xcd, 0xec, 0x0,
    0xf, 0xff, 0xff, 0xff, 0x10, 0x7f, 0xf7, 0x0,
    0x2, 0xee, 0x23, 0xfa, 0x0, 0x1f, 0xf1, 0x0,
    0x5, 0xff, 0x8b, 0xf2, 0x0, 0x7f, 0xf5, 0x0,
    0x0, 0x1b, 0xff, 0xb0, 0x6, 0xfd, 0xef, 0x30,
    0x4, 0x9f, 0xeb, 0xf5, 0xaf, 0xe2, 0x4f, 0xf6,
    0x2f, 0xe8, 0x10, 0x24, 0xfb, 0x10, 0x5, 0xf4,
    0x3, 0x0, 0x0, 0x0, 0x40, 0x0, 0x0, 0x10,

    /* U+6574 "整" */
    0x0, 0x8, 0xf1, 0x0, 0x2, 0xc4, 0x0, 0x0,
    0x7f, 0xff, 0xff, 0xfe, 0x8, 0xf3, 0x0, 0x0,
    0x25, 0x5a, 0xf6, 0x54, 0x1e, 0xff, 0xff, 0xf4,
    0xe, 0xff, 0xff, 0xfe, 0xaf, 0xb8, 0xdf, 0x82,
    0xe, 0x99, 0xf3, 0xaf, 0xfe, 0xe2, 0xeb, 0x0,
    0xe, 0xff, 0xff, 0xfe, 0x32, 0xef, 0xf3, 0x0,
    0x1, 0x9f, 0xfc, 0xd4, 0x1, 0xcf, 0xe4, 0x0,
    0x2c, 0xfb, 0xf2, 0xaa, 0x9f, 0xd6, 0xdf, 0xd3,
    0x9, 0x69, 0xd5, 0x44, 0xaa, 0x44, 0x49, 0x90,
    0x5, 0xff, 0xff, 0xff, 0xff, 0xff, 0xff, 0x50,
    0x1, 0x34, 0x43, 0x3f, 0xb3, 0x33, 0x33, 0x10,
    0x0, 0x1f, 0x80, 0xf, 0xfd, 0xdd, 0xd0, 0x0,
    0x0, 0x1f, 0x80, 0xf, 0xc7, 0x77, 0x70, 0x0,
    0x3a, 0xbf, 0xda, 0xaf, 0xda, 0xaa, 0xaa, 0xa3,
    0x4f, 0xff, 0xff, 0xff, 0xff, 0xff, 0xff, 0xf5,

    /* U+6587 "文" */
    0x0, 0x0, 0x0, 0x5, 0x80, 0x0, 0x0, 0x0,
    0x0, 0x0, 0x0, 0xd, 0xf5, 0x0, 0x0, 0x0,
    0x0, 0x0, 0x0, 0x7, 0xfa, 0x0, 0x0, 0x0,
    0x1d, 0xdd, 0xdd, 0xdd, 0xfd, 0xdd, 0xdd, 0xd7,
    0x1f, 0xff, 0xff, 0xff, 0xff, 0xff, 0xff, 0xf8,
    0x0, 0x5, 0xf9, 0x0, 0x0, 0x3f, 0xd0, 0x0,
    0x0, 0x0, 0xdf, 0x10, 0x0, 0xaf, 0x70, 0x0,
    0x0, 0x0, 0x6f, 0xa0, 0x3, 0xfe, 0x0, 0x0,
    0x0, 0x0, 0xc, 0xf6, 0xd, 0xf6, 0x0, 0x0,
    0x0, 0x0, 0x2, 0xff, 0xcf, 0xb0, 0x0, 0x0,
    0x0, 0x0, 0x0, 0x6f, 0xfe, 0x10, 0x0, 0x0,
    0x0, 0x0, 0x3, 0xdf, 0xff, 0xa1, 0x0, 0x0,
    0x0, 0x3, 0xaf, 0xfb, 0x5e, 0xff, 0x81, 0x0,
    0x18, 0xdf, 0xfe, 0x50, 0x1, 0xaf, 0xff, 0xc5,
    0xc, 0xfd, 0x60, 0x0, 0x0, 0x3, 0xaf, 0xf2,
    0x2, 0x20, 0x0, 0x0, 0x0, 0x0, 0x0, 0x20,

    /* U+6599 "料" */
    0x0, 0x0, 0x0, 0x0, 0x0, 0x0, 0x10, 0x0,
    0x0, 0xe, 0xc0, 0x0, 0x0, 0x0, 0xfb, 0x0,
    0x2d, 0x1e, 0xc2, 0xe4, 0x5b, 0x10, 0xfb, 0x0,
    0xf, 0x5e, 0xc5, 0xf1, 0x9f, 0xd1, 0xfb, 0x0,
    0xd, 0x8e, 0xc9, 0xc0, 0x7, 0xf5, 0xfb, 0x0,
    0xa, 0xbe, 0xcd, 0x70, 0x0, 0x50, 0xfb, 0x0,
    0x5, 0x4e, 0xc5, 0x20, 0x50, 0x0, 0xfb, 0x0,
    0x6f, 0xff, 0xff, 0xf9, 0xfc, 0x20, 0xfb, 0x0,
    0x3a, 0xdf, 0xfa, 0xa1, 0x7f, 0xb0, 0xfb, 0x0,
    0x0, 0xdf, 0xf7, 0x0, 0x3, 0x20, 0xfb, 0x0,
    0x4, 0xff, 0xff, 0x60, 0x0, 0x14, 0xfe, 0xc6,
    0xd, 0xbe, 0xca, 0xd8, 0xcf, 0xff, 0xff, 0xd6,
    0x7f, 0x4e, 0xc1, 0x2a, 0xda, 0x75, 0xfb, 0x0,
    0x2c, 0xe, 0xc0, 0x0, 0x0, 0x0, 0xfb, 0x0,
    0x1, 0xe, 0xc0, 0x0, 0x0, 0x0, 0xfb, 0x0,
    0x0, 0xe, 0xc0, 0x0, 0x0, 0x0, 0xfb, 0x0,
    0x0, 0x0, 0x0, 0x0, 0x0, 0x0, 0x0, 0x0,

    /* U+65AD "断" */
    0x0, 0x0, 0xf8, 0x0, 0x0, 0x1, 0x86, 0xe,
    0xb4, 0x2f, 0x86, 0x42, 0x6a, 0xff, 0xf3, 0xeb,
    0xb8, 0xf8, 0xe7, 0xcf, 0xea, 0x50, 0xe, 0xb7,
    0xcf, 0xcf, 0x1c, 0xf0, 0x0, 0x0, 0xeb, 0x45,
    0xfb, 0x61, 0xce, 0x0, 0x0, 0xe, 0xbf, 0xff,
    0xff, 0xac, 0xf7, 0x77, 0x73, 0xeb, 0x69, 0xfd,
    0x63, 0xcf, 0xff, 0xff, 0x8e, 0xb0, 0xbf, 0xf8,
    0xc, 0xe3, 0xbf, 0x41, 0xeb, 0x5f, 0xfd, 0xf5,
    0xde, 0xa, 0xf1, 0xe, 0xdf, 0xaf, 0x8a, 0x2e,
    0xd0, 0xaf, 0x10, 0xeb, 0xd1, 0xf8, 0x0, 0xfb,
    0xa, 0xf1, 0xe, 0xb0, 0xf, 0x80, 0x2f, 0x90,
    0xaf, 0x10, 0xee, 0x99, 0x99, 0x97, 0xf5, 0xa,
    0xf1, 0xd, 0xff, 0xff, 0xff, 0xdf, 0x10, 0xaf,
    0x10, 0x0, 0x0, 0x0, 0x9, 0xb0, 0xa, 0xf1,
    0x0, 0x0, 0x0, 0x0, 0x0, 0x0, 0x0, 0x0,

    /* U+65B0 "新" */
    0x0, 0x4, 0x80, 0x0, 0x0, 0x0, 0x4, 0x0,
    0x0, 0x8, 0xf4, 0x0, 0x4, 0x7b, 0xff, 0x90,
    0x2f, 0xff, 0xff, 0xff, 0x8f, 0xfe, 0xa6, 0x20,
    0x19, 0xea, 0x8b, 0xe9, 0x7f, 0x40, 0x0, 0x0,
    0x0, 0xf9, 0xa, 0xf0, 0x7f, 0x40, 0x0, 0x0,
    0x39, 0xed, 0x9f, 0xe9, 0x9f, 0x97, 0x77, 0x73,
    0x5e, 0xee, 0xff, 0xee, 0xbf, 0xff, 0xff, 0xf7,
    0x0, 0x4, 0xf5, 0x0, 0x7f, 0x63, 0xef, 0x31,
    0x29, 0x9b, 0xfb, 0x99, 0x7f, 0x30, 0xdf, 0x0,
    0x4f, 0xff, 0xff, 0xff, 0x8f, 0x20, 0xdf, 0x0,
    0x2, 0x75, 0xf6, 0x81, 0x9f, 0x10, 0xdf, 0x0,
    0xa, 0xe5, 0xf6, 0xea, 0xbf, 0x0, 0xdf, 0x0,
    0x4f, 0x64, 0xf5, 0x6d, 0xfb, 0x0, 0xdf, 0x0,
    0x4, 0x4a, 0xf5, 0x5, 0xf6, 0x0, 0xdf, 0x0,
    0x0, 0x5f, 0xc1, 0x1, 0xb0, 0x0, 0xdf, 0x0,

    /* U+65B9 "方" */
    0x0, 0x0, 0x0, 0x6, 0x80, 0x0, 0x0, 0x0,
    0x0, 0x0, 0x0, 0xe, 0xf4, 0x0, 0x0, 0x0,
    0x0, 0x0, 0x0, 0x8, 0xf7, 0x0, 0x0, 0x0,
    0x2f, 0xff, 0xff, 0xff, 0xff, 0xff, 0xff, 0xf2,
    0x1c, 0xcc, 0xdf, 0xfc, 0xcc, 0xcc, 0xcc, 0xc2,
    0x0, 0x0, 0x1f, 0xe0, 0x0, 0x0, 0x0, 0x0,
    0x0, 0x0, 0x2f, 0xd0, 0x0, 0x0, 0x10, 0x0,
    0x0, 0x0, 0x4f, 0xff, 0xff, 0xff, 0xfe, 0x0,
    0x0, 0x0, 0x7f, 0xdb, 0xbb, 0xbb, 0xfd, 0x0,
    0x0, 0x0, 0xbf, 0x50, 0x0, 0x2, 0xfb, 0x0,
    0x0, 0x2, 0xff, 0x0, 0x0, 0x4, 0xfa, 0x0,
    0x0, 0xb, 0xf8, 0x0, 0x0, 0x6, 0xf8, 0x0,
    0x0, 0xaf, 0xe1, 0x0, 0x0, 0xb, 0xf5, 0x0,
    0x1c, 0xff, 0x30, 0x5, 0xcb, 0xcf, 0xf1, 0x0,
    0xa, 0xd2, 0x0, 0x1, 0xff, 0xfd, 0x40, 0x0,
    0x0, 0x0, 0x0, 0x0, 0x0, 0x0, 0x0, 0x0,

    /* U+65E5 "日" */
    0x4f, 0xff, 0xff, 0xff, 0xff, 0xff, 0x4f, 0xfd,
    0xdd, 0xdd, 0xdd, 0xff, 0x4f, 0x90, 0x0, 0x0,
    0x0, 0xff, 0x4f, 0x90, 0x0, 0x0, 0x0, 0xff,
    0x4f, 0x90, 0x0, 0x0, 0x0, 0xff, 0x4f, 0x90,
    0x0, 0x0, 0x0, 0xff, 0x4f, 0xff, 0xff, 0xff,
    0xff, 0xff, 0x4f, 0xec, 0xcc, 0xcc, 0xcc, 0xff,
    0x4f, 0x90, 0x0, 0x0, 0x0, 0xff, 0x4f, 0x90,
    0x0, 0x0, 0x0, 0xff, 0x4f, 0x90, 0x0, 0x0,
    0x0, 0xff, 0x4f, 0xec, 0xcc, 0xcc, 0xcc, 0xff,
    0x4f, 0xff, 0xff, 0xff, 0xff, 0xff, 0x4f, 0x90,
    0x0, 0x0, 0x0, 0xff, 0x0, 0x0, 0x0, 0x0,
    0x0, 0x0,

    /* U+65F6 "时" */
    0x0, 0x0, 0x0, 0x0, 0x0, 0xf, 0xe0, 0x9,
    0xcb, 0xbb, 0x70, 0x0, 0x0, 0xfe, 0x0, 0xdf,
    0xff, 0xfb, 0x0, 0x0, 0xf, 0xe0, 0xd, 0xe2,
    0x2f, 0xb9, 0xcc, 0xcc, 0xff, 0xc6, 0xdd, 0x0,
    0xfb, 0xcf, 0xff, 0xff, 0xff, 0x9d, 0xd0, 0xf,
    0xb0, 0x0, 0x0, 0xfe, 0x0, 0xdf, 0xaa, 0xfb,
    0x5, 0x10, 0xf, 0xe0, 0xd, 0xff, 0xff, 0xb5,
    0xfb, 0x0, 0xfe, 0x0, 0xdd, 0x0, 0xfb, 0xb,
    0xf5, 0xf, 0xe0, 0xd, 0xd0, 0xf, 0xb0, 0x2f,
    0xf1, 0xfe, 0x0, 0xdd, 0x0, 0xfb, 0x0, 0x78,
    0xf, 0xe0, 0xd, 0xff, 0xff, 0xb0, 0x0, 0x0,
    0xfe, 0x0, 0xdf, 0x99, 0x96, 0x0, 0x0, 0xf,
    0xe0, 0xc, 0xb0, 0x0, 0x0, 0xb, 0xcc, 0xfd,
    0x0, 0x0, 0x0, 0x0, 0x0, 0x9f, 0xfd, 0x40,
    0x0, 0x0, 0x0, 0x0, 0x0, 0x0, 0x0, 0x0,

    /* U+662F "是" */
    0x0, 0xaf, 0xff, 0xff, 0xff, 0xff, 0xf3, 0x0,
    0x0, 0xaf, 0x54, 0x44, 0x44, 0x4b, 0xf3, 0x0,
    0x0, 0xaf, 0xee, 0xee, 0xee, 0xef, 0xf3, 0x0,
    0x0, 0xaf, 0x43, 0x33, 0x33, 0x3b, 0xf3, 0x0,
    0x0, 0xaf, 0xff, 0xff, 0xff, 0xff, 0xf3, 0x0,
    0x0, 0x35, 0x55, 0x55, 0x55, 0x55, 0x51, 0x0,
    0x2b, 0xbb, 0xbb, 0xbb, 0xbb, 0xbb, 0xbb, 0xb0,
    0x2e, 0xee, 0xee, 0xef, 0xfe, 0xee, 0xee, 0xe0,
    0x0, 0x9, 0x90, 0xe, 0xf0, 0x0, 0x0, 0x0,
    0x0, 0x1f, 0xd0, 0xe, 0xff, 0xff, 0xfe, 0x0,
    0x0, 0x7f, 0xf1, 0xe, 0xfa, 0xaa, 0xa9, 0x0,
    0x1, 0xff, 0xfd, 0x3e, 0xf0, 0x0, 0x0, 0x0,
    0x2d, 0xf6, 0x6f, 0xff, 0xf9, 0x99, 0x99, 0x92,
    0x4f, 0x80, 0x2, 0x8c, 0xef, 0xff, 0xff, 0xe0,
    0x1, 0x0, 0x0, 0x0, 0x0, 0x0, 0x0, 0x0,

    /* U+663E "显" */
    0x0, 0xaf, 0xff, 0xff, 0xff, 0xff, 0xf7, 0x0,
    0x0, 0xaf, 0x86, 0x66, 0x66, 0x6a, 0xf7, 0x0,
    0x0, 0xaf, 0x64, 0x44, 0x44, 0x49, 0xf7, 0x0,
    0x0, 0xaf, 0xff, 0xff, 0xff, 0xff, 0xf7, 0x0,
    0x0, 0xaf, 0x30, 0x0, 0x0, 0x7, 0xf7, 0x0,
    0x0, 0xaf, 0xff, 0xff, 0xff, 0xff, 0xf7, 0x0,
    0x0, 0x47, 0x77, 0x77, 0x77, 0x77, 0x73, 0x0,
    0x0, 0x50, 0xf, 0xc0, 0x1f, 0xa0, 0x25, 0x0,
    0x4, 0xf7, 0xf, 0xc0, 0x1f, 0xa0, 0xaf, 0x20,
    0x0, 0xce, 0xf, 0xc0, 0x1f, 0xa4, 0xf9, 0x0,
    0x0, 0x4f, 0x4f, 0xc0, 0x1f, 0xab, 0xd0, 0x0,
    0x0, 0x12, 0xf, 0xc0, 0x2f, 0xa0, 0x20, 0x0,
    0xbf, 0xff, 0xff, 0xff, 0xff, 0xff, 0xff, 0xf7,
    0x7b, 0xbb, 0xbb, 0xbb, 0xbb, 0xbb, 0xbb, 0xb5,

    /* U+666F "景" */
    0x0, 0x7f, 0xff, 0xff, 0xff, 0xff, 0xf6, 0x0,
    0x0, 0x7f, 0x73, 0x33, 0x33, 0x38, 0xf6, 0x0,
    0x0, 0x7f, 0xff, 0xff, 0xff, 0xff, 0xf6, 0x0,
    0x0, 0x7f, 0x73, 0x33, 0x33, 0x38, 0xf6, 0x0,
    0x0, 0x6f, 0xff, 0xff, 0xff, 0xff, 0xf6, 0x0,
    0x5, 0x55, 0x55, 0x6f, 0xd5, 0x55, 0x55, 0x50,
    0x2f, 0xff, 0xff, 0xff, 0xff, 0xff, 0xff, 0xf0,
    0x1, 0x16, 0x66, 0x66, 0x66, 0x66, 0x62, 0x10,
    0x0, 0x1f, 0xff, 0xff, 0xff, 0xff, 0xf2, 0x0,
    0x0, 0x1f, 0xc4, 0x44, 0x44, 0x4c, 0xf2, 0x0,
    0x0, 0x1f, 0xff, 0xff, 0xff, 0xff, 0xf2, 0x0,
    0x0, 0x7, 0xe7, 0xe, 0xf0, 0x8a, 0x50, 0x0,
    0x2b, 0xff, 0x96, 0x5e, 0xf0, 0x5b, 0xfe, 0x80,
    0x7, 0x92, 0x8, 0xff, 0x90, 0x0, 0x2a, 0x40,
    0x0, 0x0, 0x0, 0x0, 0x0, 0x0, 0x0, 0x0,

    /* U+667A "智" */
    0x0, 0x67, 0x0, 0x0, 0x0, 0x0, 0x0, 0x0,
    0xe, 0xe5, 0x55, 0x40, 0x66, 0x66, 0x64, 0x8,
    0xff, 0xff, 0xfc, 0x1f, 0xff, 0xff, 0xc1, 0xdc,
    0x2f, 0xa1, 0x1, 0xfa, 0x34, 0xfc, 0x2d, 0xed,
    0xff, 0xdd, 0x3f, 0x90, 0xf, 0xc1, 0x99, 0xdf,
    0xe9, 0x92, 0xf9, 0x0, 0xfc, 0x0, 0x3f, 0xff,
    0xc3, 0x1f, 0xff, 0xff, 0xc1, 0x8f, 0xf3, 0x4e,
    0xc1, 0xaa, 0xaa, 0xa7, 0xb, 0xc8, 0x66, 0x76,
    0x66, 0x66, 0x61, 0x0, 0x0, 0xff, 0xff, 0xff,
    0xff, 0xff, 0x40, 0x0, 0xf, 0xc1, 0x11, 0x11,
    0x16, 0xf4, 0x0, 0x0, 0xff, 0xff, 0xff, 0xff,
    0xff, 0x40, 0x0, 0xf, 0xd6, 0x66, 0x66, 0x6a,
    0xf4, 0x0, 0x0, 0xfe, 0x88, 0x88, 0x88, 0xbf,
    0x40, 0x0, 0xf, 0xff, 0xff, 0xff, 0xff, 0xf4,
    0x0, 0x0, 0x0, 0x0, 0x0, 0x0, 0x0, 0x0,

    /* U+6697 "暗" */
    0x0, 0x0, 0x0, 0x0, 0x28, 0x30, 0x0, 0x6,
    0x77, 0x75, 0x0, 0x4, 0xfa, 0x0, 0x0, 0xdf,
    0xff, 0xc7, 0xff, 0xff, 0xff, 0xfe, 0xd, 0xc3,
    0xdc, 0x4a, 0xeb, 0x99, 0xed, 0x90, 0xdb, 0xd,
    0xc0, 0x3f, 0x70, 0xe, 0xe0, 0xd, 0xb0, 0xdc,
    0x55, 0xfd, 0x57, 0xfb, 0x52, 0xdf, 0xef, 0xce,
    0xff, 0xff, 0xff, 0xff, 0x7d, 0xfc, 0xfc, 0x33,
    0x33, 0x33, 0x33, 0x31, 0xdb, 0xd, 0xc0, 0xff,
    0xff, 0xff, 0xf8, 0xd, 0xb0, 0xdc, 0xf, 0xd8,
    0x88, 0x9f, 0x80, 0xdc, 0x3d, 0xc0, 0xfc, 0x66,
    0x68, 0xf8, 0xd, 0xff, 0xfc, 0xf, 0xfe, 0xee,
    0xef, 0x80, 0xdd, 0x66, 0x40, 0xfa, 0x0, 0x3,
    0xf8, 0xa, 0x90, 0x0, 0xf, 0xff, 0xff, 0xff,
    0x80, 0x0, 0x0, 0x0, 0xfd, 0x99, 0x9a, 0xf8,
    0x0, 0x0, 0x0, 0x0, 0x0, 0x0, 0x0, 0x0,

    /* U+66F4 "更" */
    0xf, 0xff, 0xff, 0xff, 0xff, 0xff, 0xff, 0xf0,
    0xe, 0xee, 0xee, 0xef, 0xff, 0xee, 0xee, 0xe0,
    0x0, 0x23, 0x33, 0x3e, 0xf4, 0x33, 0x33, 0x0,
    0x0, 0xaf, 0xff, 0xff, 0xff, 0xff, 0xff, 0x0,
    0x0, 0xaf, 0x54, 0x4e, 0xf5, 0x44, 0xdf, 0x0,
    0x0, 0xaf, 0x76, 0x6e, 0xf7, 0x66, 0xef, 0x0,
    0x0, 0xaf, 0xff, 0xff, 0xff, 0xff, 0xff, 0x0,
    0x0, 0xaf, 0x32, 0x2e, 0xf3, 0x22, 0xdf, 0x0,
    0x0, 0xaf, 0xff, 0xff, 0xff, 0xff, 0xff, 0x0,
    0x0, 0x4c, 0xb5, 0x9f, 0xd5, 0x55, 0x55, 0x0,
    0x0, 0xd, 0xf8, 0xdf, 0x50, 0x0, 0x0, 0x0,
    0x0, 0x3, 0xff, 0xfe, 0x41, 0x0, 0x0, 0x0,
    0x19, 0xcf, 0xff, 0xdf, 0xff, 0xfe, 0xdd, 0xc5,
    0xa, 0xfc, 0x61, 0x2, 0x69, 0xcd, 0xef, 0xf1,
    0x0, 0x0, 0x0, 0x0, 0x0, 0x0, 0x0, 0x0,

    /* U+66F8 "書" */
    0x0, 0x0, 0x0, 0xcf, 0x10, 0x0, 0x0, 0x0,
    0x5f, 0xff, 0xff, 0xff, 0xff, 0xfb, 0x0, 0x0,
    0x11, 0x11, 0xcf, 0x21, 0x3f, 0xb0, 0xf, 0xff,
    0xff, 0xff, 0xff, 0xff, 0xff, 0xf8, 0x45, 0x55,
    0x55, 0xdf, 0x55, 0x6f, 0xc5, 0x20, 0x8f, 0xff,
    0xff, 0xff, 0xff, 0xfb, 0x0, 0x3, 0x55, 0x55,
    0xdf, 0x65, 0x55, 0x40, 0x0, 0xdf, 0xff, 0xff,
    0xff, 0xff, 0xff, 0x30, 0x77, 0x77, 0x77, 0xef,
    0x77, 0x77, 0x77, 0x3b, 0xbb, 0xbb, 0xbb, 0xbb,
    0xbb, 0xbb, 0xb6, 0x0, 0xef, 0xff, 0xff, 0xff,
    0xff, 0xb0, 0x0, 0xf, 0xd4, 0x44, 0x44, 0x45,
    0xfc, 0x0, 0x0, 0xff, 0xff, 0xff, 0xff, 0xff,
    0xc0, 0x0, 0xf, 0xd4, 0x44, 0x44, 0x45, 0xfc,
    0x0, 0x0, 0xff, 0xff, 0xff, 0xff, 0xff, 0xc0,
    0x0, 0x0, 0x0, 0x0, 0x0, 0x0, 0x0, 0x0,

    /* U+6700 "最" */
    0x0, 0x1f, 0xff, 0xff, 0xff, 0xff, 0xfb, 0x0,
    0x0, 0x1f, 0xc4, 0x44, 0x44, 0x45, 0xfb, 0x0,
    0x0, 0x1f, 0xff, 0xff, 0xff, 0xff, 0xfb, 0x0,
    0x0, 0x1f, 0xc4, 0x44, 0x44, 0x45, 0xfb, 0x0,
    0x0, 0x1f, 0xff, 0xff, 0xff, 0xff, 0xfb, 0x0,
    0x8, 0x88, 0x88, 0x88, 0x88, 0x88, 0x88, 0x82,
    0x1f, 0xff, 0xff, 0xff, 0xff, 0xff, 0xff, 0xf5,
    0x0, 0xaf, 0x55, 0xfd, 0x46, 0x66, 0x66, 0x50,
    0x0, 0xaf, 0xff, 0xfd, 0xbf, 0xff, 0xff, 0xe0,
    0x0, 0xaf, 0x55, 0xfd, 0x1e, 0xa1, 0x2e, 0x80,
    0x0, 0xaf, 0xff, 0xfd, 0x6, 0xf6, 0xbd, 0x0,
    0x0, 0xbf, 0x45, 0xfe, 0x50, 0xaf, 0xf3, 0x0,
    0xf, 0xff, 0xff, 0xff, 0x99, 0xfd, 0xfe, 0x72,
    0x5, 0x43, 0x10, 0xed, 0x5d, 0x50, 0x18, 0xd2,

    /* U+6708 "月" */
    0x0, 0xf, 0xff, 0xff, 0xff, 0xff, 0xf3, 0x0,
    0xf, 0xfc, 0xcc, 0xcc, 0xcf, 0xf3, 0x0, 0xf,
    0xe0, 0x0, 0x0, 0xc, 0xf3, 0x0, 0xf, 0xe0,
    0x0, 0x0, 0xc, 0xf3, 0x0, 0xf, 0xff, 0xff,
    0xff, 0xff, 0xf3, 0x0, 0xf, 0xfc, 0xcc, 0xcc,
    0xcf, 0xf3, 0x0, 0xf, 0xd0, 0x0, 0x0, 0xc,
    0xf3, 0x0, 0x1f, 0xc0, 0x0, 0x0, 0xc, 0xf3,
    0x0, 0x4f, 0xff, 0xff, 0xff, 0xff, 0xf3, 0x0,
    0x8f, 0xdb, 0xbb, 0xbb, 0xbe, 0xf3, 0x0, 0xef,
    0x20, 0x0, 0x0, 0xc, 0xf3, 0x7, 0xfb, 0x0,
    0x0, 0x0, 0xc, 0xf3, 0x4f, 0xf3, 0x0, 0x0,
    0xad, 0xdf, 0xf1, 0xb, 0x60, 0x0, 0x0, 0x6f,
    0xfe, 0x70, 0x0, 0x0, 0x0, 0x0, 0x0, 0x0,
    0x0,

    /* U+6709 "有" */
    0x0, 0x0, 0x2, 0x73, 0x0, 0x0, 0x0, 0x0,
    0x0, 0x0, 0x7, 0xf8, 0x0, 0x0, 0x0, 0x0,
    0x1a, 0xaa, 0xae, 0xfc, 0xaa, 0xaa, 0xaa, 0xa1,
    0x1f, 0xff, 0xff, 0xff, 0xff, 0xff, 0xff, 0xf2,
    0x0, 0x0, 0xcf, 0x50, 0x0, 0x0, 0x0, 0x0,
    0x0, 0x6, 0xff, 0x99, 0x99, 0x99, 0x92, 0x0,
    0x0, 0x2f, 0xff, 0xff, 0xff, 0xff, 0xf5, 0x0,
    0x2, 0xef, 0xfa, 0x0, 0x0, 0x7, 0xf5, 0x0,
    0x3e, 0xfc, 0xff, 0xff, 0xff, 0xff, 0xf5, 0x0,
    0x1e, 0xa3, 0xfd, 0x99, 0x99, 0x9c, 0xf5, 0x0,
    0x1, 0x3, 0xfa, 0x0, 0x0, 0x7, 0xf5, 0x0,
    0x0, 0x3, 0xff, 0xff, 0xff, 0xff, 0xf5, 0x0,
    0x0, 0x3, 0xfc, 0x77, 0x77, 0x7b, 0xf5, 0x0,
    0x0, 0x3, 0xfa, 0x0, 0x8, 0xbd, 0xf4, 0x0,
    0x0, 0x3, 0xfa, 0x0, 0x7, 0xff, 0xb0, 0x0,
    0x0, 0x0, 0x0, 0x0, 0x0, 0x0, 0x0, 0x0,

    /* U+670D "服" */
    0x9, 0xff, 0xff, 0x9b, 0xff, 0xff, 0xff, 0xb0,
    0x9, 0xfb, 0xbf, 0x9b, 0xfb, 0xbb, 0xbf, 0xb0,
    0x9, 0xf0, 0x1f, 0x9b, 0xf0, 0x0, 0xf, 0xb0,
    0x9, 0xf9, 0xaf, 0x9b, 0xf0, 0x3d, 0xdf, 0xa0,
    0x9, 0xff, 0xff, 0x9b, 0xf0, 0x9, 0x97, 0x10,
    0x9, 0xf2, 0x3f, 0x9b, 0xfa, 0xaa, 0xaa, 0x91,
    0x9, 0xf0, 0x1f, 0x9b, 0xff, 0xff, 0xff, 0xf1,
    0xa, 0xfa, 0xbf, 0x9b, 0xfc, 0xe3, 0x3f, 0xc0,
    0xa, 0xff, 0xff, 0x9b, 0xf5, 0xf5, 0x5f, 0x70,
    0xc, 0xe0, 0x2f, 0x9b, 0xf0, 0xde, 0xdf, 0x10,
    0xe, 0xb0, 0x1f, 0x9b, 0xf0, 0x4f, 0xf7, 0x0,
    0x1f, 0x90, 0x1f, 0x9b, 0xf0, 0x7f, 0xfc, 0x10,
    0x6f, 0x59, 0xcf, 0x8b, 0xfa, 0xfd, 0x9f, 0xf5,
    0x3c, 0x8, 0xfd, 0x2b, 0xf5, 0xa0, 0x6, 0xc0,
    0x0, 0x0, 0x0, 0x0, 0x0, 0x0, 0x0, 0x0,

    /* U+671F "期" */
    0x0, 0xdd, 0x0, 0xfa, 0x0, 0x0, 0x0, 0x0,
    0xd, 0xd0, 0xf, 0xa0, 0xbf, 0xff, 0xff, 0xa,
    0xff, 0xaa, 0xfe, 0x7b, 0xfa, 0xae, 0xf1, 0xff,
    0xff, 0xff, 0xfb, 0xbf, 0x0, 0xcf, 0x0, 0xdd,
    0x0, 0xfa, 0xb, 0xf0, 0xc, 0xf0, 0xd, 0xfe,
    0xef, 0xa0, 0xbf, 0xff, 0xff, 0x0, 0xde, 0x88,
    0xfa, 0xb, 0xf9, 0x9e, 0xf0, 0xd, 0xe7, 0x7f,
    0xa0, 0xbf, 0x0, 0xcf, 0x0, 0xdf, 0xff, 0xfa,
    0xc, 0xf7, 0x7e, 0xf0, 0xd, 0xd0, 0xf, 0xa0,
    0xdf, 0xff, 0xff, 0x4f, 0xff, 0xff, 0xff, 0xae,
    0xc1, 0x1c, 0xf2, 0x9b, 0xc9, 0x9c, 0x97, 0xfa,
    0x0, 0xcf, 0x0, 0xcf, 0x38, 0xf6, 0x5f, 0x60,
    0xc, 0xf1, 0xbf, 0x80, 0xc, 0xfd, 0xf2, 0x5b,
    0xfe, 0x9, 0xa0, 0x0, 0x12, 0x5a, 0x4, 0xfe,
    0x60, 0x0, 0x0, 0x0, 0x0, 0x0, 0x0, 0x0,

    /* U+672A "未" */
    0x0, 0x0, 0x0, 0xf, 0xf0, 0x0, 0x0, 0x0,
    0x0, 0x0, 0x0, 0xf, 0xf0, 0x0, 0x0, 0x0,
    0x0, 0x0, 0x0, 0xf, 0xf0, 0x0, 0x0, 0x0,
    0x0, 0xef, 0xff, 0xff, 0xff, 0xff, 0xff, 0x0,
    0x0, 0xbc, 0xcc, 0xcf, 0xfc, 0xcc, 0xcc, 0x0,
    0x0, 0x0, 0x0, 0xf, 0xf0, 0x0, 0x0, 0x0,
    0x0, 0x0, 0x0, 0xf, 0xf0, 0x0, 0x0, 0x0,
    0x2f, 0xff, 0xff, 0xff, 0xff, 0xff, 0xff, 0xf3,
    0x1c, 0xcc, 0xcc, 0xff, 0xff, 0xcc, 0xcc, 0xc2,
    0x0, 0x0, 0x8, 0xff, 0xff, 0x80, 0x0, 0x0,
    0x0, 0x0, 0xaf, 0xcf, 0xfb, 0xf9, 0x0, 0x0,
    0x0, 0x3d, 0xfb, 0xf, 0xf0, 0xbf, 0xc3, 0x0,
    0x2a, 0xff, 0x90, 0xf, 0xf0, 0x9, 0xff, 0x92,
    0x2e, 0xe4, 0x0, 0xf, 0xf0, 0x0, 0x5e, 0xd1,
    0x2, 0x0, 0x0, 0xf, 0xf0, 0x0, 0x0, 0x20,

    /* U+672C "本" */
    0x0, 0x0, 0x0, 0xf, 0xf0, 0x0, 0x0, 0x0,
    0x0, 0x0, 0x0, 0xf, 0xf0, 0x0, 0x0, 0x0,
    0x0, 0x0, 0x0, 0xf, 0xf0, 0x0, 0x0, 0x0,
    0xa, 0xaa, 0xaa, 0xaf, 0xfa, 0xaa, 0xaa, 0xa1,
    0x1f, 0xff, 0xff, 0xff, 0xff, 0xff, 0xff, 0xf1,
    0x3, 0x33, 0x4f, 0xcf, 0xfd, 0xf4, 0x33, 0x30,
    0x0, 0x0, 0x8f, 0x6f, 0xf7, 0xf7, 0x0, 0x0,
    0x0, 0x1, 0xfe, 0xf, 0xf0, 0xff, 0x10, 0x0,
    0x0, 0xa, 0xf6, 0xf, 0xf0, 0x8f, 0xa0, 0x0,
    0x0, 0x6f, 0xc0, 0xf, 0xf0, 0xe, 0xf7, 0x0,
    0x4, 0xff, 0x30, 0xf, 0xf0, 0x5, 0xff, 0x60,
    0x4f, 0xfb, 0xff, 0xff, 0xff, 0xff, 0xcf, 0xf3,
    0xb, 0x65, 0xcc, 0xcf, 0xfc, 0xcc, 0x48, 0x80,
    0x0, 0x0, 0x0, 0xf, 0xf0, 0x0, 0x0, 0x0,
    0x0, 0x0, 0x0, 0xf, 0xf0, 0x0, 0x0, 0x0,

    /* U+6761 "条" */
    0x0, 0x0, 0x2, 0x41, 0x0, 0x0, 0x0, 0x0,
    0x0, 0x0, 0xc, 0xf7, 0x0, 0x1, 0x0, 0x0,
    0x0, 0x0, 0xbf, 0xff, 0xff, 0xff, 0xb0, 0x0,
    0x0, 0x2d, 0xff, 0x98, 0x88, 0xff, 0x70, 0x0,
    0x7, 0xff, 0xbf, 0xd3, 0x2d, 0xfa, 0x0, 0x0,
    0x2, 0xc4, 0x5, 0xff, 0xff, 0x80, 0x0, 0x0,
    0x0, 0x2, 0x6b, 0xff, 0xff, 0xd8, 0x41, 0x0,
    0x3b, 0xef, 0xff, 0xb4, 0x39, 0xff, 0xff, 0xe2,
    0xe, 0xc9, 0x51, 0xe, 0xd0, 0x4, 0x8b, 0x90,
    0x0, 0x79, 0x99, 0x9f, 0xf9, 0x99, 0x98, 0x0,
    0x0, 0xaf, 0xff, 0xff, 0xff, 0xff, 0xfd, 0x0,
    0x0, 0x2, 0xb5, 0xf, 0xe0, 0x49, 0x0, 0x0,
    0x0, 0x6f, 0xe2, 0xf, 0xe0, 0x6f, 0xd2, 0x0,
    0x7, 0xfc, 0x14, 0x8f, 0xe0, 0x4, 0xfe, 0x10,
    0x0, 0x50, 0x4, 0xff, 0x70, 0x0, 0x43, 0x0,
    0x0, 0x0, 0x0, 0x0, 0x0, 0x0, 0x0, 0x0,

    /* U+676F "杯" */
    0x0, 0xf, 0xb0, 0x0, 0x0, 0x0, 0x0, 0x0,
    0x0, 0xf, 0xb0, 0x68, 0x88, 0x88, 0x88, 0x81,
    0x0, 0xf, 0xb0, 0xcf, 0xff, 0xff, 0xff, 0xf2,
    0x0, 0x1f, 0xb0, 0x78, 0x88, 0xef, 0xa8, 0x81,
    0x4f, 0xff, 0xff, 0xa0, 0x2, 0xfe, 0x0, 0x0,
    0x2a, 0xcf, 0xea, 0x60, 0xc, 0xfa, 0x20, 0x0,
    0x0, 0x7f, 0xf6, 0x0, 0x8f, 0xff, 0xf5, 0x0,
    0x0, 0xdf, 0xff, 0x58, 0xff, 0xfb, 0xdf, 0x50,
    0x4, 0xff, 0xbc, 0xcf, 0xe5, 0xf9, 0x1e, 0xf3,
    0xc, 0xcf, 0xb2, 0xed, 0x22, 0xf9, 0x2, 0xb0,
    0x6f, 0x5f, 0xb0, 0x20, 0x2, 0xf9, 0x0, 0x0,
    0x4c, 0xf, 0xb0, 0x0, 0x2, 0xf9, 0x0, 0x0,
    0x1, 0xf, 0xb0, 0x0, 0x2, 0xf9, 0x0, 0x0,
    0x0, 0xf, 0xb0, 0x0, 0x2, 0xf9, 0x0, 0x0,
    0x0, 0xf, 0xb0, 0x0, 0x2, 0xf9, 0x0, 0x0,
    0x0, 0x0, 0x0, 0x0, 0x0, 0x0, 0x0, 0x0,

    /* U+677F "板" */
    0x0, 0x1f, 0xa0, 0x0, 0x0, 0x0, 0x5, 0x30,
    0x0, 0x1f, 0xa0, 0x6, 0x89, 0xbd, 0xff, 0xe1,
    0x0, 0x1f, 0xa0, 0xd, 0xff, 0xfd, 0xa7, 0x30,
    0xa, 0xbf, 0xea, 0x3d, 0xe0, 0x0, 0x0, 0x0,
    0x1f, 0xff, 0xff, 0x5d, 0xe0, 0x0, 0x1, 0x0,
    0x2, 0x6f, 0xd2, 0xd, 0xff, 0xff, 0xff, 0xd0,
    0x0, 0x8f, 0xf5, 0xe, 0xff, 0xd9, 0x9f, 0xc0,
    0x0, 0xef, 0xff, 0x1e, 0xdc, 0xc0, 0x4f, 0x80,
    0x4, 0xff, 0xae, 0x5f, 0xc7, 0xf2, 0x9f, 0x30,
    0xc, 0xbf, 0xa3, 0x2f, 0x92, 0xfa, 0xfd, 0x0,
    0x4f, 0x4f, 0xa0, 0x5f, 0x70, 0xbf, 0xf6, 0x0,
    0xa, 0x1f, 0xa0, 0xaf, 0x30, 0x8f, 0xf1, 0x0,
    0x0, 0x1f, 0xa1, 0xfe, 0x8, 0xff, 0xfd, 0x20,
    0x0, 0x1f, 0xa9, 0xf9, 0xdf, 0xd2, 0xaf, 0xf6,
    0x0, 0x1f, 0xa6, 0xc0, 0xa9, 0x0, 0x7, 0xd1,
    0x0, 0x0, 0x0, 0x0, 0x0, 0x0, 0x0, 0x0,

    /* U+6784 "构" */
    0x0, 0x1f, 0xb0, 0x0, 0xc8, 0x0, 0x0, 0x0,
    0x0, 0x1f, 0xb0, 0x3, 0xf9, 0x0, 0x0, 0x0,
    0x0, 0x1f, 0xb0, 0x9, 0xf6, 0x22, 0x23, 0x20,
    0x2a, 0xaf, 0xea, 0x3e, 0xff, 0xff, 0xff, 0xf2,
    0x3f, 0xff, 0xff, 0xcf, 0xc9, 0x99, 0x9e, 0xf1,
    0x0, 0x5f, 0xc3, 0xfe, 0x45, 0x0, 0xb, 0xf1,
    0x0, 0x9f, 0xf5, 0x85, 0xaf, 0x10, 0xc, 0xf0,
    0x0, 0xff, 0xff, 0x10, 0xfb, 0x21, 0xc, 0xf0,
    0x6, 0xff, 0xbe, 0x76, 0xf5, 0xf8, 0xd, 0xf0,
    0xe, 0xbf, 0xb4, 0xd, 0xe5, 0xde, 0xe, 0xe0,
    0x5f, 0x5f, 0xb0, 0x7f, 0xff, 0xef, 0x5f, 0xd0,
    0x9, 0x1f, 0xb0, 0x49, 0x51, 0x9, 0x5f, 0xb0,
    0x0, 0x1f, 0xb0, 0x0, 0x0, 0x0, 0x4f, 0x90,
    0x0, 0x1f, 0xb0, 0x0, 0x0, 0x9b, 0xef, 0x50,
    0x0, 0x1f, 0xb0, 0x0, 0x0, 0x8f, 0xfa, 0x0,
    0x0, 0x0, 0x0, 0x0, 0x0, 0x0, 0x0, 0x0,

    /* U+6790 "析" */
    0x0, 0xf, 0xb0, 0x0, 0x0, 0x1, 0x72, 0x0,
    0x0, 0xf, 0xb0, 0x1, 0x48, 0xcf, 0xfe, 0x10,
    0x0, 0xf, 0xb0, 0x9, 0xff, 0xfb, 0x72, 0x0,
    0x17, 0x7f, 0xd7, 0x79, 0xf4, 0x0, 0x0, 0x0,
    0x3f, 0xff, 0xff, 0xf9, 0xf2, 0x0, 0x0, 0x0,
    0x4, 0x7f, 0xd4, 0x39, 0xf7, 0x66, 0x66, 0x61,
    0x0, 0x9f, 0xf3, 0x9, 0xff, 0xff, 0xff, 0xf4,
    0x0, 0xef, 0xfe, 0x19, 0xf6, 0x5c, 0xf7, 0x51,
    0x6, 0xff, 0xdf, 0xaa, 0xf1, 0xa, 0xf2, 0x0,
    0xe, 0xbf, 0xb8, 0x4b, 0xf0, 0xa, 0xf2, 0x0,
    0x7f, 0x4f, 0xb0, 0xd, 0xd0, 0xa, 0xf2, 0x0,
    0x2b, 0xf, 0xb0, 0xf, 0xb0, 0xa, 0xf2, 0x0,
    0x0, 0xf, 0xb0, 0x4f, 0x70, 0xa, 0xf2, 0x0,
    0x0, 0xf, 0xb0, 0xaf, 0x10, 0xa, 0xf2, 0x0,
    0x0, 0xf, 0xb0, 0x58, 0x0, 0xa, 0xf2, 0x0,

    /* U+679C "果" */
    0x0, 0xcf, 0xff, 0xff, 0xff, 0xff, 0xf4, 0x0,
    0x0, 0xcf, 0xee, 0xef, 0xfe, 0xef, 0xf4, 0x0,
    0x0, 0xcf, 0x43, 0x4f, 0xd3, 0x3c, 0xf4, 0x0,
    0x0, 0xcf, 0xff, 0xff, 0xff, 0xff, 0xf4, 0x0,
    0x0, 0xcf, 0x53, 0x4f, 0xd3, 0x3c, 0xf4, 0x0,
    0x0, 0xcf, 0x99, 0x9f, 0xe9, 0x9e, 0xf4, 0x0,
    0x0, 0xbf, 0xff, 0xff, 0xff, 0xff, 0xf3, 0x0,
    0x0, 0x0, 0x0, 0x2f, 0xd0, 0x0, 0x0, 0x0,
    0x4f, 0xff, 0xff, 0xff, 0xff, 0xff, 0xff, 0xf0,
    0x2a, 0xaa, 0xae, 0xff, 0xff, 0xda, 0xaa, 0xa0,
    0x0, 0x1, 0xaf, 0xdf, 0xed, 0xf8, 0x10, 0x0,
    0x2, 0x8f, 0xf9, 0x1f, 0xd1, 0xaf, 0xf8, 0x20,
    0x5f, 0xfb, 0x30, 0x1f, 0xd0, 0x4, 0xdf, 0xe1,
    0x6, 0x30, 0x0, 0x1f, 0xd0, 0x0, 0x4, 0x20,

    /* U+6807 "标" */
    0x0, 0x1f, 0xb0, 0x0, 0x0, 0x0, 0x0, 0x0,
    0x0, 0x1f, 0xb0, 0x4, 0xaa, 0xaa, 0xaa, 0x60,
    0x0, 0x1f, 0xb0, 0x7, 0xff, 0xff, 0xff, 0xa0,
    0x27, 0x8f, 0xd7, 0x40, 0x0, 0x0, 0x0, 0x0,
    0x5f, 0xff, 0xff, 0xa0, 0x0, 0x0, 0x0, 0x0,
    0x14, 0xaf, 0xe4, 0x4b, 0xbb, 0xbb, 0xbb, 0xb5,
    0x0, 0xcf, 0xf7, 0x2f, 0xff, 0xff, 0xff, 0xf7,
    0x2, 0xff, 0xff, 0x50, 0x0, 0xfd, 0x0, 0x0,
    0x9, 0xff, 0xbb, 0x94, 0x60, 0xfd, 0x27, 0x10,
    0x2f, 0xaf, 0xb2, 0xb, 0xf0, 0xfd, 0x3f, 0x70,
    0x6f, 0x3f, 0xb0, 0x1f, 0xa0, 0xfd, 0xd, 0xe0,
    0x6, 0x1f, 0xb0, 0x8f, 0x40, 0xfd, 0x8, 0xf3,
    0x0, 0x1f, 0xb1, 0xfc, 0x0, 0xfd, 0x4, 0xf8,
    0x0, 0x1f, 0xb0, 0x32, 0x9d, 0xfd, 0x0, 0x82,
    0x0, 0x1f, 0xb0, 0x0, 0x6f, 0xd5, 0x0, 0x0,
    0x0, 0x1, 0x0, 0x0, 0x0, 0x0, 0x0, 0x0,

    /* U+680F "栏" */
    0x0, 0x1f, 0xa0, 0x1, 0x92, 0x0, 0x4a, 0x40,
    0x0, 0x1f, 0xa0, 0x2, 0xfb, 0x0, 0xaf, 0x30,
    0x0, 0x1f, 0xa0, 0x0, 0xaf, 0x31, 0xfc, 0x0,
    0x8, 0x9f, 0xd9, 0x30, 0x3c, 0x38, 0xf4, 0x0,
    0xf, 0xff, 0xff, 0x8f, 0xff, 0xff, 0xff, 0xf1,
    0x2, 0x6f, 0xc2, 0x3b, 0xbb, 0xbb, 0xbb, 0xb1,
    0x0, 0x7f, 0xf5, 0x0, 0x0, 0x0, 0x0, 0x0,
    0x0, 0xcf, 0xff, 0x20, 0x0, 0x0, 0x0, 0x0,
    0x3, 0xff, 0xdf, 0x86, 0xbb, 0xbb, 0xbb, 0x40,
    0xb, 0xef, 0xa6, 0x9, 0xff, 0xff, 0xff, 0x60,
    0x3f, 0x8f, 0xa0, 0x0, 0x0, 0x0, 0x0, 0x0,
    0xd, 0x2f, 0xa0, 0x0, 0x0, 0x0, 0x0, 0x0,
    0x1, 0x1f, 0xa0, 0x0, 0x0, 0x0, 0x0, 0x0,
    0x0, 0x1f, 0xa0, 0xef, 0xff, 0xff, 0xff, 0xf7,
    0x0, 0x1f, 0xa0, 0xab, 0xbb, 0xbb, 0xbb, 0xb5,

    /* U+6837 "样" */
    0x0, 0xaf, 0x10, 0x8, 0xb0, 0x0, 0x6c, 0x40,
    0x0, 0xaf, 0x10, 0xa, 0xf5, 0x0, 0xbf, 0x30,
    0x0, 0xaf, 0x10, 0x3, 0xfb, 0x1, 0xfc, 0x0,
    0x49, 0xef, 0xa6, 0x59, 0xfa, 0x9c, 0xfd, 0x90,
    0x8f, 0xff, 0xfa, 0x9f, 0xff, 0xff, 0xff, 0xf1,
    0x1, 0xcf, 0x30, 0x0, 0x3, 0xfa, 0x0, 0x0,
    0x0, 0xff, 0xa0, 0x1, 0x13, 0xfb, 0x11, 0x0,
    0x4, 0xff, 0xf6, 0x2f, 0xff, 0xff, 0xff, 0x90,
    0xa, 0xff, 0xcf, 0x29, 0x9a, 0xfe, 0x99, 0x50,
    0x2f, 0xff, 0x47, 0x0, 0x2, 0xfa, 0x0, 0x0,
    0xaf, 0xbf, 0x10, 0xff, 0xff, 0xff, 0xff, 0xf5,
    0x58, 0xaf, 0x10, 0xcc, 0xcc, 0xfe, 0xcc, 0xc4,
    0x0, 0xaf, 0x10, 0x0, 0x2, 0xfa, 0x0, 0x0,
    0x0, 0xaf, 0x10, 0x0, 0x2, 0xfa, 0x0, 0x0,
    0x0, 0xaf, 0x10, 0x0, 0x2, 0xfa, 0x0, 0x0,
    0x0, 0x0, 0x0, 0x0, 0x0, 0x0, 0x0, 0x0,

    /* U+6839 "根" */
    0x0, 0x1f, 0x90, 0x0, 0x0, 0x0, 0x0, 0x0,
    0x0, 0x1f, 0x90, 0xf, 0xff, 0xff, 0xff, 0x0,
    0x0, 0x1f, 0x90, 0xf, 0xe9, 0x99, 0xef, 0x0,
    0x39, 0xaf, 0xd9, 0x2f, 0xc0, 0x0, 0xcf, 0x0,
    0x5f, 0xff, 0xff, 0x4f, 0xff, 0xff, 0xff, 0x0,
    0x1, 0x6f, 0xb1, 0xf, 0xe7, 0x77, 0xdf, 0x0,
    0x0, 0x9f, 0xf2, 0xf, 0xc0, 0x0, 0xcf, 0x0,
    0x0, 0xef, 0xfb, 0xf, 0xff, 0xff, 0xff, 0x0,
    0x5, 0xff, 0xcf, 0x5f, 0xe9, 0xfb, 0x8a, 0x0,
    0xd, 0xcf, 0x97, 0xf, 0xc0, 0xdb, 0x2e, 0x90,
    0x6f, 0x5f, 0x90, 0xf, 0xc0, 0x8f, 0xfd, 0x30,
    0x1b, 0x1f, 0x90, 0xf, 0xc0, 0x1f, 0xe1, 0x0,
    0x0, 0x1f, 0x90, 0xf, 0xc4, 0x79, 0xfb, 0x10,
    0x0, 0x1f, 0x90, 0x7f, 0xff, 0xf2, 0xbf, 0xe1,
    0x0, 0x1f, 0x90, 0x5d, 0x84, 0x0, 0x8, 0x70,
    0x0, 0x0, 0x0, 0x0, 0x0, 0x0, 0x0, 0x0,

    /* U+683C "格" */
    0x0, 0x1f, 0xa0, 0x0, 0xb, 0x90, 0x0, 0x0,
    0x0, 0x1f, 0xa0, 0x0, 0x4f, 0xa0, 0x0, 0x0,
    0x0, 0x1f, 0xa0, 0x0, 0xdf, 0xff, 0xff, 0x70,
    0x0, 0x2f, 0xa0, 0x7, 0xff, 0xee, 0xff, 0x60,
    0x3f, 0xff, 0xff, 0xcf, 0xfb, 0x1, 0xfe, 0x0,
    0x2a, 0xbf, 0xea, 0xef, 0xaf, 0x9c, 0xf5, 0x0,
    0x0, 0x7f, 0xe2, 0x24, 0xb, 0xff, 0x80, 0x0,
    0x0, 0xdf, 0xfe, 0x10, 0x4e, 0xff, 0xd3, 0x0,
    0x3, 0xff, 0xbf, 0x8b, 0xff, 0x77, 0xff, 0xc6,
    0xb, 0xef, 0xa5, 0xff, 0xfb, 0x99, 0xbf, 0xf5,
    0x4f, 0x7f, 0xa0, 0x5c, 0xff, 0xff, 0xff, 0x90,
    0x4e, 0x1f, 0xa0, 0xa, 0xf0, 0x0, 0x3f, 0x80,
    0x3, 0x1f, 0xa0, 0xa, 0xf0, 0x0, 0x3f, 0x80,
    0x0, 0x1f, 0xa0, 0xa, 0xfa, 0x99, 0xbf, 0x80,
    0x0, 0x1f, 0xa0, 0xa, 0xff, 0xff, 0xff, 0x80,
    0x0, 0x0, 0x0, 0x0, 0x10, 0x0, 0x0, 0x0,

    /* U+6846 "框" */
    0x0, 0x9f, 0x10, 0x0, 0x0, 0x0, 0x0, 0x0,
    0x0, 0x9f, 0x10, 0xff, 0xff, 0xff, 0xff, 0xf0,
    0x0, 0x9f, 0x10, 0xfe, 0xaa, 0xaa, 0xaa, 0xa0,
    0x7b, 0xef, 0xb7, 0xfb, 0x34, 0x44, 0x44, 0x20,
    0xaf, 0xff, 0xfa, 0xfb, 0xef, 0xff, 0xff, 0x70,
    0x0, 0xdf, 0x50, 0xfb, 0x34, 0xbf, 0x44, 0x10,
    0x2, 0xff, 0xf3, 0xfb, 0x0, 0xaf, 0x10, 0x0,
    0x8, 0xff, 0xed, 0xfb, 0xaf, 0xff, 0xff, 0x30,
    0x1f, 0xff, 0x59, 0xfb, 0x58, 0xdf, 0x98, 0x10,
    0x9f, 0xaf, 0x10, 0xfb, 0x0, 0xaf, 0x10, 0x0,
    0xa9, 0x9f, 0x10, 0xfb, 0xcc, 0xef, 0xcc, 0x70,
    0x21, 0x9f, 0x10, 0xfb, 0xcc, 0xcc, 0xcc, 0x70,
    0x0, 0x9f, 0x10, 0xfb, 0x0, 0x0, 0x0, 0x0,
    0x0, 0x9f, 0x10, 0xff, 0xff, 0xff, 0xff, 0xf4,
    0x0, 0x9f, 0x10, 0xaa, 0xaa, 0xaa, 0xaa, 0xa3,

    /* U+6848 "案" */
    0x0, 0x0, 0x0, 0x17, 0x30, 0x0, 0x0, 0x0,
    0x6, 0x77, 0x77, 0x9f, 0xd7, 0x77, 0x77, 0x60,
    0xd, 0xff, 0xff, 0xff, 0xff, 0xff, 0xff, 0xe0,
    0xd, 0xc0, 0x1, 0xdc, 0x0, 0x0, 0xd, 0xd0,
    0x1f, 0xff, 0xff, 0xff, 0xff, 0xff, 0xff, 0xf1,
    0x8, 0x88, 0xef, 0x88, 0x89, 0xff, 0x88, 0x81,
    0x0, 0xa, 0xfe, 0x96, 0x4d, 0xf5, 0x0, 0x0,
    0x0, 0x5, 0x8b, 0xff, 0xff, 0xd5, 0x10, 0x0,
    0x6, 0x8a, 0xcf, 0xfe, 0x9b, 0xff, 0xfb, 0x40,
    0x9, 0xec, 0x97, 0x3a, 0x90, 0x4, 0xad, 0x20,
    0x29, 0x99, 0x99, 0x9f, 0xf9, 0x99, 0x99, 0x92,
    0x3f, 0xff, 0xff, 0xff, 0xff, 0xff, 0xff, 0xf4,
    0x0, 0x1, 0x7e, 0xef, 0xfe, 0xe8, 0x20, 0x0,
    0x39, 0xdf, 0xe8, 0xf, 0xd0, 0x7e, 0xfe, 0xa4,
    0xb, 0x95, 0x0, 0xf, 0xd0, 0x0, 0x49, 0xb0,

    /* U+684C "桌" */
    0x0, 0x0, 0x0, 0x3f, 0xa0, 0x0, 0x0, 0x0,
    0x0, 0x0, 0x0, 0x3f, 0xff, 0xff, 0xff, 0x70,
    0x0, 0x0, 0x0, 0x3f, 0xc7, 0x77, 0x77, 0x30,
    0x0, 0x12, 0x22, 0x5f, 0xb2, 0x22, 0x21, 0x0,
    0x0, 0xbf, 0xff, 0xff, 0xff, 0xff, 0xfb, 0x0,
    0x0, 0xbf, 0x76, 0x66, 0x66, 0x68, 0xfb, 0x0,
    0x0, 0xbf, 0xff, 0xff, 0xff, 0xff, 0xfb, 0x0,
    0x0, 0xbf, 0x43, 0x33, 0x33, 0x35, 0xfb, 0x0,
    0x0, 0xbf, 0xff, 0xff, 0xff, 0xff, 0xfb, 0x0,
    0x0, 0x12, 0x22, 0x3f, 0xc2, 0x22, 0x21, 0x0,
    0x5f, 0xff, 0xff, 0xff, 0xff, 0xff, 0xff, 0xf1,
    0x27, 0x77, 0x7e, 0xff, 0xff, 0xc7, 0x77, 0x70,
    0x0, 0x17, 0xee, 0x6f, 0xc7, 0xfd, 0x60, 0x0,
    0x3b, 0xff, 0x91, 0x1f, 0xc0, 0x3b, 0xff, 0xb1,
    0xa, 0x81, 0x0, 0x1f, 0xc0, 0x0, 0x39, 0x80,

    /* U+6863 "档" */
    0x0, 0x1f, 0xa0, 0x0, 0x1, 0xfa, 0x0, 0x0,
    0x0, 0x1f, 0xa0, 0x4c, 0x11, 0xfa, 0x7, 0xa1,
    0x0, 0x1f, 0xa0, 0x4f, 0x71, 0xfa, 0xd, 0xe0,
    0x17, 0x8f, 0xd7, 0x4e, 0xc1, 0xfa, 0x3f, 0x80,
    0x2f, 0xff, 0xff, 0x89, 0xf3, 0xfa, 0x8f, 0x10,
    0x5, 0xaf, 0xc5, 0x23, 0x31, 0xfa, 0x46, 0x0,
    0x0, 0xaf, 0xf2, 0x6b, 0xbb, 0xfe, 0xbb, 0xb0,
    0x0, 0xff, 0xfc, 0x8f, 0xff, 0xff, 0xff, 0xf0,
    0x5, 0xff, 0xcf, 0x70, 0x0, 0x0, 0xc, 0xf0,
    0xc, 0xdf, 0xa9, 0x59, 0x99, 0x99, 0x9e, 0xf0,
    0x5f, 0x7f, 0xa0, 0x5f, 0xff, 0xff, 0xff, 0xf0,
    0x3e, 0x1f, 0xa0, 0x0, 0x0, 0x0, 0xc, 0xf0,
    0x4, 0x1f, 0xa0, 0x0, 0x0, 0x0, 0xc, 0xf0,
    0x0, 0x1f, 0xa0, 0xff, 0xff, 0xff, 0xff, 0xf0,
    0x0, 0x1f, 0xa0, 0xab, 0xbb, 0xbb, 0xbf, 0xf0,

    /* U+691C "検" */
    0x0, 0x1f, 0x90, 0x0, 0x6, 0xfd, 0x0, 0x0,
    0x0, 0x1f, 0x90, 0x0, 0x3f, 0xff, 0xa0, 0x0,
    0x0, 0x1f, 0x90, 0x3, 0xef, 0x6d, 0xfa, 0x0,
    0x4, 0x5f, 0xb4, 0x6f, 0xf6, 0x1, 0xdf, 0xd3,
    0x1f, 0xff, 0xff, 0xff, 0xfe, 0xee, 0xef, 0xfa,
    0x7, 0x9f, 0xc7, 0x62, 0xaa, 0xfd, 0xa7, 0x41,
    0x0, 0x7f, 0xc0, 0x24, 0x45, 0xfb, 0x44, 0x40,
    0x0, 0xcf, 0xf6, 0x7f, 0xff, 0xff, 0xff, 0xf0,
    0x2, 0xff, 0xef, 0x9f, 0x23, 0xf9, 0x1a, 0xf0,
    0x9, 0xdf, 0xac, 0x9f, 0x55, 0xfa, 0x4b, 0xf0,
    0x2f, 0x7f, 0x91, 0x7f, 0xff, 0xff, 0xff, 0xf0,
    0x2d, 0x1f, 0x90, 0x12, 0x2c, 0xff, 0x82, 0x20,
    0x1, 0x1f, 0x90, 0x0, 0x9f, 0x9c, 0xf6, 0x0,
    0x0, 0x1f, 0x91, 0x7d, 0xf9, 0x1, 0xdf, 0xc5,
    0x0, 0x1f, 0x90, 0xdb, 0x30, 0x0, 0x7, 0xe2,
    0x0, 0x0, 0x0, 0x0, 0x0, 0x0, 0x0, 0x0,

    /* U+6A21 "模" */
    0x0, 0xaf, 0x10, 0x2, 0xf9, 0x8, 0xf3, 0x0,
    0x0, 0xaf, 0x10, 0x78, 0xfc, 0x7b, 0xf9, 0x70,
    0x0, 0xaf, 0x11, 0xff, 0xff, 0xff, 0xff, 0xf1,
    0x49, 0xdf, 0xa5, 0x2, 0xf9, 0x8, 0xf4, 0x0,
    0x6f, 0xff, 0xf8, 0x7c, 0xcc, 0xcc, 0xcc, 0x30,
    0x0, 0xcf, 0x30, 0x9f, 0x76, 0x66, 0xaf, 0x50,
    0x0, 0xef, 0xc0, 0x9f, 0xee, 0xee, 0xff, 0x50,
    0x4, 0xff, 0xf7, 0x9f, 0x54, 0x44, 0x9f, 0x50,
    0xa, 0xff, 0xbe, 0x9f, 0xcb, 0xbb, 0xdf, 0x50,
    0x2f, 0xff, 0x55, 0x58, 0x8c, 0xfa, 0x88, 0x20,
    0x9f, 0xbf, 0x13, 0x77, 0x7c, 0xf8, 0x77, 0x70,
    0x49, 0xaf, 0x17, 0xff, 0xff, 0xff, 0xff, 0xf1,
    0x1, 0xaf, 0x10, 0x2, 0xcf, 0x9f, 0xc2, 0x0,
    0x0, 0xaf, 0x15, 0xaf, 0xf7, 0x6, 0xff, 0x92,
    0x0, 0xaf, 0x15, 0xe9, 0x20, 0x0, 0x3a, 0xb0,

    /* U+6A2A "横" */
    0x0, 0x1f, 0x90, 0x0, 0xbf, 0x1, 0xfa, 0x0,
    0x0, 0x1f, 0x90, 0x49, 0xef, 0x99, 0xfd, 0x94,
    0x0, 0x1f, 0x90, 0x6f, 0xff, 0xff, 0xff, 0xf6,
    0x7, 0x8f, 0xc7, 0x10, 0xbf, 0x1, 0xfa, 0x0,
    0x1f, 0xff, 0xff, 0xed, 0xff, 0xde, 0xff, 0xdb,
    0x3, 0x7f, 0xb3, 0xbb, 0xbb, 0xff, 0xbb, 0xb9,
    0x0, 0x8f, 0xd0, 0x14, 0x44, 0xfd, 0x44, 0x41,
    0x0, 0xdf, 0xf7, 0x4f, 0xff, 0xff, 0xff, 0xf4,
    0x3, 0xff, 0xef, 0x6f, 0x50, 0xfc, 0x6, 0xf4,
    0xa, 0xdf, 0xac, 0x6f, 0xff, 0xff, 0xff, 0xf4,
    0x3f, 0x7f, 0x91, 0x4f, 0x62, 0xfc, 0x27, 0xf4,
    0x2e, 0x1f, 0x90, 0x4f, 0xee, 0xff, 0xee, 0xf4,
    0x2, 0x1f, 0x90, 0x16, 0xda, 0x55, 0x9a, 0x51,
    0x0, 0x1f, 0x90, 0x5d, 0xfc, 0x0, 0xbf, 0xc3,
    0x0, 0x1f, 0x91, 0xbc, 0x50, 0x0, 0x4, 0xd6,
    0x0, 0x0, 0x0, 0x0, 0x0, 0x0, 0x0, 0x0,

    /* U+6A61 "橡" */
    0x0, 0x0, 0x0, 0x0, 0x0, 0x0, 0x0, 0x0,
    0x0, 0x8f, 0x10, 0x0, 0xcc, 0x0, 0x0, 0x0,
    0x0, 0x8f, 0x10, 0x5, 0xff, 0xff, 0xd2, 0x0,
    0x0, 0x8f, 0x10, 0x1e, 0xd5, 0x5f, 0xe0, 0x0,
    0x49, 0xcf, 0x94, 0xcf, 0x85, 0x8f, 0xa5, 0x30,
    0x7f, 0xff, 0xff, 0xff, 0xff, 0xff, 0xff, 0xa0,
    0x2, 0xdf, 0x52, 0xaf, 0x11, 0xf5, 0xf, 0xa0,
    0x1, 0xff, 0xe1, 0x7f, 0xff, 0xff, 0xff, 0xa0,
    0x6, 0xff, 0xdc, 0x25, 0xdf, 0x95, 0x58, 0x40,
    0xc, 0xff, 0x47, 0x7d, 0xec, 0xe1, 0x7f, 0x90,
    0x4f, 0xdf, 0x10, 0x96, 0x5d, 0xff, 0xfb, 0x0,
    0xae, 0x8f, 0x11, 0x6d, 0xe7, 0xdf, 0xac, 0x0,
    0x36, 0x8f, 0x16, 0xd7, 0x4d, 0xff, 0x3f, 0x50,
    0x0, 0x8f, 0x10, 0x4b, 0xf8, 0x9f, 0xc, 0xe1,
    0x0, 0x8f, 0x17, 0xfa, 0x77, 0xec, 0x3, 0xe2,
    0x0, 0x8f, 0x10, 0x10, 0x7f, 0xd3, 0x0, 0x10,
    0x0, 0x1, 0x0, 0x0, 0x0, 0x0, 0x0, 0x0,

    /* U+6B63 "正" */
    0x3, 0xaa, 0xaa, 0xaa, 0xaa, 0xaa, 0xaa, 0xa2,
    0x5, 0xff, 0xff, 0xff, 0xff, 0xff, 0xff, 0xf4,
    0x0, 0x22, 0x22, 0x23, 0xfe, 0x22, 0x22, 0x20,
    0x0, 0x0, 0x0, 0x1, 0xfd, 0x0, 0x0, 0x0,
    0x0, 0x3, 0x20, 0x1, 0xfd, 0x0, 0x0, 0x0,
    0x0, 0x1f, 0xd0, 0x1, 0xfd, 0x0, 0x0, 0x0,
    0x0, 0x1f, 0xd0, 0x1, 0xff, 0xff, 0xff, 0x70,
    0x0, 0x1f, 0xd0, 0x1, 0xff, 0xbb, 0xbb, 0x50,
    0x0, 0x1f, 0xd0, 0x1, 0xfd, 0x0, 0x0, 0x0,
    0x0, 0x1f, 0xd0, 0x1, 0xfd, 0x0, 0x0, 0x0,
    0x0, 0x1f, 0xd0, 0x1, 0xfd, 0x0, 0x0, 0x0,
    0x0, 0x1f, 0xd0, 0x1, 0xfd, 0x0, 0x0, 0x0,
    0x1f, 0xff, 0xff, 0xff, 0xff, 0xff, 0xff, 0xfb,
    0x1c, 0xcc, 0xcc, 0xcc, 0xcc, 0xcc, 0xcc, 0xc9,

    /* U+6B64 "此" */
    0x0, 0x0, 0xf, 0xe0, 0xd, 0xf1, 0x0, 0x0,
    0x0, 0x0, 0xf, 0xe0, 0xd, 0xf1, 0x0, 0x0,
    0x0, 0x0, 0xf, 0xe0, 0xd, 0xf1, 0x0, 0x0,
    0x0, 0x64, 0xf, 0xe0, 0xd, 0xf1, 0x0, 0x0,
    0x1, 0xfb, 0xf, 0xe0, 0xd, 0xf1, 0x1c, 0x60,
    0x1, 0xfb, 0xf, 0xfc, 0xad, 0xf7, 0xff, 0xd0,
    0x1, 0xfb, 0xf, 0xff, 0xcd, 0xff, 0xf8, 0x0,
    0x1, 0xfb, 0xf, 0xe0, 0xd, 0xf9, 0x10, 0x0,
    0x1, 0xfb, 0xf, 0xe0, 0xd, 0xf1, 0x0, 0x0,
    0x1, 0xfb, 0xf, 0xe0, 0xd, 0xf1, 0x0, 0x0,
    0x1, 0xfb, 0xf, 0xe0, 0xd, 0xf1, 0x0, 0x20,
    0x1, 0xfb, 0xf, 0xe0, 0xd, 0xf1, 0x1, 0xf7,
    0x1, 0xfb, 0x4f, 0xfc, 0xbc, 0xf1, 0x3, 0xf8,
    0x2c, 0xff, 0xff, 0xff, 0xbb, 0xfd, 0xce, 0xf5,
    0x1f, 0xfc, 0x96, 0x30, 0x4, 0xef, 0xff, 0xb0,
    0x2, 0x0, 0x0, 0x0, 0x0, 0x0, 0x0, 0x0,

    /* U+6B65 "步" */
    0x0, 0x0, 0x0, 0xa, 0xf4, 0x0, 0x0, 0x0,
    0x0, 0x7, 0x70, 0xa, 0xf5, 0x0, 0x0, 0x0,
    0x0, 0xf, 0xe0, 0xa, 0xff, 0xff, 0xff, 0x0,
    0x0, 0xf, 0xe0, 0xa, 0xfc, 0xaa, 0xa9, 0x0,
    0x0, 0xf, 0xe0, 0xa, 0xf4, 0x0, 0x0, 0x0,
    0x2d, 0xdf, 0xfd, 0xdf, 0xfe, 0xdd, 0xdd, 0xd2,
    0x2c, 0xcc, 0xcc, 0xcf, 0xfd, 0xcc, 0xcc, 0xc2,
    0x0, 0x0, 0x94, 0xd, 0xf1, 0x0, 0x52, 0x0,
    0x0, 0xa, 0xfa, 0xd, 0xf1, 0x2, 0xff, 0x10,
    0x0, 0xaf, 0xc0, 0xd, 0xf1, 0x1d, 0xf7, 0x0,
    0x9, 0xfd, 0x10, 0xd, 0xf4, 0xdf, 0xb0, 0x0,
    0x0, 0x81, 0x0, 0x8, 0xff, 0xfa, 0x0, 0x0,
    0x0, 0x0, 0x4, 0xaf, 0xff, 0x60, 0x0, 0x0,
    0x7, 0x9c, 0xff, 0xfe, 0x81, 0x0, 0x0, 0x0,
    0xb, 0xff, 0xd9, 0x40, 0x0, 0x0, 0x0, 0x0,
    0x2, 0x31, 0x0, 0x0, 0x0, 0x0, 0x0, 0x0,

    /* U+6B8B "残" */
    0x0, 0x0, 0x0, 0x0, 0xd, 0xf1, 0x81, 0x0,
    0x5f, 0xff, 0xff, 0xf1, 0xc, 0xf5, 0xfe, 0x20,
    0x3a, 0xdf, 0xba, 0xa0, 0xc, 0xf0, 0x3a, 0x20,
    0x0, 0xbf, 0x0, 0x0, 0x3d, 0xfb, 0xdf, 0xb0,
    0x0, 0xee, 0x99, 0x5e, 0xff, 0xff, 0xfd, 0x90,
    0x3, 0xff, 0xff, 0xa8, 0x9c, 0xf4, 0x0, 0x0,
    0x9, 0xf3, 0x2f, 0x80, 0x7, 0xf8, 0x7a, 0xd1,
    0x1f, 0xc0, 0x5f, 0x7a, 0xcf, 0xff, 0xfe, 0xb2,
    0x8f, 0x8d, 0xcf, 0x3f, 0xcb, 0xfb, 0x15, 0x70,
    0x19, 0x4e, 0xfb, 0x0, 0x0, 0xfc, 0x3f, 0xe1,
    0x0, 0x8, 0xf4, 0x0, 0x0, 0xcf, 0xfe, 0x20,
    0x0, 0x2f, 0xc0, 0x0, 0x2, 0xcf, 0xe2, 0x10,
    0x2, 0xef, 0x30, 0x4, 0xaf, 0xff, 0xd0, 0xc5,
    0x2f, 0xf5, 0x0, 0xbf, 0xfc, 0x3a, 0xfd, 0xf5,
    0x9, 0x50, 0x0, 0x29, 0x30, 0x0, 0xbf, 0xc0,

    /* U+6BB5 "段" */
    0x0, 0x0, 0x29, 0x40, 0x0, 0x0, 0x0, 0x0,
    0x1, 0x6b, 0xff, 0xe1, 0xdf, 0xff, 0xf3, 0x0,
    0x8, 0xfe, 0x94, 0x0, 0xde, 0x8c, 0xf3, 0x0,
    0x8, 0xf3, 0x0, 0x0, 0xed, 0x7, 0xf3, 0x0,
    0x8, 0xff, 0xff, 0x71, 0xfb, 0x7, 0xf3, 0x0,
    0x8, 0xfb, 0xaa, 0x5a, 0xf6, 0x6, 0xfc, 0xb0,
    0x8, 0xf3, 0x0, 0x3f, 0xd0, 0x1, 0x9b, 0xb0,
    0x8, 0xfb, 0xaa, 0x48, 0x98, 0x88, 0x87, 0x10,
    0x8, 0xff, 0xff, 0x7a, 0xff, 0xff, 0xff, 0x30,
    0x8, 0xf3, 0x0, 0x1, 0xe8, 0x1, 0xfe, 0x0,
    0x8, 0xf8, 0x7a, 0x80, 0xaf, 0x29, 0xf7, 0x0,
    0xbf, 0xff, 0xff, 0xa0, 0x1f, 0xef, 0xd0, 0x0,
    0x7d, 0xf6, 0x20, 0x0, 0x1c, 0xff, 0x70, 0x0,
    0x8, 0xf3, 0x0, 0x49, 0xff, 0xdf, 0xfd, 0x71,
    0x8, 0xf3, 0x0, 0x6f, 0xd6, 0x1, 0xaf, 0xb0,
    0x0, 0x0, 0x0, 0x3, 0x0, 0x0, 0x1, 0x10,

    /* U+6BCF "每" */
    0x0, 0x0, 0x73, 0x0, 0x0, 0x0, 0x0, 0x0,
    0x0, 0x6, 0xfb, 0x0, 0x0, 0x0, 0x0, 0x0,
    0x0, 0xe, 0xff, 0xff, 0xff, 0xff, 0xff, 0xc0,
    0x0, 0x9f, 0xc9, 0x99, 0x99, 0x99, 0x99, 0x70,
    0x6, 0xfe, 0x20, 0x0, 0x0, 0x1, 0x0, 0x0,
    0x4f, 0xfd, 0xff, 0xff, 0xff, 0xff, 0xf4, 0x0,
    0x7, 0x4c, 0xf9, 0xbf, 0xb9, 0x9d, 0xf3, 0x0,
    0x0, 0xe, 0xe0, 0x4d, 0xf7, 0x9, 0xf2, 0x0,
    0x5a, 0xaf, 0xe9, 0x9a, 0xfd, 0x9d, 0xfb, 0xa4,
    0x8f, 0xff, 0xfe, 0xff, 0xee, 0xef, 0xff, 0xf7,
    0x0, 0x6f, 0x80, 0x8f, 0xb2, 0xc, 0xf0, 0x0,
    0x0, 0x8f, 0xb8, 0x8b, 0xfc, 0x8e, 0xf8, 0x50,
    0x0, 0xcf, 0xff, 0xff, 0xff, 0xff, 0xff, 0xb0,
    0x0, 0x2, 0x11, 0x11, 0x36, 0x9f, 0xa1, 0x0,
    0x0, 0x0, 0x0, 0x0, 0x3f, 0xfd, 0x20, 0x0,
    0x0, 0x0, 0x0, 0x0, 0x0, 0x0, 0x0, 0x0,

    /* U+6BD4 "比" */
    0x3, 0xfa, 0x0, 0x0, 0xdf, 0x10, 0x0, 0x0,
    0x3, 0xfb, 0x0, 0x0, 0xdf, 0x10, 0x0, 0x0,
    0x3, 0xfb, 0x0, 0x0, 0xdf, 0x10, 0x0, 0x0,
    0x3, 0xfb, 0x0, 0x0, 0xdf, 0x10, 0x1d, 0x50,
    0x3, 0xfb, 0x0, 0x0, 0xdf, 0x11, 0xdf, 0xe1,
    0x3, 0xfe, 0xcc, 0xc4, 0xdf, 0x3d, 0xfd, 0x20,
    0x3, 0xff, 0xff, 0xf6, 0xdf, 0xff, 0xa0, 0x0,
    0x3, 0xfb, 0x0, 0x0, 0xdf, 0xf6, 0x0, 0x0,
    0x3, 0xfb, 0x0, 0x0, 0xdf, 0x20, 0x0, 0x0,
    0x3, 0xfb, 0x0, 0x0, 0xdf, 0x10, 0x1, 0x0,
    0x3, 0xfb, 0x0, 0x0, 0xdf, 0x10, 0x8, 0xc1,
    0x3, 0xfb, 0x2, 0x72, 0xdf, 0x10, 0x9, 0xf2,
    0x4, 0xfe, 0xdf, 0xf3, 0xdf, 0x10, 0xc, 0xf0,
    0xb, 0xff, 0xfc, 0x60, 0xbf, 0xdc, 0xcf, 0xd0,
    0x9, 0xe8, 0x20, 0x0, 0x3d, 0xff, 0xfe, 0x30,
    0x1, 0x0, 0x0, 0x0, 0x0, 0x0, 0x0, 0x0,

    /* U+6C14 "气" */
    0x0, 0x1, 0x51, 0x0, 0x0, 0x0, 0x0, 0x0,
    0x0, 0x8, 0xf7, 0x0, 0x0, 0x0, 0x0, 0x0,
    0x0, 0xe, 0xfe, 0xee, 0xee, 0xee, 0xee, 0xc0,
    0x0, 0x8f, 0xca, 0xaa, 0xaa, 0xaa, 0xaa, 0x90,
    0x3, 0xfe, 0x88, 0x88, 0x88, 0x88, 0x84, 0x0,
    0x2e, 0xf5, 0xcf, 0xff, 0xff, 0xff, 0xf8, 0x0,
    0x5f, 0xa0, 0x0, 0x0, 0x0, 0x11, 0x0, 0x0,
    0x2, 0x9f, 0xff, 0xff, 0xff, 0xff, 0x80, 0x0,
    0x0, 0x48, 0x88, 0x88, 0x88, 0xaf, 0x90, 0x0,
    0x0, 0x0, 0x0, 0x0, 0x0, 0x3f, 0xa0, 0x0,
    0x0, 0x0, 0x0, 0x0, 0x0, 0x2f, 0xb0, 0x0,
    0x0, 0x0, 0x0, 0x0, 0x0, 0xf, 0xe0, 0x40,
    0x0, 0x0, 0x0, 0x0, 0x0, 0xb, 0xf3, 0xc7,
    0x0, 0x0, 0x0, 0x0, 0x0, 0x5, 0xff, 0xf6,
    0x0, 0x0, 0x0, 0x0, 0x0, 0x0, 0x8f, 0xd1,

    /* U+6C34 "水" */
    0x0, 0x0, 0x0, 0xd, 0xf1, 0x0, 0x0, 0x0,
    0x0, 0x0, 0x0, 0xd, 0xf1, 0x0, 0x0, 0x0,
    0x0, 0x0, 0x0, 0xd, 0xf1, 0x0, 0x0, 0x0,
    0x0, 0x0, 0x0, 0xd, 0xf1, 0x0, 0x67, 0x0,
    0xa, 0xcc, 0xcc, 0x5d, 0xf4, 0x4, 0xff, 0x40,
    0xd, 0xff, 0xff, 0x8d, 0xfa, 0x3f, 0xf5, 0x0,
    0x0, 0x0, 0x8f, 0x4d, 0xff, 0xff, 0x40, 0x0,
    0x0, 0x0, 0xdf, 0xd, 0xff, 0xf3, 0x0, 0x0,
    0x0, 0x4, 0xfa, 0xd, 0xfa, 0xf8, 0x0, 0x0,
    0x0, 0xd, 0xf3, 0xd, 0xf2, 0xef, 0x60, 0x0,
    0x0, 0x9f, 0xa0, 0xd, 0xf1, 0x3f, 0xf8, 0x0,
    0x8, 0xfe, 0x10, 0xd, 0xf1, 0x5, 0xff, 0xd4,
    0x1d, 0xf4, 0x0, 0xe, 0xf1, 0x0, 0x3e, 0xf2,
    0x1, 0x30, 0xd, 0xff, 0xf0, 0x0, 0x0, 0x30,
    0x0, 0x0, 0x8, 0xfd, 0x60, 0x0, 0x0, 0x0,

    /* U+6CA1 "没" */
    0x0, 0x20, 0x0, 0x0, 0x0, 0x0, 0x0, 0x0,
    0x6, 0xfa, 0x20, 0xd, 0xff, 0xff, 0xe0, 0x0,
    0x2, 0xbf, 0xe0, 0xd, 0xfb, 0xbf, 0xe0, 0x0,
    0x0, 0x5, 0x50, 0xe, 0xd0, 0xe, 0xe0, 0x0,
    0x0, 0x0, 0x0, 0x5f, 0xa0, 0xd, 0xf3, 0x31,
    0x1d, 0x70, 0x8, 0xff, 0x20, 0xb, 0xff, 0xf6,
    0x3d, 0xfe, 0x2a, 0xe4, 0x0, 0x1, 0x78, 0x83,
    0x0, 0x7b, 0x5, 0xba, 0xaa, 0xaa, 0xb9, 0x20,
    0x0, 0x0, 0x7, 0xff, 0xff, 0xff, 0xff, 0x30,
    0x0, 0x7, 0x80, 0xaf, 0x40, 0x6, 0xfc, 0x0,
    0x0, 0xe, 0xe0, 0x3f, 0xe2, 0x2f, 0xf3, 0x0,
    0x0, 0x8f, 0x70, 0x6, 0xfe, 0xef, 0x70, 0x0,
    0x2, 0xfe, 0x0, 0x2, 0xdf, 0xfe, 0x30, 0x0,
    0xc, 0xf6, 0x28, 0xdf, 0xfd, 0xdf, 0xfd, 0x92,
    0x6, 0xc0, 0x1f, 0xfb, 0x50, 0x6, 0xcf, 0xd0,
    0x0, 0x0, 0x3, 0x0, 0x0, 0x0, 0x1, 0x20,

    /* U+6CD5 "法" */
    0x0, 0x83, 0x0, 0x0, 0xc, 0xf1, 0x0, 0x0,
    0x5, 0xff, 0x80, 0x0, 0xc, 0xf1, 0x0, 0x0,
    0x0, 0x5e, 0xf3, 0x0, 0xc, 0xf2, 0x0, 0x0,
    0x0, 0x1, 0x70, 0xff, 0xff, 0xff, 0xff, 0x60,
    0x0, 0x0, 0x0, 0xaa, 0xae, 0xfb, 0xaa, 0x40,
    0xd, 0x92, 0x0, 0x0, 0xc, 0xf1, 0x0, 0x0,
    0x2c, 0xff, 0x40, 0x11, 0x1c, 0xf2, 0x11, 0x10,
    0x0, 0x5b, 0xa, 0xff, 0xff, 0xff, 0xff, 0xf0,
    0x0, 0x0, 0x6, 0xaa, 0xef, 0xda, 0xaa, 0xa0,
    0x0, 0x3, 0xb0, 0x0, 0xef, 0x30, 0x0, 0x0,
    0x0, 0xb, 0xf3, 0x6, 0xfa, 0x6, 0xc1, 0x0,
    0x0, 0x5f, 0xb0, 0xe, 0xf2, 0x5, 0xfa, 0x0,
    0x0, 0xef, 0x30, 0x9f, 0xa4, 0x57, 0xff, 0x40,
    0x9, 0xf9, 0x2, 0xff, 0xff, 0xff, 0xff, 0xc0,
    0x5, 0xe1, 0x0, 0xcb, 0x86, 0x42, 0xb, 0xe1,
    0x0, 0x0, 0x0, 0x0, 0x0, 0x0, 0x2, 0x0,

    /* U+6CE8 "注" */
    0x0, 0x50, 0x0, 0x0, 0x29, 0x50, 0x0, 0x0,
    0x7, 0xfe, 0x60, 0x0, 0x1f, 0xe0, 0x0, 0x0,
    0x0, 0x7f, 0xe1, 0x0, 0x9, 0xf4, 0x0, 0x0,
    0x0, 0x1, 0x37, 0xbb, 0xbd, 0xdb, 0xbb, 0xa0,
    0x0, 0x0, 0xa, 0xff, 0xff, 0xff, 0xff, 0xe0,
    0x2e, 0x81, 0x0, 0x0, 0xc, 0xf2, 0x0, 0x0,
    0x4e, 0xfe, 0x20, 0x0, 0xc, 0xf2, 0x0, 0x0,
    0x0, 0x8b, 0x0, 0x0, 0xc, 0xf2, 0x0, 0x0,
    0x0, 0x0, 0x0, 0xff, 0xff, 0xff, 0xff, 0x40,
    0x0, 0x7, 0x70, 0xcc, 0xcf, 0xfd, 0xcc, 0x30,
    0x0, 0x1e, 0xe0, 0x0, 0xc, 0xf2, 0x0, 0x0,
    0x0, 0x9f, 0x70, 0x0, 0xc, 0xf2, 0x0, 0x0,
    0x3, 0xfe, 0x0, 0x0, 0xc, 0xf2, 0x0, 0x0,
    0xd, 0xf6, 0x1c, 0xcc, 0xcf, 0xfd, 0xcc, 0xc3,
    0x9, 0xc0, 0x2f, 0xff, 0xff, 0xff, 0xff, 0xf4,
    0x0, 0x10, 0x0, 0x0, 0x0, 0x0, 0x0, 0x0,

    /* U+6D88 "消" */
    0x1, 0xa2, 0x0, 0x31, 0xc, 0xf1, 0x3, 0x30,
    0x8, 0xff, 0x63, 0xf9, 0xc, 0xf1, 0xc, 0xf4,
    0x0, 0x6f, 0xd0, 0xcf, 0x1c, 0xf1, 0x4f, 0xd0,
    0x0, 0x3, 0x30, 0x5f, 0x6c, 0xf1, 0xbf, 0x50,
    0x1, 0x0, 0x0, 0x25, 0x1c, 0xf2, 0x17, 0x10,
    0x1e, 0xa2, 0x0, 0xff, 0xff, 0xff, 0xff, 0xc0,
    0x2b, 0xff, 0x30, 0xfe, 0x99, 0x99, 0x9f, 0xc0,
    0x0, 0x7c, 0x0, 0xfc, 0x0, 0x0, 0xf, 0xc0,
    0x0, 0x0, 0x0, 0xff, 0xff, 0xff, 0xff, 0xc0,
    0x0, 0x7, 0x40, 0xfe, 0x77, 0x77, 0x7f, 0xc0,
    0x0, 0x1f, 0xd0, 0xfe, 0x77, 0x77, 0x7f, 0xc0,
    0x0, 0x9f, 0x50, 0xff, 0xff, 0xff, 0xff, 0xc0,
    0x3, 0xfd, 0x0, 0xfc, 0x0, 0x0, 0xf, 0xc0,
    0xd, 0xf4, 0x0, 0xfc, 0x0, 0x4b, 0xbf, 0xb0,
    0x4, 0xa0, 0x0, 0xfc, 0x0, 0x1f, 0xec, 0x40,

    /* U+6DF1 "深" */
    0x2, 0x50, 0x0, 0x0, 0x0, 0x0, 0x0, 0x0,
    0xb, 0xfd, 0x3e, 0xff, 0xff, 0xff, 0xff, 0xe0,
    0x1, 0xaf, 0x4e, 0xd8, 0x88, 0x88, 0x8e, 0xe0,
    0x0, 0x2, 0xe, 0xb4, 0x71, 0x2a, 0x2c, 0xe0,
    0x1, 0x0, 0x3, 0x5f, 0xe1, 0x3f, 0xe4, 0x20,
    0x3f, 0x81, 0x3, 0xef, 0x40, 0x3, 0xfe, 0x10,
    0x2c, 0xfd, 0xc, 0xf5, 0x8, 0x70, 0x5f, 0x80,
    0x0, 0x67, 0x1, 0x30, 0xf, 0xd0, 0x4, 0x0,
    0x0, 0x0, 0xe, 0xff, 0xff, 0xff, 0xff, 0xe0,
    0x0, 0x1d, 0x1a, 0xbb, 0xff, 0xff, 0xbb, 0xa0,
    0x0, 0x9f, 0x30, 0x9, 0xff, 0xff, 0x80, 0x0,
    0x1, 0xfc, 0x0, 0x8f, 0x9f, 0xdb, 0xf7, 0x0,
    0x9, 0xf4, 0x2b, 0xfb, 0xf, 0xd1, 0xdf, 0xa1,
    0x1f, 0xc0, 0x7f, 0xa0, 0xf, 0xd0, 0x1d, 0xd1,
    0x7, 0x40, 0x3, 0x0, 0xf, 0xd0, 0x0, 0x10,

    /* U+6DFB "添" */
    0x0, 0x83, 0x0, 0x0, 0x0, 0x0, 0x0, 0x0,
    0x4, 0xff, 0x96, 0xff, 0xff, 0xff, 0xff, 0xf0,
    0x0, 0x3d, 0xa4, 0xaa, 0xcf, 0xea, 0xaa, 0xa0,
    0x0, 0x0, 0x0, 0x0, 0x8f, 0x60, 0x0, 0x0,
    0x1, 0x0, 0x1a, 0xaa, 0xef, 0xba, 0xaa, 0xa6,
    0xd, 0xe6, 0x2f, 0xff, 0xff, 0xff, 0xff, 0xfa,
    0x6, 0xef, 0x20, 0x3f, 0xf2, 0xb, 0xf5, 0x0,
    0x0, 0x14, 0x3, 0xef, 0x76, 0x11, 0xdf, 0x91,
    0x0, 0x0, 0x6f, 0xf6, 0x6f, 0x40, 0x1d, 0xf9,
    0x0, 0xc, 0x4a, 0xa6, 0x6f, 0x65, 0x5f, 0x90,
    0x0, 0x6f, 0x70, 0xeb, 0x6f, 0xbf, 0x3e, 0xd0,
    0x0, 0xdf, 0x19, 0xf3, 0x6f, 0x5f, 0x77, 0xf6,
    0x4, 0xfb, 0x1e, 0xa0, 0x6f, 0x4c, 0x90, 0xea,
    0xc, 0xf4, 0x1, 0x9, 0xcf, 0x30, 0x0, 0x20,
    0x2, 0x90, 0x0, 0xc, 0xfb, 0x0, 0x0, 0x0,

    /* U+6E05 "清" */
    0x0, 0x50, 0x0, 0x0, 0xf, 0xc0, 0x0, 0x0,
    0x8, 0xfa, 0x4, 0x55, 0x6f, 0xd5, 0x55, 0x30,
    0x2, 0xcf, 0xac, 0xff, 0xff, 0xff, 0xff, 0xa0,
    0x0, 0x8, 0x12, 0x66, 0x6f, 0xd6, 0x66, 0x10,
    0x0, 0x0, 0x5, 0xdd, 0xdf, 0xfd, 0xdd, 0x30,
    0x1e, 0x91, 0x37, 0x77, 0x8f, 0xe7, 0x77, 0x72,
    0x3d, 0xfe, 0x6d, 0xdd, 0xdd, 0xdd, 0xdd, 0xd4,
    0x0, 0x99, 0x1, 0x66, 0x66, 0x66, 0x66, 0x0,
    0x0, 0x0, 0x4, 0xff, 0xff, 0xff, 0xff, 0x10,
    0x0, 0xa, 0x24, 0xf9, 0x44, 0x44, 0xbf, 0x10,
    0x0, 0x5f, 0x94, 0xff, 0xee, 0xee, 0xff, 0x10,
    0x0, 0xdf, 0x24, 0xf9, 0x44, 0x44, 0xbf, 0x10,
    0x5, 0xfb, 0x4, 0xff, 0xff, 0xff, 0xff, 0x10,
    0xd, 0xf3, 0x4, 0xf6, 0x0, 0x49, 0xdf, 0x10,
    0x1, 0x60, 0x4, 0xf6, 0x0, 0x3f, 0xe9, 0x0,

    /* U+6E08 "済" */
    0x0, 0x10, 0x0, 0x0, 0x28, 0x10, 0x0, 0x0,
    0x6, 0xf5, 0x0, 0x0, 0x3f, 0x90, 0x0, 0x0,
    0x2, 0xdf, 0x7f, 0xff, 0xff, 0xff, 0xff, 0xf5,
    0x0, 0x1a, 0x18, 0xde, 0x88, 0x8a, 0xfd, 0x82,
    0x0, 0x0, 0x0, 0x6f, 0xb1, 0x4e, 0xe1, 0x0,
    0x1c, 0x40, 0x0, 0x6, 0xff, 0xff, 0x30, 0x0,
    0x4e, 0xf7, 0x49, 0xcf, 0xfd, 0xff, 0xfe, 0xc5,
    0x1, 0xc4, 0x2d, 0xa6, 0x20, 0x4, 0x8b, 0xc0,
    0x0, 0x0, 0x0, 0xde, 0x22, 0x22, 0xfc, 0x0,
    0x0, 0xb, 0x0, 0xdf, 0xff, 0xff, 0xfc, 0x0,
    0x0, 0x7f, 0x40, 0xfd, 0x44, 0x44, 0xfc, 0x0,
    0x0, 0xed, 0x2, 0xfc, 0x77, 0x77, 0xfc, 0x0,
    0x7, 0xf5, 0x9, 0xff, 0xff, 0xff, 0xfc, 0x0,
    0xf, 0xd0, 0x3f, 0xc0, 0x0, 0x0, 0xfc, 0x0,
    0x6, 0x50, 0x9e, 0x20, 0x0, 0x0, 0xfc, 0x0,
    0x0, 0x0, 0x0, 0x0, 0x0, 0x0, 0x0, 0x0,

    /* U+6E80 "満" */
    0x0, 0x91, 0x0, 0xd, 0xd0, 0xe, 0xd0, 0x0,
    0x8, 0xfe, 0x20, 0xd, 0xd0, 0xe, 0xd0, 0x0,
    0x0, 0x8f, 0xde, 0xff, 0xff, 0xff, 0xff, 0xf0,
    0x0, 0x6, 0x37, 0x8e, 0xf8, 0x8f, 0xf8, 0x80,
    0x0, 0x0, 0x25, 0x5e, 0xe5, 0x5f, 0xe5, 0x52,
    0x1e, 0xa3, 0x6f, 0xff, 0xff, 0xff, 0xff, 0xf7,
    0x2a, 0xff, 0x33, 0x33, 0x3f, 0xd3, 0x33, 0x31,
    0x0, 0x25, 0xe, 0xff, 0xff, 0xff, 0xff, 0xf0,
    0x0, 0x0, 0xf, 0xea, 0xae, 0xea, 0xae, 0xf1,
    0x0, 0xd, 0x6f, 0xb6, 0x5b, 0xa5, 0x6a, 0xf1,
    0x0, 0x5f, 0x9f, 0xb9, 0x7b, 0xa8, 0x8a, 0xf1,
    0x0, 0xdf, 0x2f, 0xb9, 0xde, 0xee, 0x8a, 0xf1,
    0x6, 0xfa, 0xf, 0xb9, 0xc9, 0x9c, 0x8a, 0xf1,
    0xe, 0xf3, 0xf, 0xb5, 0x40, 0x4, 0x8d, 0xf0,
    0x4, 0x80, 0xf, 0xb0, 0x0, 0x2, 0xff, 0xa0,
    0x0, 0x0, 0x0, 0x0, 0x0, 0x0, 0x0, 0x0,

    /* U+6EE1 "满" */
    0x0, 0x40, 0x0, 0xd, 0xd0, 0xd, 0xd0, 0x0,
    0x6, 0xfb, 0x27, 0x7e, 0xe7, 0x7e, 0xe7, 0x71,
    0x1, 0xbf, 0xdf, 0xff, 0xff, 0xff, 0xff, 0xf2,
    0x0, 0x8, 0x10, 0xd, 0xd0, 0xd, 0xd0, 0x0,
    0x0, 0x0, 0x27, 0x77, 0x77, 0x77, 0x77, 0x72,
    0xa, 0x50, 0x5f, 0xff, 0xff, 0xff, 0xff, 0xf6,
    0x3e, 0xfb, 0x0, 0x0, 0xf7, 0x2f, 0x40, 0x0,
    0x1, 0xa6, 0xf, 0xff, 0xff, 0xff, 0xff, 0xf0,
    0x0, 0x0, 0xf, 0xea, 0xfb, 0xbf, 0xad, 0xf0,
    0x0, 0xd, 0x5f, 0xb3, 0xf6, 0x5f, 0x2a, 0xf0,
    0x0, 0x6f, 0x9f, 0xb7, 0xff, 0xcf, 0xca, 0xf0,
    0x0, 0xef, 0x2f, 0xce, 0xb7, 0xfb, 0xfe, 0xf0,
    0x7, 0xf9, 0xf, 0xcb, 0x25, 0xf2, 0x3a, 0xf0,
    0xe, 0xf1, 0xf, 0xb0, 0x0, 0x10, 0x2b, 0xf0,
    0x2, 0x60, 0xf, 0xb0, 0x0, 0x0, 0xef, 0xb0,

    /* U+7075 "灵" */
    0x1, 0xff, 0xff, 0xff, 0xff, 0xff, 0xfb, 0x0,
    0x0, 0xaa, 0xaa, 0xaa, 0xaa, 0xaa, 0xfb, 0x0,
    0x0, 0x39, 0x99, 0x99, 0x99, 0x99, 0xfb, 0x0,
    0x0, 0x3a, 0xaa, 0xaa, 0xaa, 0xaa, 0xfb, 0x0,
    0x0, 0x99, 0x99, 0x99, 0x99, 0x99, 0xfb, 0x0,
    0x1, 0xff, 0xff, 0xff, 0xff, 0xff, 0xfb, 0x0,
    0x0, 0x0, 0x0, 0xa, 0xb0, 0x0, 0x0, 0x0,
    0x0, 0x1d, 0x50, 0xf, 0xe0, 0x0, 0x98, 0x0,
    0x0, 0x7f, 0x60, 0x3f, 0xe0, 0x2, 0xfc, 0x0,
    0x3, 0xfe, 0x0, 0x9f, 0xf7, 0xb, 0xf3, 0x0,
    0x1, 0x95, 0x3, 0xff, 0xcf, 0x45, 0x70, 0x0,
    0x0, 0x0, 0x6f, 0xf6, 0x2e, 0xf8, 0x10, 0x0,
    0x15, 0x9e, 0xff, 0x60, 0x2, 0xdf, 0xfc, 0x82,
    0x2f, 0xfe, 0x81, 0x0, 0x0, 0x6, 0xdf, 0xe0,
    0x4, 0x30, 0x0, 0x0, 0x0, 0x0, 0x1, 0x20,

    /* U+70B9 "点" */
    0x0, 0x0, 0x0, 0xf, 0xc0, 0x0, 0x0, 0x0,
    0x0, 0x0, 0x0, 0xf, 0xc0, 0x0, 0x0, 0x0,
    0x0, 0x0, 0x0, 0xf, 0xff, 0xff, 0xff, 0xb0,
    0x0, 0x0, 0x0, 0xf, 0xea, 0xaa, 0xaa, 0x70,
    0x0, 0x0, 0x0, 0xf, 0xc0, 0x0, 0x0, 0x0,
    0x0, 0x8d, 0xdd, 0xdf, 0xfd, 0xdd, 0xd8, 0x0,
    0x0, 0xaf, 0xdd, 0xdd, 0xdd, 0xde, 0xfa, 0x0,
    0x0, 0xaf, 0x10, 0x0, 0x0, 0x3, 0xfa, 0x0,
    0x0, 0xaf, 0x10, 0x0, 0x0, 0x3, 0xfa, 0x0,
    0x0, 0xaf, 0xff, 0xff, 0xff, 0xff, 0xfa, 0x0,
    0x0, 0x7b, 0xbb, 0xbb, 0xbb, 0xbb, 0xb7, 0x0,
    0x0, 0x65, 0x1, 0x20, 0x4, 0x10, 0x67, 0x0,
    0x2, 0xfd, 0xe, 0xf0, 0x5f, 0x80, 0xcf, 0x50,
    0xb, 0xf5, 0xc, 0xf1, 0xf, 0xf0, 0x2f, 0xe0,
    0x4f, 0xb0, 0xa, 0xf2, 0xa, 0xf3, 0x9, 0xf4,
    0x1, 0x10, 0x2, 0x20, 0x1, 0x0, 0x1, 0x0,

    /* U+7121 "無" */
    0x0, 0x1, 0x30, 0x0, 0x0, 0x0, 0x0, 0x0,
    0x0, 0x9, 0xf7, 0x0, 0x0, 0x0, 0x0, 0x0,
    0x0, 0x5f, 0xfb, 0xaa, 0xaa, 0xaa, 0xaa, 0x70,
    0x4, 0xff, 0xff, 0xff, 0xff, 0xff, 0xff, 0xa0,
    0x3f, 0xff, 0x91, 0xf7, 0x7f, 0x19, 0xf1, 0x0,
    0x4, 0x4f, 0x92, 0xf7, 0x7f, 0x2a, 0xf2, 0x0,
    0xb, 0xff, 0xff, 0xff, 0xff, 0xff, 0xff, 0xa0,
    0x6, 0x9f, 0xd9, 0xfc, 0xcf, 0x9d, 0xf9, 0x50,
    0x0, 0xf, 0x91, 0xf7, 0x7f, 0x19, 0xf1, 0x0,
    0x2, 0x3f, 0xa3, 0xf8, 0x8f, 0x3a, 0xf3, 0x20,
    0x2f, 0xff, 0xff, 0xff, 0xff, 0xff, 0xff, 0xf2,
    0x17, 0x87, 0x77, 0x77, 0x77, 0x77, 0x78, 0x71,
    0x0, 0xce, 0x15, 0xb2, 0x4b, 0x41, 0xed, 0x0,
    0x4, 0xfb, 0x6, 0xf5, 0x2f, 0xb0, 0x9f, 0x90,
    0x1e, 0xf3, 0x4, 0xf7, 0xe, 0xf0, 0xe, 0xf3,
    0x4, 0x60, 0x1, 0x52, 0x4, 0x40, 0x5, 0x50,

    /* U+7126 "焦" */
    0x0, 0x0, 0x64, 0x0, 0x55, 0x0, 0x0, 0x0,
    0x0, 0x2, 0xfe, 0x0, 0xee, 0x0, 0x0, 0x0,
    0x0, 0xc, 0xfc, 0x88, 0xdf, 0xa8, 0x88, 0x70,
    0x0, 0x7f, 0xff, 0xff, 0xff, 0xff, 0xff, 0xd0,
    0x5, 0xff, 0xb1, 0x11, 0xbf, 0x21, 0x11, 0x0,
    0x5f, 0xff, 0xff, 0xff, 0xff, 0xff, 0xff, 0x0,
    0xc, 0x8f, 0xc5, 0x55, 0xdf, 0x65, 0x55, 0x0,
    0x0, 0x1f, 0xd7, 0x77, 0xdf, 0x87, 0x77, 0x0,
    0x0, 0x1f, 0xfe, 0xee, 0xff, 0xfe, 0xee, 0x0,
    0x0, 0x1f, 0xb0, 0x0, 0xbf, 0x20, 0x0, 0x0,
    0x0, 0x1f, 0xff, 0xff, 0xff, 0xff, 0xff, 0xd0,
    0x0, 0x2f, 0xd7, 0x77, 0x77, 0x77, 0x78, 0x60,
    0x0, 0xcd, 0x16, 0xa0, 0x3b, 0x51, 0xdd, 0x0,
    0x5, 0xfb, 0x9, 0xf2, 0x1f, 0xb0, 0x8f, 0x80,
    0x1e, 0xf3, 0x8, 0xf4, 0xd, 0xf0, 0xe, 0xf2,
    0x4, 0x60, 0x3, 0x61, 0x4, 0x40, 0x5, 0x50,

    /* U+7136 "然" */
    0x0, 0x1, 0x30, 0x0, 0x0, 0x0, 0x0, 0x0,
    0x0, 0x7, 0xf5, 0x0, 0x0, 0xbf, 0x6c, 0x0,
    0x0, 0xe, 0xfc, 0xbb, 0x30, 0xbf, 0x6f, 0x80,
    0x0, 0x6f, 0xff, 0xff, 0x60, 0xbf, 0xc, 0xb0,
    0x1, 0xee, 0x30, 0xaf, 0xba, 0xef, 0xab, 0xa0,
    0xb, 0xf6, 0xed, 0xfd, 0xef, 0xff, 0xff, 0xf0,
    0x7f, 0xa2, 0x1d, 0xf6, 0x11, 0xff, 0x41, 0x10,
    0x7, 0x8f, 0x9f, 0xd0, 0x4, 0xff, 0x80, 0x0,
    0x0, 0x9, 0xff, 0x40, 0xc, 0xfe, 0xf1, 0x0,
    0x0, 0x3e, 0xf7, 0x0, 0x8f, 0xc5, 0xfc, 0x0,
    0xa, 0xff, 0x70, 0x1a, 0xfe, 0x10, 0xbf, 0xc1,
    0x8, 0xd4, 0x0, 0x6f, 0xc1, 0x0, 0xc, 0xb0,
    0x0, 0x74, 0x0, 0x23, 0x13, 0x0, 0x66, 0x0,
    0x3, 0xfc, 0xc, 0xf0, 0x6f, 0x60, 0xef, 0x30,
    0xd, 0xf3, 0xa, 0xf2, 0x1f, 0xc0, 0x4f, 0xd0,
    0x4f, 0x90, 0x9, 0xe2, 0xc, 0xc0, 0xb, 0xd2,
    0x0, 0x0, 0x0, 0x0, 0x0, 0x0, 0x1, 0x0,

    /* U+7247 "片" */
    0x0, 0x0, 0x0, 0x0, 0x1f, 0xe0, 0x0, 0x0,
    0x2, 0xfc, 0x0, 0x1, 0xfe, 0x0, 0x0, 0x0,
    0x2f, 0xc0, 0x0, 0x1f, 0xe0, 0x0, 0x0, 0x2,
    0xfc, 0x0, 0x1, 0xfe, 0x0, 0x0, 0x0, 0x2f,
    0xfc, 0xcc, 0xcf, 0xfc, 0xcc, 0x90, 0x2, 0xff,
    0xff, 0xff, 0xff, 0xff, 0xfc, 0x0, 0x2f, 0xc1,
    0x11, 0x11, 0x11, 0x11, 0x10, 0x3, 0xfb, 0x0,
    0x0, 0x0, 0x0, 0x0, 0x0, 0x4f, 0xfc, 0xcc,
    0xcc, 0xcc, 0xa0, 0x0, 0x6, 0xff, 0xff, 0xff,
    0xff, 0xfd, 0x0, 0x0, 0xaf, 0x72, 0x22, 0x22,
    0x4f, 0xd0, 0x0, 0xe, 0xf2, 0x0, 0x0, 0x3,
    0xfd, 0x0, 0x7, 0xfc, 0x0, 0x0, 0x0, 0x3f,
    0xd0, 0x2, 0xff, 0x40, 0x0, 0x0, 0x3, 0xfd,
    0x0, 0x7, 0x80, 0x0, 0x0, 0x0, 0x3f, 0xd0,
    0x0, 0x0, 0x0, 0x0, 0x0, 0x0, 0x0, 0x0,

    /* U+7259 "牙" */
    0x1, 0xff, 0xff, 0xff, 0xff, 0xff, 0xff, 0x60,
    0x1, 0xff, 0xff, 0xff, 0xff, 0xff, 0xff, 0x50,
    0x0, 0x6, 0x60, 0x0, 0x1, 0xfc, 0x0, 0x0,
    0x0, 0xf, 0xe0, 0x0, 0x1, 0xfc, 0x0, 0x0,
    0x0, 0x3f, 0xa0, 0x0, 0x1, 0xfc, 0x0, 0x0,
    0x0, 0x7f, 0x71, 0x11, 0x13, 0xfd, 0x11, 0x10,
    0x0, 0xbf, 0xff, 0xff, 0xff, 0xff, 0xff, 0xf2,
    0x0, 0x9b, 0xaa, 0xac, 0xff, 0xff, 0xaa, 0xa1,
    0x0, 0x0, 0x0, 0x4e, 0xf6, 0xfc, 0x0, 0x0,
    0x0, 0x0, 0x1a, 0xff, 0x41, 0xfc, 0x0, 0x0,
    0x0, 0x18, 0xff, 0xc2, 0x1, 0xfc, 0x0, 0x0,
    0x2b, 0xff, 0xe6, 0x0, 0x1, 0xfc, 0x0, 0x0,
    0xb, 0xe7, 0x0, 0x7, 0xdd, 0xfb, 0x0, 0x0,
    0x0, 0x0, 0x0, 0x3, 0xff, 0xc3, 0x0, 0x0,

    /* U+72B6 "状" */
    0x0, 0x0, 0x10, 0x0, 0x0, 0x0, 0x0, 0x0,
    0x0, 0x2, 0xfa, 0x0, 0xb, 0xf1, 0x24, 0x0,
    0x0, 0x2, 0xfa, 0x0, 0xb, 0xf1, 0xde, 0x10,
    0x5, 0x52, 0xfa, 0x0, 0xb, 0xf1, 0x5f, 0xa0,
    0xe, 0xf4, 0xfa, 0x0, 0xb, 0xf1, 0xc, 0xc0,
    0x6, 0xfc, 0xfa, 0x0, 0xb, 0xf1, 0x3, 0x10,
    0x0, 0xde, 0xfb, 0xff, 0xff, 0xff, 0xff, 0xf6,
    0x0, 0x23, 0xfb, 0xcc, 0xcf, 0xfd, 0xcc, 0xc4,
    0x0, 0x3, 0xfa, 0x0, 0xf, 0xf8, 0x0, 0x0,
    0x0, 0x1c, 0xfa, 0x0, 0x3f, 0xfe, 0x0, 0x0,
    0x3, 0xef, 0xfa, 0x0, 0x8f, 0xcf, 0x50, 0x0,
    0x1f, 0xf7, 0xfa, 0x0, 0xef, 0x2f, 0xd0, 0x0,
    0x7, 0x22, 0xfa, 0x8, 0xf9, 0x8, 0xf8, 0x0,
    0x0, 0x2, 0xfa, 0x3f, 0xe1, 0x0, 0xdf, 0x70,
    0x0, 0x2, 0xfc, 0xef, 0x40, 0x0, 0x3f, 0xf7,
    0x0, 0x2, 0xfb, 0xb5, 0x0, 0x0, 0x3, 0xb0,
    0x0, 0x0, 0x0, 0x0, 0x0, 0x0, 0x0, 0x0,

    /* U+72EC "独" */
    0x7, 0x30, 0x40, 0x0, 0xb, 0xf1, 0x0, 0x0,
    0x2f, 0xe5, 0xfb, 0x0, 0xb, 0xf1, 0x0, 0x0,
    0x3, 0xff, 0xf4, 0x0, 0xb, 0xf1, 0x0, 0x0,
    0x0, 0xcf, 0xa0, 0x89, 0x9e, 0xfa, 0x99, 0x70,
    0x8, 0xff, 0xc0, 0xef, 0xff, 0xff, 0xff, 0xd0,
    0x5f, 0xdd, 0xf0, 0xed, 0xb, 0xf1, 0x1f, 0xd0,
    0x7, 0x19, 0xf2, 0xed, 0xb, 0xf1, 0x1f, 0xd0,
    0x0, 0xc, 0xf4, 0xed, 0xb, 0xf1, 0x1f, 0xd0,
    0x0, 0x8f, 0xf4, 0xee, 0x9e, 0xfa, 0xaf, 0xd0,
    0x7, 0xff, 0xf4, 0xdf, 0xff, 0xff, 0xff, 0xc0,
    0x5f, 0xb8, 0xf4, 0x0, 0xb, 0xf1, 0x79, 0x0,
    0x5, 0x8, 0xf3, 0x0, 0xb, 0xf1, 0xbf, 0x40,
    0x0, 0xb, 0xf1, 0x23, 0x5d, 0xfa, 0xdf, 0xc0,
    0xa, 0xcf, 0xc9, 0xff, 0xff, 0xff, 0xff, 0xf3,
    0xb, 0xfd, 0x35, 0xba, 0x98, 0x75, 0x4a, 0xe6,
    0x0, 0x0, 0x0, 0x0, 0x0, 0x0, 0x0, 0x0,

    /* U+73A9 "玩" */
    0x59, 0x99, 0x98, 0x1a, 0xaa, 0xaa, 0xaa, 0x60,
    0x9f, 0xff, 0xfd, 0x1f, 0xff, 0xff, 0xff, 0x90,
    0x1, 0xbf, 0x21, 0x1, 0x11, 0x11, 0x11, 0x0,
    0x0, 0xaf, 0x10, 0x0, 0x0, 0x0, 0x0, 0x0,
    0x0, 0xaf, 0x10, 0x0, 0x0, 0x0, 0x0, 0x0,
    0x4b, 0xef, 0xc8, 0xae, 0xee, 0xee, 0xee, 0xe6,
    0x6f, 0xff, 0xfa, 0xad, 0xff, 0xdf, 0xfd, 0xd5,
    0x0, 0xaf, 0x10, 0x0, 0xfd, 0xf, 0xd0, 0x0,
    0x0, 0xaf, 0x10, 0x0, 0xfb, 0xf, 0xd0, 0x0,
    0x0, 0xaf, 0x58, 0x34, 0xf8, 0xf, 0xd0, 0x0,
    0x6a, 0xff, 0xff, 0x6a, 0xf4, 0xf, 0xd0, 0x72,
    0xaf, 0xc8, 0x40, 0x7f, 0xc0, 0xf, 0xd0, 0xeb,
    0x10, 0x0, 0x5d, 0xfe, 0x20, 0xe, 0xfb, 0xf8,
    0x0, 0x0, 0x2e, 0x81, 0x0, 0x8, 0xff, 0xe2,
    0x0, 0x0, 0x0, 0x0, 0x0, 0x0, 0x0, 0x0,

    /* U+7406 "理" */
    0x7f, 0xff, 0xfd, 0x9f, 0xff, 0xff, 0xff, 0xc0,
    0x7f, 0xff, 0xfd, 0x9f, 0xee, 0xff, 0xef, 0xc0,
    0x13, 0xbf, 0x42, 0x9f, 0x10, 0xe9, 0xe, 0xc0,
    0x0, 0xaf, 0x10, 0x9f, 0xff, 0xff, 0xff, 0xc0,
    0x0, 0xaf, 0x10, 0x9f, 0x87, 0xfc, 0x7f, 0xc0,
    0x4f, 0xff, 0xf8, 0x9f, 0x10, 0xe9, 0xe, 0xc0,
    0x4d, 0xff, 0xd7, 0x9f, 0xdd, 0xfe, 0xdf, 0xc0,
    0x0, 0xaf, 0x10, 0x6b, 0xbc, 0xff, 0xbb, 0x90,
    0x0, 0xaf, 0x10, 0x0, 0x1, 0xfc, 0x0, 0x0,
    0x0, 0xaf, 0x45, 0xaf, 0xff, 0xff, 0xff, 0xf3,
    0x3, 0xcf, 0xfd, 0x6a, 0xaa, 0xfe, 0xaa, 0xa2,
    0x8f, 0xff, 0xa5, 0x0, 0x1, 0xfc, 0x0, 0x0,
    0x4a, 0x50, 0x7, 0xcc, 0xcc, 0xff, 0xcc, 0xc9,
    0x0, 0x0, 0x8, 0xee, 0xee, 0xee, 0xee, 0xea,

    /* U+751F "生" */
    0x0, 0x7, 0x71, 0xe, 0xf0, 0x0, 0x0, 0x0,
    0x0, 0xe, 0xf1, 0xe, 0xf0, 0x0, 0x0, 0x0,
    0x0, 0x4f, 0xb0, 0xe, 0xf0, 0x0, 0x0, 0x0,
    0x0, 0xbf, 0xdb, 0xbf, 0xfb, 0xbb, 0xbb, 0x50,
    0x3, 0xff, 0xff, 0xff, 0xff, 0xff, 0xff, 0x70,
    0xc, 0xf7, 0x0, 0xe, 0xf0, 0x0, 0x0, 0x0,
    0x2e, 0xd0, 0x0, 0xe, 0xf0, 0x0, 0x0, 0x0,
    0x1, 0x20, 0x0, 0xe, 0xf0, 0x0, 0x0, 0x0,
    0x0, 0x5f, 0xff, 0xff, 0xff, 0xff, 0xfc, 0x0,
    0x0, 0x4d, 0xdd, 0xdf, 0xfd, 0xdd, 0xdb, 0x0,
    0x0, 0x0, 0x0, 0xe, 0xf0, 0x0, 0x0, 0x0,
    0x0, 0x0, 0x0, 0xe, 0xf0, 0x0, 0x0, 0x0,
    0x0, 0x0, 0x0, 0xe, 0xf0, 0x0, 0x0, 0x0,
    0x2e, 0xee, 0xee, 0xef, 0xfe, 0xee, 0xee, 0xe3,
    0x2e, 0xee, 0xee, 0xee, 0xee, 0xee, 0xee, 0xe3,

    /* U+7528 "用" */
    0x0, 0x8b, 0xaa, 0xaa, 0xaa, 0xaa, 0xba, 0x10,
    0xd, 0xff, 0xff, 0xff, 0xff, 0xff, 0xf2, 0x0,
    0xdf, 0x11, 0x1e, 0xf1, 0x11, 0xbf, 0x20, 0xd,
    0xf0, 0x0, 0xdf, 0x0, 0xa, 0xf2, 0x0, 0xdf,
    0xbb, 0xbf, 0xfb, 0xbb, 0xef, 0x20, 0xd, 0xff,
    0xff, 0xff, 0xff, 0xff, 0xf2, 0x0, 0xdf, 0x0,
    0xd, 0xf0, 0x0, 0xaf, 0x20, 0xd, 0xf0, 0x0,
    0xdf, 0x0, 0xa, 0xf2, 0x0, 0xef, 0xff, 0xff,
    0xff, 0xff, 0xff, 0x20, 0x1f, 0xeb, 0xbb, 0xff,
    0xbb, 0xbe, 0xf2, 0x5, 0xf8, 0x0, 0xd, 0xf0,
    0x0, 0xaf, 0x20, 0xbf, 0x40, 0x0, 0xdf, 0x0,
    0xa, 0xf2, 0x4f, 0xd0, 0x0, 0xd, 0xf1, 0xba,
    0xef, 0x23, 0xd4, 0x0, 0x0, 0xce, 0xd, 0xff,
    0x90, 0x0, 0x0, 0x0, 0x0, 0x0, 0x0, 0x0,
    0x0,

    /* U+7531 "由" */
    0x0, 0x0, 0x0, 0xcf, 0x10, 0x0, 0x0, 0x0,
    0x0, 0x0, 0xcf, 0x10, 0x0, 0x0, 0x0, 0x0,
    0x0, 0xcf, 0x10, 0x0, 0x0, 0x1b, 0xbb, 0xbb,
    0xff, 0xcb, 0xbb, 0xba, 0x2f, 0xff, 0xff, 0xff,
    0xff, 0xff, 0xfd, 0x2f, 0xb1, 0x11, 0xdf, 0x21,
    0x12, 0xfd, 0x2f, 0xa0, 0x0, 0xcf, 0x10, 0x0,
    0xfd, 0x2f, 0xa0, 0x0, 0xcf, 0x10, 0x0, 0xfd,
    0x2f, 0xfd, 0xdd, 0xff, 0xdd, 0xdd, 0xfd, 0x2f,
    0xff, 0xff, 0xff, 0xff, 0xff, 0xfd, 0x2f, 0xa0,
    0x0, 0xcf, 0x10, 0x0, 0xfd, 0x2f, 0xa0, 0x0,
    0xcf, 0x10, 0x0, 0xfd, 0x2f, 0xb0, 0x0, 0xcf,
    0x20, 0x1, 0xfd, 0x2f, 0xff, 0xff, 0xff, 0xff,
    0xff, 0xfd, 0x2f, 0xec, 0xcc, 0xcc, 0xcc, 0xcc,
    0xfd, 0x0, 0x0, 0x0, 0x0, 0x0, 0x0, 0x0,

    /* U+7535 "电" */
    0x0, 0x0, 0x0, 0xfe, 0x0, 0x0, 0x0, 0x0,
    0x0, 0x0, 0xf, 0xe0, 0x0, 0x0, 0x0, 0x0,
    0x10, 0x1, 0xfe, 0x0, 0x0, 0x0, 0x2, 0xff,
    0xff, 0xff, 0xff, 0xff, 0xff, 0x0, 0x2f, 0xeb,
    0xbc, 0xff, 0xbb, 0xbf, 0xf0, 0x2, 0xfb, 0x0,
    0xf, 0xe0, 0x0, 0xef, 0x0, 0x2f, 0xeb, 0xbb,
    0xff, 0xbb, 0xbf, 0xf0, 0x2, 0xff, 0xff, 0xff,
    0xff, 0xff, 0xff, 0x0, 0x2f, 0xb0, 0x0, 0xfe,
    0x0, 0xe, 0xf0, 0x2, 0xfe, 0xbb, 0xcf, 0xfb,
    0xbb, 0xff, 0x0, 0x2f, 0xff, 0xff, 0xff, 0xff,
    0xff, 0xf0, 0x2, 0xfb, 0x0, 0x1f, 0xe0, 0x0,
    0x6, 0xc3, 0x0, 0x0, 0x0, 0xff, 0x0, 0x0,
    0x8f, 0x60, 0x0, 0x0, 0xe, 0xfe, 0xdd, 0xdf,
    0xf2, 0x0, 0x0, 0x0, 0x4d, 0xff, 0xff, 0xe7,
    0x0,

    /* U+753B "画" */
    0xef, 0xff, 0xff, 0xff, 0xff, 0xff, 0xff, 0xab,
    0xbb, 0xbb, 0xbb, 0xbb, 0xbb, 0xba, 0x0, 0x0,
    0x0, 0x0, 0x0, 0x0, 0x0, 0x0, 0x7, 0x88,
    0x88, 0x88, 0x70, 0x0, 0x57, 0xd, 0xff, 0xff,
    0xff, 0xd0, 0x86, 0xcf, 0x1d, 0xa0, 0xdb, 0xc,
    0xd0, 0xfc, 0xcf, 0x1d, 0xd7, 0xed, 0x7d, 0xd0,
    0xfc, 0xcf, 0x1d, 0xff, 0xff, 0xff, 0xd0, 0xfc,
    0xcf, 0x1d, 0xa0, 0xdb, 0xc, 0xd0, 0xfc, 0xcf,
    0x1d, 0xfe, 0xff, 0xef, 0xd0, 0xfc, 0xcf, 0x17,
    0x99, 0x99, 0x99, 0x70, 0xfc, 0xcf, 0x20, 0x0,
    0x0, 0x0, 0x1, 0xfc, 0xcf, 0xff, 0xff, 0xff,
    0xff, 0xff, 0xfc, 0x8a, 0xaa, 0xaa, 0xaa, 0xaa,
    0xaa, 0xfc,

    /* U+754C "界" */
    0x0, 0xbf, 0xff, 0xff, 0xff, 0xff, 0xfd, 0x0,
    0x0, 0xbf, 0xba, 0xaf, 0xfa, 0xab, 0xfd, 0x0,
    0x0, 0xbf, 0x65, 0x5f, 0xe5, 0x56, 0xfd, 0x0,
    0x0, 0xbf, 0xff, 0xff, 0xff, 0xff, 0xfd, 0x0,
    0x0, 0xbf, 0x10, 0xf, 0xd0, 0x1, 0xfd, 0x0,
    0x0, 0xbf, 0xcc, 0xcf, 0xfc, 0xcc, 0xfd, 0x0,
    0x0, 0x8b, 0xdf, 0xfc, 0xcf, 0xfd, 0xb9, 0x0,
    0x0, 0x6, 0xef, 0x60, 0x6, 0xfe, 0x70, 0x0,
    0x28, 0xef, 0xfe, 0x50, 0x4, 0xdf, 0xff, 0xa3,
    0xd, 0xe8, 0x6f, 0x80, 0x6, 0xf9, 0x7e, 0xd0,
    0x1, 0x0, 0x8f, 0x60, 0x6, 0xf9, 0x0, 0x10,
    0x0, 0x4, 0xff, 0x10, 0x6, 0xf9, 0x0, 0x0,
    0x1, 0xaf, 0xf7, 0x0, 0x6, 0xf9, 0x0, 0x0,
    0x0, 0x8e, 0x50, 0x0, 0x6, 0xf9, 0x0, 0x0,
    0x0, 0x0, 0x0, 0x0, 0x0, 0x0, 0x0, 0x0,

    /* U+7559 "留" */
    0x0, 0x0, 0x24, 0x0, 0x0, 0x0, 0x0, 0x4,
    0x8d, 0xff, 0x3f, 0xff, 0xff, 0xfd, 0x1f, 0xfb,
    0x72, 0xf, 0xff, 0xff, 0xfd, 0x1f, 0xb0, 0x64,
    0x0, 0x5f, 0x60, 0xbc, 0x1f, 0xb0, 0xed, 0x0,
    0x9f, 0x20, 0xdb, 0x2f, 0xc8, 0xdf, 0x52, 0xfd,
    0x0, 0xfa, 0x8f, 0xff, 0xdf, 0xde, 0xf3, 0x9c,
    0xf7, 0x2c, 0x61, 0x3, 0x6d, 0x40, 0x8d, 0xb1,
    0x3, 0x88, 0x88, 0x89, 0x88, 0x88, 0x70, 0x7,
    0xff, 0xee, 0xff, 0xee, 0xef, 0xc0, 0x7, 0xfa,
    0x11, 0xaf, 0x21, 0x1f, 0xc0, 0x7, 0xff, 0xff,
    0xff, 0xff, 0xff, 0xc0, 0x7, 0xfa, 0x22, 0xbf,
    0x32, 0x2f, 0xc0, 0x7, 0xfe, 0xcc, 0xef, 0xdc,
    0xcf, 0xc0, 0x7, 0xfd, 0xaa, 0xaa, 0xaa, 0xaf,
    0xc0, 0x0, 0x10, 0x0, 0x0, 0x0, 0x0, 0x0,

    /* U+7565 "略" */
    0x0, 0x0, 0x0, 0x0, 0x9b, 0x20, 0x0, 0x0,
    0xef, 0xff, 0xfa, 0x2, 0xfe, 0x0, 0x0, 0x0,
    0xef, 0xff, 0xfa, 0xb, 0xff, 0xff, 0xfb, 0x0,
    0xe7, 0xb6, 0xba, 0x7f, 0xf8, 0x8b, 0xfa, 0x0,
    0xe7, 0xb6, 0xbe, 0xff, 0xf6, 0x1d, 0xf2, 0x0,
    0xe7, 0xc7, 0xcd, 0xf6, 0xdf, 0xcf, 0x80, 0x0,
    0xef, 0xff, 0xfa, 0x10, 0x3f, 0xfc, 0x0, 0x0,
    0xeb, 0xda, 0xda, 0x3, 0xdf, 0xff, 0x80, 0x0,
    0xe7, 0xb6, 0xbc, 0x9f, 0xf9, 0x3e, 0xfe, 0x70,
    0xe7, 0xb6, 0xbf, 0xff, 0xa5, 0x57, 0xef, 0x60,
    0xe8, 0xc7, 0xca, 0x7f, 0xff, 0xff, 0xfc, 0x0,
    0xef, 0xff, 0xfa, 0x2f, 0xa4, 0x45, 0xfb, 0x0,
    0xeb, 0x77, 0x74, 0x2f, 0x80, 0x1, 0xfb, 0x0,
    0xb5, 0x0, 0x0, 0x2f, 0xda, 0xaa, 0xfb, 0x0,
    0x0, 0x0, 0x0, 0x2f, 0xff, 0xff, 0xfb, 0x0,
    0x0, 0x0, 0x0, 0x0, 0x0, 0x0, 0x0, 0x0,

    /* U+767D "白" */
    0x0, 0x0, 0x26, 0x30, 0x0, 0x0, 0x0, 0x0,
    0x7, 0xfd, 0x0, 0x0, 0x0, 0x0, 0x0, 0xcf,
    0x60, 0x0, 0x0, 0xf, 0xff, 0xff, 0xff, 0xff,
    0xff, 0xf1, 0xff, 0xcc, 0xcc, 0xcc, 0xcc, 0xff,
    0x1f, 0xe0, 0x0, 0x0, 0x0, 0xe, 0xf1, 0xfe,
    0x0, 0x0, 0x0, 0x0, 0xef, 0x1f, 0xfa, 0xaa,
    0xaa, 0xaa, 0xaf, 0xf1, 0xff, 0xff, 0xff, 0xff,
    0xff, 0xff, 0x1f, 0xe3, 0x33, 0x33, 0x33, 0x3e,
    0xf1, 0xfe, 0x0, 0x0, 0x0, 0x0, 0xef, 0x1f,
    0xe0, 0x0, 0x0, 0x0, 0xe, 0xf1, 0xff, 0xbb,
    0xbb, 0xbb, 0xbb, 0xff, 0x1f, 0xff, 0xff, 0xff,
    0xff, 0xff, 0xf1, 0xfe, 0x22, 0x22, 0x22, 0x22,
    0xef, 0x10, 0x0, 0x0, 0x0, 0x0, 0x0, 0x0,

    /* U+7684 "的" */
    0x0, 0x46, 0x10, 0x0, 0x64, 0x0, 0x0, 0x0,
    0xb, 0xf0, 0x0, 0xf, 0xe0, 0x0, 0x0, 0x0,
    0xea, 0x0, 0x5, 0xfa, 0x11, 0x21, 0xc, 0xff,
    0xff, 0xe0, 0xcf, 0xff, 0xff, 0xf0, 0xcf, 0x99,
    0xef, 0x4f, 0xd9, 0x99, 0xef, 0xc, 0xd0, 0xb,
    0xfd, 0xf5, 0x0, 0xb, 0xf0, 0xcd, 0x0, 0xbf,
    0xac, 0x10, 0x0, 0xbf, 0xc, 0xfa, 0xae, 0xf0,
    0x3f, 0x90, 0xc, 0xe0, 0xcf, 0xff, 0xff, 0x0,
    0xbf, 0x40, 0xdd, 0xc, 0xd0, 0xb, 0xf0, 0x1,
    0xfe, 0xe, 0xc0, 0xcd, 0x0, 0xbf, 0x0, 0x7,
    0xc2, 0xfb, 0xc, 0xd0, 0xb, 0xf0, 0x0, 0x0,
    0x1f, 0xa0, 0xcf, 0xff, 0xff, 0x0, 0x0, 0x4,
    0xf8, 0xc, 0xfa, 0xaa, 0xa0, 0x5, 0xbb, 0xef,
    0x40, 0xab, 0x0, 0x0, 0x0, 0x1f, 0xff, 0x80,
    0x0, 0x0, 0x0, 0x0, 0x0, 0x0, 0x0, 0x0,

    /* U+76AE "皮" */
    0x0, 0x0, 0x0, 0xb, 0xf2, 0x0, 0x0, 0x0,
    0x0, 0x0, 0x0, 0xb, 0xf2, 0x0, 0x0, 0x0,
    0x0, 0x9c, 0xbb, 0xbe, 0xfc, 0xbb, 0xbb, 0x90,
    0x0, 0xef, 0xff, 0xff, 0xff, 0xff, 0xff, 0xc0,
    0x0, 0xef, 0x0, 0xb, 0xf3, 0x0, 0x9f, 0x60,
    0x0, 0xef, 0x0, 0xb, 0xf2, 0x0, 0xbe, 0x0,
    0x0, 0xef, 0x99, 0x9e, 0xfa, 0x99, 0x94, 0x0,
    0x0, 0xef, 0xff, 0xff, 0xff, 0xff, 0xfd, 0x0,
    0x0, 0xfe, 0x2e, 0xf4, 0x22, 0x2b, 0xf7, 0x0,
    0x1, 0xfc, 0x5, 0xfb, 0x0, 0x4f, 0xd0, 0x0,
    0x4, 0xf9, 0x0, 0xbf, 0xa4, 0xff, 0x30, 0x0,
    0x8, 0xf6, 0x0, 0x1d, 0xff, 0xf5, 0x0, 0x0,
    0xd, 0xf1, 0x2, 0x7e, 0xff, 0xf9, 0x30, 0x0,
    0x6f, 0xc6, 0xdf, 0xff, 0x97, 0xff, 0xfe, 0xa2,
    0x1c, 0x32, 0xfd, 0x81, 0x0, 0x17, 0xcf, 0xc0,
    0x0, 0x0, 0x10, 0x0, 0x0, 0x0, 0x1, 0x10,

    /* U+76EE "目" */
    0xdf, 0xff, 0xff, 0xff, 0xff, 0xf4, 0xdf, 0xcc,
    0xcc, 0xcc, 0xce, 0xf4, 0xdf, 0x0, 0x0, 0x0,
    0xa, 0xf4, 0xdf, 0x0, 0x0, 0x0, 0xa, 0xf4,
    0xdf, 0xff, 0xff, 0xff, 0xff, 0xf4, 0xdf, 0xcc,
    0xcc, 0xcc, 0xce, 0xf4, 0xdf, 0x0, 0x0, 0x0,
    0xa, 0xf4, 0xdf, 0x0, 0x0, 0x0, 0xa, 0xf4,
    0xdf, 0xff, 0xff, 0xff, 0xff, 0xf4, 0xdf, 0xbb,
    0xbb, 0xbb, 0xbe, 0xf4, 0xdf, 0x0, 0x0, 0x0,
    0xa, 0xf4, 0xdf, 0xbb, 0xbb, 0xbb, 0xbe, 0xf4,
    0xdf, 0xff, 0xff, 0xff, 0xff, 0xf4, 0xdf, 0x0,
    0x0, 0x0, 0xa, 0xf4,

    /* U+76F4 "直" */
    0x0, 0x0, 0x0, 0x9, 0x70, 0x0, 0x0, 0x0,
    0x6, 0x77, 0x77, 0x8f, 0xe7, 0x77, 0x77, 0x60,
    0xe, 0xff, 0xff, 0xff, 0xff, 0xff, 0xff, 0xe0,
    0x2, 0x22, 0x22, 0x7f, 0x82, 0x22, 0x22, 0x20,
    0x0, 0x3f, 0xff, 0xff, 0xff, 0xff, 0xf4, 0x0,
    0x0, 0x3f, 0xc8, 0x88, 0x88, 0x8c, 0xf4, 0x0,
    0x0, 0x3f, 0xc8, 0x88, 0x88, 0x8c, 0xf4, 0x0,
    0x0, 0x3f, 0xed, 0xdd, 0xdd, 0xde, 0xf4, 0x0,
    0x0, 0x3f, 0xa4, 0x44, 0x44, 0x4b, 0xf4, 0x0,
    0x0, 0x3f, 0xff, 0xff, 0xff, 0xff, 0xf4, 0x0,
    0x0, 0x3f, 0x91, 0x11, 0x11, 0x19, 0xf4, 0x0,
    0x0, 0x3f, 0xff, 0xff, 0xff, 0xff, 0xf4, 0x0,
    0x0, 0x3f, 0xb5, 0x55, 0x55, 0x5b, 0xf4, 0x0,
    0x3b, 0xcf, 0xeb, 0xbb, 0xbb, 0xbe, 0xfc, 0xb4,
    0x4e, 0xee, 0xee, 0xee, 0xee, 0xee, 0xee, 0xe5,

    /* U+76F8 "相" */
    0x0, 0xe, 0xd0, 0x0, 0x0, 0x0, 0x0, 0x0,
    0x0, 0xed, 0x0, 0xcf, 0xff, 0xff, 0xff, 0x0,
    0xe, 0xd0, 0xc, 0xfb, 0xbb, 0xbf, 0xf2, 0x77,
    0xfe, 0x76, 0xcf, 0x0, 0x0, 0xef, 0x4f, 0xff,
    0xff, 0xdc, 0xf0, 0x0, 0xe, 0xf1, 0x68, 0xfe,
    0x65, 0xcf, 0xff, 0xff, 0xff, 0x0, 0x7f, 0xe0,
    0xc, 0xfb, 0xbb, 0xbf, 0xf0, 0xd, 0xff, 0xa0,
    0xcf, 0x0, 0x0, 0xef, 0x3, 0xff, 0xff, 0x6c,
    0xf0, 0x0, 0xe, 0xf0, 0xbd, 0xed, 0xac, 0xcf,
    0xff, 0xff, 0xff, 0x5f, 0x7e, 0xd1, 0x3c, 0xf9,
    0x99, 0x9f, 0xf6, 0xf1, 0xed, 0x0, 0xcf, 0x0,
    0x0, 0xef, 0x5, 0xe, 0xd0, 0xc, 0xf1, 0x11,
    0x1e, 0xf0, 0x0, 0xed, 0x0, 0xcf, 0xff, 0xff,
    0xff, 0x0, 0xe, 0xd0, 0xc, 0xf9, 0x99, 0x9f,
    0xf0, 0x0, 0x0, 0x0, 0x11, 0x0, 0x0, 0x0,

    /* U+771F "真" */
    0x0, 0x0, 0x0, 0x6, 0x71, 0x0, 0x0, 0x0,
    0x3, 0x77, 0x77, 0x7d, 0xf8, 0x77, 0x77, 0x60,
    0x8, 0xff, 0xff, 0xff, 0xff, 0xff, 0xff, 0xe0,
    0x0, 0x13, 0x44, 0x5f, 0xc4, 0x44, 0x41, 0x10,
    0x0, 0xf, 0xff, 0xff, 0xff, 0xff, 0xf1, 0x0,
    0x0, 0xf, 0xe5, 0x55, 0x55, 0x5d, 0xf1, 0x0,
    0x0, 0xf, 0xe9, 0x99, 0x99, 0x9e, 0xf1, 0x0,
    0x0, 0xf, 0xfd, 0xdd, 0xdd, 0xdf, 0xf1, 0x0,
    0x0, 0xf, 0xd3, 0x33, 0x33, 0x3d, 0xf1, 0x0,
    0x0, 0xf, 0xff, 0xff, 0xff, 0xff, 0xf1, 0x0,
    0x0, 0xf, 0xd1, 0x11, 0x11, 0x1c, 0xf1, 0x0,
    0x2f, 0xff, 0xff, 0xff, 0xff, 0xff, 0xff, 0xf2,
    0x18, 0x88, 0x9d, 0x88, 0x88, 0xfb, 0x88, 0x81,
    0x0, 0x39, 0xff, 0x70, 0x6, 0xff, 0xe8, 0x20,
    0xb, 0xff, 0xb4, 0x0, 0x0, 0x6, 0xcf, 0xd0,
    0x0, 0x61, 0x0, 0x0, 0x0, 0x0, 0x4, 0x10,

    /* U+773C "眼" */
    0xff, 0xff, 0x91, 0xff, 0xff, 0xff, 0xfc, 0xf,
    0xd9, 0xf9, 0x1f, 0xe9, 0x99, 0x9f, 0xc0, 0xf9,
    0xe, 0x91, 0xfc, 0x44, 0x44, 0xfc, 0xf, 0xc7,
    0xf9, 0x1f, 0xff, 0xff, 0xff, 0xc0, 0xff, 0xff,
    0x91, 0xfc, 0x44, 0x44, 0xfc, 0xf, 0x90, 0xe9,
    0x1f, 0xc4, 0x44, 0x4f, 0xc0, 0xf9, 0xe, 0x91,
    0xff, 0xff, 0xff, 0xfc, 0xf, 0xff, 0xf9, 0x1f,
    0xd6, 0xee, 0x66, 0x70, 0xfc, 0x7f, 0x91, 0xfb,
    0x9, 0xf1, 0x8f, 0x4f, 0x90, 0xe9, 0x1f, 0xb0,
    0x4f, 0xef, 0xc2, 0xfd, 0xaf, 0x91, 0xfb, 0x0,
    0xdf, 0x90, 0xf, 0xff, 0xf8, 0x1f, 0xb1, 0x45,
    0xfd, 0x10, 0xf9, 0x0, 0x5, 0xff, 0xff, 0x1a,
    0xfe, 0x54, 0x20, 0x0, 0x9f, 0xfa, 0x60, 0xa,
    0xf4, 0x0, 0x0, 0x1, 0x40, 0x0, 0x0, 0x3,
    0x0,

    /* U+77E5 "知" */
    0x0, 0x77, 0x0, 0x0, 0x0, 0x0, 0x0, 0x0,
    0xe, 0xe0, 0x0, 0x0, 0x55, 0x55, 0x55, 0x2,
    0xfe, 0xaa, 0xaa, 0xf, 0xff, 0xff, 0xe0, 0x8f,
    0xff, 0xff, 0xf0, 0xfd, 0x55, 0xfe, 0x1e, 0xe3,
    0xfb, 0x0, 0xf, 0xc0, 0xf, 0xe2, 0xe8, 0x2f,
    0xb0, 0x0, 0xfc, 0x0, 0xfe, 0x2, 0x13, 0xfb,
    0x0, 0xf, 0xc0, 0xf, 0xe2, 0xff, 0xff, 0xff,
    0xf6, 0xfc, 0x0, 0xfe, 0x1b, 0xbc, 0xfd, 0xbb,
    0x4f, 0xc0, 0xf, 0xe0, 0x0, 0x7f, 0xa0, 0x0,
    0xfc, 0x0, 0xfe, 0x0, 0xc, 0xff, 0x90, 0xf,
    0xc0, 0xf, 0xe0, 0x3, 0xfd, 0xbf, 0x80, 0xfc,
    0x0, 0xfe, 0x0, 0xdf, 0x51, 0xdf, 0x5f, 0xff,
    0xff, 0xe1, 0xbf, 0xb0, 0x3, 0xb0, 0xff, 0xcc,
    0xfe, 0xc, 0xc1, 0x0, 0x0, 0xe, 0xb0, 0xa,
    0xa0, 0x10, 0x0, 0x0, 0x0, 0x0, 0x0, 0x0,

    /* U+7801 "码" */
    0x1, 0x11, 0x11, 0x10, 0x0, 0x0, 0x0, 0x0,
    0x1f, 0xff, 0xff, 0xae, 0xff, 0xff, 0xff, 0x0,
    0x8, 0xcf, 0xa8, 0x59, 0xaa, 0xaa, 0xfe, 0x0,
    0x0, 0x9f, 0x10, 0x1, 0x52, 0x0, 0xed, 0x0,
    0x0, 0xdd, 0x0, 0x4, 0xf7, 0x0, 0xfb, 0x0,
    0x2, 0xf8, 0x0, 0x5, 0xf6, 0x1, 0xfa, 0x0,
    0x8, 0xfe, 0xdd, 0x36, 0xf4, 0x3, 0xf8, 0x0,
    0x1e, 0xfd, 0xdf, 0x48, 0xfa, 0x9b, 0xfd, 0x91,
    0x6f, 0xf5, 0x5f, 0x49, 0xff, 0xff, 0xff, 0xf1,
    0x1f, 0xf5, 0x5f, 0x40, 0x0, 0x0, 0xa, 0xf0,
    0x7, 0xf5, 0x5f, 0x56, 0x66, 0x66, 0x3c, 0xe0,
    0x4, 0xf5, 0x6f, 0x6f, 0xff, 0xff, 0x8e, 0xc0,
    0x4, 0xff, 0xff, 0x44, 0x44, 0x44, 0x4f, 0x90,
    0x4, 0xfa, 0x88, 0x20, 0x0, 0x59, 0xcf, 0x50,
    0x3, 0xc3, 0x0, 0x0, 0x0, 0x5f, 0xfa, 0x0,
    0x0, 0x0, 0x0, 0x0, 0x0, 0x0, 0x0, 0x0,

    /* U+7845 "硅" */
    0x0, 0x0, 0x0, 0x0, 0x0, 0xbf, 0x10, 0x0,
    0x4f, 0xff, 0xff, 0xe0, 0x0, 0xbf, 0x10, 0x0,
    0x2a, 0xdf, 0xca, 0x94, 0x99, 0xef, 0xa9, 0x70,
    0x0, 0x9f, 0x20, 0x7, 0xff, 0xff, 0xff, 0xd0,
    0x0, 0xde, 0x0, 0x0, 0x0, 0xbf, 0x20, 0x0,
    0x2, 0xf9, 0x0, 0x4, 0x44, 0xcf, 0x64, 0x42,
    0x9, 0xff, 0xff, 0x6f, 0xff, 0xff, 0xff, 0xf6,
    0x1f, 0xfb, 0xbf, 0x67, 0x77, 0x9b, 0x77, 0x72,
    0x6f, 0xf4, 0x2f, 0x60, 0x0, 0xbf, 0x10, 0x0,
    0x2f, 0xf4, 0x2f, 0x66, 0x99, 0xef, 0xa9, 0x90,
    0x7, 0xf4, 0x2f, 0x6b, 0xff, 0xff, 0xff, 0xf0,
    0x5, 0xf6, 0x5f, 0x60, 0x0, 0xcf, 0x10, 0x0,
    0x5, 0xff, 0xff, 0x60, 0x0, 0xbf, 0x10, 0x0,
    0x5, 0xf7, 0x44, 0x9f, 0xff, 0xff, 0xff, 0xf9,
    0x2, 0x82, 0x0, 0x5b, 0xbb, 0xbb, 0xbb, 0xb7,

    /* U+786C "硬" */
    0x9f, 0xff, 0xff, 0x8f, 0xff, 0xff, 0xff, 0xf3,
    0x6b, 0xef, 0xbb, 0x5a, 0xaa, 0xfe, 0xaa, 0xa2,
    0x0, 0xde, 0x0, 0x2, 0x23, 0xfb, 0x22, 0x10,
    0x1, 0xfa, 0x0, 0x3f, 0xff, 0xff, 0xff, 0xc0,
    0x6, 0xf5, 0x0, 0x3f, 0x84, 0xfb, 0x3f, 0xc0,
    0xc, 0xfe, 0xdd, 0x4f, 0xdb, 0xfe, 0xbf, 0xc0,
    0x3f, 0xfc, 0xdf, 0x4f, 0xb9, 0xfd, 0x8f, 0xc0,
    0xaf, 0xf2, 0x6f, 0x4f, 0x96, 0xfc, 0x5f, 0xc0,
    0x5e, 0xf2, 0x6f, 0x4f, 0xff, 0xff, 0xff, 0xc0,
    0x16, 0xf2, 0x6f, 0x27, 0x34, 0xf7, 0x0, 0x0,
    0x5, 0xf2, 0x6f, 0x1e, 0xda, 0xf3, 0x0, 0x0,
    0x5, 0xff, 0xff, 0x14, 0xff, 0xd0, 0x0, 0x0,
    0x5, 0xf9, 0x88, 0x29, 0xff, 0xfd, 0x84, 0x20,
    0x4, 0xc1, 0x1, 0xef, 0xc3, 0x9e, 0xff, 0xe1,
    0x0, 0x0, 0x0, 0x24, 0x0, 0x0, 0x36, 0x30,

    /* U+788E "碎" */
    0x0, 0x0, 0x0, 0x0, 0x1, 0x95, 0x0, 0x0,
    0x6f, 0xff, 0xff, 0x10, 0x0, 0xfc, 0x0, 0x0,
    0x4a, 0xef, 0xaa, 0x7f, 0xff, 0xff, 0xff, 0xe0,
    0x0, 0xce, 0x0, 0x4a, 0xaa, 0xaa, 0xaa, 0xa0,
    0x0, 0xfa, 0x0, 0x1, 0xf6, 0x0, 0xf7, 0x0,
    0x5, 0xf6, 0x0, 0x6, 0xf5, 0x5, 0xf5, 0x0,
    0xb, 0xff, 0xfc, 0xb, 0xfe, 0x2b, 0xfd, 0x20,
    0x3f, 0xfb, 0xed, 0x3f, 0xae, 0x9f, 0xbf, 0xd0,
    0x9f, 0xf2, 0xad, 0x8f, 0x11, 0x8f, 0x15, 0x70,
    0x4e, 0xf2, 0xad, 0x3, 0x12, 0xfb, 0x11, 0x10,
    0x5, 0xf2, 0xad, 0x9f, 0xff, 0xff, 0xff, 0xf6,
    0x4, 0xf3, 0xad, 0x5a, 0xaa, 0xfe, 0xaa, 0xa4,
    0x4, 0xff, 0xfd, 0x0, 0x1, 0xfb, 0x0, 0x0,
    0x4, 0xf9, 0x87, 0x0, 0x1, 0xfb, 0x0, 0x0,
    0x3, 0xc1, 0x0, 0x0, 0x1, 0xfb, 0x0, 0x0,

    /* U+793A "示" */
    0x0, 0xab, 0xbb, 0xbb, 0xbb, 0xbb, 0xb5, 0x0,
    0x0, 0xef, 0xff, 0xff, 0xff, 0xff, 0xf7, 0x0,
    0x0, 0x1, 0x11, 0x11, 0x11, 0x11, 0x10, 0x0,
    0x0, 0x0, 0x0, 0x0, 0x0, 0x0, 0x0, 0x0,
    0x1d, 0xdd, 0xdd, 0xdd, 0xdd, 0xdd, 0xdd, 0xd2,
    0x2f, 0xff, 0xff, 0xff, 0xff, 0xff, 0xff, 0xf2,
    0x0, 0x0, 0x0, 0x2f, 0xd0, 0x0, 0x0, 0x0,
    0x0, 0xb, 0x60, 0x2f, 0xd0, 0x18, 0x80, 0x0,
    0x0, 0x7f, 0x90, 0x2f, 0xd0, 0x1e, 0xf4, 0x0,
    0x1, 0xef, 0x10, 0x2f, 0xd0, 0x6, 0xfe, 0x0,
    0xb, 0xf7, 0x0, 0x2f, 0xd0, 0x0, 0xdf, 0x80,
    0x4f, 0xc0, 0x0, 0x2f, 0xd0, 0x0, 0x5f, 0xf0,
    0x4, 0x10, 0x9d, 0xef, 0xc0, 0x0, 0x7, 0x10,
    0x0, 0x0, 0x6f, 0xfd, 0x40, 0x0, 0x0, 0x0,
    0x0, 0x0, 0x0, 0x0, 0x0, 0x0, 0x0, 0x0,

    /* U+79CD "种" */
    0x0, 0x0, 0x3, 0x0, 0x0, 0xef, 0x0, 0x0,
    0x3, 0x6a, 0xef, 0x80, 0x0, 0xef, 0x0, 0x0,
    0x2f, 0xff, 0xe8, 0x30, 0x0, 0xef, 0x0, 0x0,
    0x3, 0x2f, 0xb0, 0x4, 0x55, 0xef, 0x55, 0x51,
    0x0, 0x1f, 0xc0, 0xe, 0xff, 0xff, 0xff, 0xf5,
    0x6f, 0xff, 0xff, 0x8e, 0xe7, 0xff, 0x7b, 0xf5,
    0x4a, 0xcf, 0xfa, 0x5e, 0xd0, 0xef, 0x7, 0xf5,
    0x0, 0xaf, 0xf7, 0xe, 0xd0, 0xef, 0x7, 0xf5,
    0x2, 0xff, 0xff, 0x7e, 0xfb, 0xff, 0xbd, 0xf5,
    0xb, 0xef, 0xbc, 0x8e, 0xff, 0xff, 0xff, 0xf5,
    0x6f, 0x6f, 0xb1, 0xe, 0xd0, 0xef, 0x7, 0xe4,
    0x5d, 0xf, 0xb0, 0x0, 0x0, 0xef, 0x0, 0x0,
    0x2, 0xf, 0xb0, 0x0, 0x0, 0xef, 0x0, 0x0,
    0x0, 0xf, 0xb0, 0x0, 0x0, 0xef, 0x0, 0x0,
    0x0, 0xf, 0xb0, 0x0, 0x0, 0xef, 0x0, 0x0,
    0x0, 0x0, 0x0, 0x0, 0x0, 0x0, 0x0, 0x0,

    /* U+79F0 "称" */
    0x0, 0x0, 0x15, 0x0, 0x54, 0x0, 0x0, 0x0,
    0x5, 0x8c, 0xff, 0x60, 0xee, 0x0, 0x0, 0x0,
    0xf, 0xff, 0xd5, 0x13, 0xfe, 0x99, 0x99, 0xa3,
    0x2, 0x1f, 0x90, 0x8, 0xff, 0xff, 0xff, 0xf4,
    0x0, 0x2f, 0x90, 0x1f, 0xe1, 0xef, 0x1d, 0xe0,
    0x4f, 0xff, 0xff, 0xef, 0x70, 0xee, 0x1d, 0x80,
    0x3a, 0xcf, 0xea, 0x59, 0x10, 0xee, 0x3, 0x0,
    0x0, 0xaf, 0xf3, 0x5, 0xf5, 0xee, 0x5f, 0x50,
    0x2, 0xff, 0xfe, 0x39, 0xf2, 0xee, 0x1f, 0xb0,
    0xb, 0xdf, 0x9d, 0x4e, 0xd0, 0xee, 0xb, 0xf0,
    0x6f, 0x6f, 0x91, 0x5f, 0x70, 0xee, 0x7, 0xf4,
    0x3b, 0x1f, 0x90, 0xbf, 0x10, 0xee, 0x3, 0xf7,
    0x0, 0x1f, 0x90, 0x3, 0x0, 0xee, 0x0, 0x30,
    0x0, 0x1f, 0x90, 0x0, 0x6b, 0xfe, 0x0, 0x0,
    0x0, 0x1f, 0x90, 0x0, 0x3e, 0xd5, 0x0, 0x0,

    /* U+79FB "移" */
    0x0, 0x0, 0x2, 0x0, 0x0, 0x62, 0x0, 0x0,
    0x3, 0x7b, 0xff, 0x20, 0xb, 0xf7, 0x0, 0x0,
    0xe, 0xff, 0xd6, 0x11, 0xcf, 0xff, 0xff, 0x80,
    0x3, 0x3f, 0xa0, 0x7f, 0xf9, 0x77, 0xff, 0x40,
    0x0, 0x2f, 0xa0, 0x4c, 0x9d, 0x6b, 0xf8, 0x0,
    0x5f, 0xff, 0xff, 0x70, 0x2e, 0xff, 0x70, 0x0,
    0x38, 0xdf, 0xd8, 0x8a, 0xff, 0xfd, 0x50, 0x0,
    0x0, 0xdf, 0xf5, 0x3e, 0xa5, 0xef, 0xa7, 0x71,
    0x4, 0xff, 0xff, 0x30, 0x2d, 0xff, 0xff, 0xf6,
    0xc, 0xdf, 0xad, 0x48, 0xff, 0x40, 0x2f, 0xe0,
    0x5f, 0x6f, 0xa1, 0x5f, 0xb9, 0xc4, 0xcf, 0x50,
    0x3d, 0x1f, 0xa0, 0x2, 0x4, 0xef, 0xf8, 0x0,
    0x2, 0x1f, 0xa0, 0x0, 0x29, 0xff, 0x60, 0x0,
    0x0, 0x1f, 0xa0, 0x7c, 0xff, 0xb2, 0x0, 0x0,
    0x0, 0x1f, 0xa0, 0x7e, 0x92, 0x0, 0x0, 0x0,
    0x0, 0x0, 0x0, 0x0, 0x0, 0x0, 0x0, 0x0,

    /* U+7A0B "程" */
    0x0, 0x0, 0x2, 0x0, 0x0, 0x0, 0x0, 0x0,
    0x3, 0x7b, 0xff, 0x4a, 0xff, 0xff, 0xff, 0xb0,
    0x4f, 0xff, 0xe6, 0x1a, 0xf8, 0x88, 0x9f, 0xb0,
    0x3, 0x1f, 0xc0, 0xa, 0xf0, 0x0, 0x1f, 0xb0,
    0x0, 0xf, 0xc0, 0xa, 0xf2, 0x11, 0x2f, 0xb0,
    0x5f, 0xff, 0xff, 0x8a, 0xff, 0xff, 0xff, 0xb0,
    0x3a, 0xcf, 0xea, 0x54, 0x77, 0x77, 0x77, 0x50,
    0x0, 0x9f, 0xf3, 0x19, 0x99, 0x99, 0x99, 0x91,
    0x1, 0xff, 0xfe, 0x5f, 0xff, 0xff, 0xff, 0xf2,
    0x9, 0xef, 0xde, 0xa0, 0x0, 0xfe, 0x0, 0x0,
    0x4f, 0x8f, 0xc4, 0x17, 0x99, 0xff, 0x99, 0x60,
    0x5e, 0xf, 0xc0, 0xc, 0xff, 0xff, 0xff, 0xb0,
    0x3, 0xf, 0xc0, 0x0, 0x0, 0xfe, 0x0, 0x0,
    0x0, 0xf, 0xc0, 0xac, 0xcc, 0xff, 0xcc, 0xc6,
    0x0, 0xf, 0xc0, 0xdf, 0xff, 0xff, 0xff, 0xf8,

    /* U+7A33 "稳" */
    0x0, 0x0, 0x33, 0x0, 0x57, 0x0, 0x0, 0x0,
    0x5, 0x9d, 0xfe, 0x2, 0xff, 0x77, 0x71, 0x0,
    0xd, 0xff, 0xc4, 0x1d, 0xff, 0xff, 0xf8, 0x0,
    0x1, 0x1f, 0x92, 0xdf, 0x40, 0xc, 0xe1, 0x0,
    0x0, 0x2f, 0xa3, 0xff, 0xff, 0xff, 0xff, 0x60,
    0x2f, 0xff, 0xff, 0x68, 0x88, 0x88, 0x9f, 0x60,
    0x1a, 0xdf, 0xea, 0x49, 0x99, 0x99, 0xbf, 0x60,
    0x0, 0xaf, 0xf2, 0x2c, 0xcc, 0xcc, 0xcf, 0x60,
    0x2, 0xff, 0xfd, 0x35, 0x55, 0x55, 0x7f, 0x60,
    0xa, 0xff, 0xcf, 0xbf, 0xff, 0xff, 0xff, 0x60,
    0x4f, 0xaf, 0x93, 0x11, 0x34, 0xd5, 0x12, 0x10,
    0x3f, 0x2f, 0x90, 0xe9, 0xf9, 0xbe, 0x1e, 0x90,
    0x4, 0x1f, 0x96, 0xf5, 0xf8, 0x13, 0x8c, 0xf1,
    0x0, 0x1f, 0x9d, 0xd1, 0xfc, 0x66, 0xfa, 0xf6,
    0x0, 0x1f, 0x92, 0x40, 0xaf, 0xff, 0xe2, 0x20,

    /* U+7A7A "空" */
    0x0, 0x0, 0x1, 0x65, 0x0, 0x0, 0x0, 0x0,
    0x0, 0x0, 0x4f, 0xe0, 0x0, 0x0, 0x0, 0xab,
    0xbb, 0xbb, 0xff, 0xcb, 0xbb, 0xbb, 0xf, 0xff,
    0xff, 0xff, 0xff, 0xff, 0xff, 0xf0, 0xfd, 0x0,
    0x11, 0x0, 0x11, 0x0, 0xef, 0xf, 0xd0, 0x5e,
    0xe1, 0x1d, 0xfa, 0x2c, 0xe0, 0x38, 0xdf, 0xe5,
    0x0, 0x3b, 0xff, 0xa2, 0x9, 0xff, 0x91, 0x0,
    0x0, 0x4, 0xcf, 0x80, 0x18, 0xca, 0xaa, 0xaa,
    0xaa, 0xaa, 0x50, 0x0, 0xe, 0xff, 0xff, 0xff,
    0xff, 0xf1, 0x0, 0x0, 0x0, 0x0, 0xfe, 0x0,
    0x0, 0x0, 0x0, 0x0, 0x0, 0xf, 0xe0, 0x0,
    0x0, 0x0, 0x0, 0x0, 0x0, 0xfe, 0x0, 0x0,
    0x0, 0xa, 0xcc, 0xcc, 0xcf, 0xfc, 0xcc, 0xcc,
    0xb0, 0xcd, 0xdd, 0xdd, 0xdd, 0xdd, 0xdd, 0xdc,
    0x0,

    /* U+7ACB "立" */
    0x0, 0x0, 0x0, 0x19, 0x90, 0x0, 0x0, 0x0,
    0x0, 0x0, 0x0, 0xf, 0xf1, 0x0, 0x0, 0x0,
    0x0, 0x0, 0x0, 0xa, 0xf3, 0x0, 0x0, 0x0,
    0x4, 0xcc, 0xcc, 0xce, 0xcc, 0xcc, 0xcc, 0x90,
    0x6, 0xff, 0xff, 0xff, 0xff, 0xff, 0xff, 0xc0,
    0x0, 0x0, 0x34, 0x0, 0x0, 0x14, 0x10, 0x0,
    0x0, 0x3, 0xfc, 0x0, 0x0, 0x4f, 0xd0, 0x0,
    0x0, 0x0, 0xff, 0x0, 0x0, 0x8f, 0x80, 0x0,
    0x0, 0x0, 0xbf, 0x40, 0x0, 0xcf, 0x40, 0x0,
    0x0, 0x0, 0x8f, 0x70, 0x1, 0xfe, 0x0, 0x0,
    0x0, 0x0, 0x4f, 0xb0, 0x5, 0xfa, 0x0, 0x0,
    0x0, 0x0, 0x1f, 0xe0, 0xa, 0xf4, 0x0, 0x0,
    0x0, 0x0, 0x7, 0x20, 0x1f, 0xe1, 0x0, 0x0,
    0x1f, 0xff, 0xff, 0xff, 0xff, 0xff, 0xff, 0xf7,
    0x1c, 0xcc, 0xcc, 0xcc, 0xcc, 0xcc, 0xcc, 0xc6,

    /* U+7AD6 "竖" */
    0x0, 0x0, 0x0, 0x0, 0x0, 0x0, 0x0, 0x0,
    0x5, 0xa1, 0x5f, 0x4b, 0xff, 0xff, 0xff, 0x60,
    0x8, 0xf2, 0x5f, 0x48, 0xfb, 0x99, 0xef, 0x20,
    0x8, 0xf2, 0x5f, 0x41, 0xfb, 0x3, 0xfc, 0x0,
    0x8, 0xf2, 0x5f, 0x40, 0x8f, 0x9e, 0xf3, 0x0,
    0x8, 0xf2, 0x5f, 0x40, 0xd, 0xff, 0x80, 0x0,
    0x8, 0xf2, 0x5f, 0x44, 0xbf, 0xff, 0xf8, 0x30,
    0x8, 0xf2, 0x5f, 0x5f, 0xfe, 0x69, 0xff, 0xf1,
    0x0, 0x0, 0x3b, 0x3e, 0xd0, 0x0, 0x29, 0x60,
    0x3, 0x99, 0x99, 0x9e, 0xf9, 0x99, 0x99, 0x40,
    0x6, 0xff, 0xff, 0xff, 0xff, 0xff, 0xff, 0x80,
    0x0, 0x1, 0xdd, 0x0, 0x0, 0xce, 0x20, 0x0,
    0x0, 0x0, 0xbf, 0x30, 0x0, 0xfc, 0x0, 0x0,
    0x1a, 0xaa, 0xde, 0xaa, 0xab, 0xfd, 0xaa, 0xa1,
    0x2f, 0xff, 0xff, 0xff, 0xff, 0xff, 0xff, 0xf3,

    /* U+7AEF "端" */
    0x0, 0x6a, 0x0, 0x0, 0x4, 0xf8, 0x0, 0x0,
    0x0, 0x8f, 0x30, 0x7f, 0x24, 0xf8, 0xc, 0xe0,
    0x0, 0x2f, 0x90, 0x7f, 0x24, 0xf8, 0xc, 0xe0,
    0x3b, 0xbf, 0xbb, 0x8f, 0x67, 0xfa, 0x4d, 0xe0,
    0x5f, 0xff, 0xff, 0x8f, 0xff, 0xff, 0xff, 0xe0,
    0x4, 0x30, 0x64, 0x24, 0x44, 0x44, 0x44, 0x40,
    0xc, 0x90, 0xea, 0xff, 0xff, 0xff, 0xff, 0xf6,
    0xa, 0xb0, 0xf8, 0xaa, 0xad, 0xfd, 0xaa, 0xa4,
    0x9, 0xd1, 0xf4, 0x46, 0x6c, 0xf9, 0x67, 0x70,
    0x7, 0xe3, 0xf1, 0xbf, 0xff, 0xff, 0xff, 0xf2,
    0x6, 0xc6, 0xe2, 0xbe, 0x4f, 0x4d, 0xa8, 0xf2,
    0x16, 0x9d, 0xff, 0xbe, 0x2f, 0x3d, 0x97, 0xf2,
    0x5f, 0xfe, 0xa7, 0xbe, 0x2f, 0x3d, 0x97, 0xf2,
    0x15, 0x10, 0x0, 0xbe, 0x2f, 0x3d, 0xbb, 0xf1,
    0x0, 0x0, 0x0, 0xbe, 0x2f, 0x3d, 0xaf, 0xc0,
    0x0, 0x0, 0x0, 0x11, 0x0, 0x0, 0x0, 0x0,

    /* U+7B14 "笔" */
    0x0, 0x16, 0x10, 0x0, 0x5, 0x30, 0x0, 0x0,
    0x0, 0x7f, 0x80, 0x0, 0x1f, 0xd0, 0x0, 0x0,
    0x1, 0xff, 0xff, 0xfe, 0x8f, 0xff, 0xff, 0xf3,
    0xb, 0xf9, 0xff, 0x7a, 0xfd, 0x9f, 0xc7, 0x71,
    0x4f, 0xa0, 0x8f, 0x37, 0xe2, 0xc, 0xa1, 0x0,
    0x2, 0x44, 0x68, 0x78, 0xab, 0xdf, 0xfc, 0x0,
    0x0, 0xef, 0xff, 0xff, 0xfe, 0xca, 0x85, 0x0,
    0x0, 0x33, 0x32, 0x7f, 0x73, 0x45, 0x66, 0x0,
    0x4, 0xbc, 0xde, 0xff, 0xff, 0xff, 0xfe, 0x0,
    0x4, 0xcb, 0xa9, 0xbf, 0x94, 0x32, 0x22, 0x30,
    0x4, 0x56, 0x79, 0xcf, 0xdd, 0xef, 0xff, 0xf2,
    0x2f, 0xff, 0xff, 0xff, 0xdb, 0xa8, 0x77, 0x50,
    0x4, 0x32, 0x10, 0x6f, 0x60, 0x0, 0xd, 0x90,
    0x0, 0x0, 0x0, 0x4f, 0xd9, 0x99, 0xaf, 0xa0,
    0x0, 0x0, 0x0, 0xb, 0xff, 0xff, 0xfd, 0x30,

    /* U+7B3A "笺" */
    0x0, 0x19, 0x40, 0x0, 0x19, 0x30, 0x0, 0x0,
    0x0, 0x7f, 0x93, 0x32, 0x7f, 0x73, 0x33, 0x30,
    0x1, 0xef, 0xff, 0xfd, 0xff, 0xff, 0xff, 0xf3,
    0xb, 0xf8, 0xfd, 0x4e, 0xf6, 0x4e, 0xf4, 0x40,
    0x1b, 0xa0, 0x8b, 0x89, 0x7e, 0xa6, 0x91, 0x0,
    0x0, 0x0, 0x3, 0xfb, 0x4a, 0xfb, 0xab, 0x20,
    0x4, 0xcd, 0xef, 0xff, 0xff, 0xfe, 0xdb, 0x30,
    0x3, 0xba, 0x87, 0xef, 0x31, 0x0, 0x13, 0x40,
    0x0, 0x12, 0x46, 0xcf, 0xcc, 0xef, 0xff, 0xf0,
    0xd, 0xff, 0xff, 0xff, 0xfa, 0x97, 0x96, 0x20,
    0x6, 0x65, 0x31, 0xc, 0xf3, 0x29, 0xff, 0x20,
    0x0, 0x0, 0x0, 0x6, 0xfe, 0xff, 0xa2, 0x0,
    0x1, 0x35, 0x8b, 0xef, 0xff, 0xf4, 0x1, 0xe5,
    0x4, 0xff, 0xff, 0xc8, 0x49, 0xff, 0xcd, 0xf5,
    0x0, 0x65, 0x20, 0x0, 0x0, 0x4b, 0xff, 0xb0,

    /* U+7B49 "等" */
    0x0, 0x39, 0x30, 0x0, 0x9, 0x70, 0x0, 0x0,
    0x0, 0xbf, 0xb7, 0x76, 0x3f, 0xe7, 0x77, 0x71,
    0x5, 0xff, 0xff, 0xff, 0xdf, 0xff, 0xff, 0xf3,
    0x4f, 0xf4, 0xfb, 0x9, 0xf9, 0x3f, 0xc0, 0x0,
    0x1a, 0x40, 0x75, 0xb, 0xf0, 0x7, 0x60, 0x0,
    0x0, 0xaf, 0xff, 0xff, 0xff, 0xff, 0xfc, 0x0,
    0x0, 0x58, 0x88, 0x8f, 0xf8, 0x88, 0x87, 0x0,
    0x14, 0x44, 0x44, 0x4e, 0xf4, 0x44, 0x44, 0x41,
    0x4f, 0xff, 0xff, 0xff, 0xff, 0xff, 0xff, 0xf5,
    0x3, 0x33, 0x33, 0x33, 0x33, 0xdf, 0x43, 0x31,
    0xb, 0xff, 0xff, 0xff, 0xff, 0xff, 0xff, 0xc0,
    0x7, 0x99, 0xfe, 0x99, 0x99, 0xef, 0xa9, 0x80,
    0x0, 0x2, 0xdf, 0x90, 0x0, 0xdf, 0x10, 0x0,
    0x0, 0x0, 0xb, 0xd2, 0x9a, 0xff, 0x0, 0x0,
    0x0, 0x0, 0x0, 0x10, 0xaf, 0xe9, 0x0, 0x0,
    0x0, 0x0, 0x0, 0x0, 0x0, 0x0, 0x0, 0x0,

    /* U+7BA1 "管" */
    0x0, 0x46, 0x10, 0x0, 0x6, 0x50, 0x0, 0x0,
    0x0, 0xdf, 0x64, 0x43, 0x1f, 0xe4, 0x44, 0x40,
    0x6, 0xff, 0xff, 0xfc, 0x8f, 0xff, 0xff, 0xf1,
    0x2e, 0xe1, 0x9f, 0x22, 0xec, 0xa, 0xf4, 0x0,
    0x8, 0x61, 0x38, 0x4f, 0xc2, 0x12, 0x93, 0x10,
    0xc, 0xff, 0xff, 0xff, 0xff, 0xff, 0xff, 0xc0,
    0xc, 0xf4, 0x44, 0x44, 0x44, 0x44, 0x4f, 0xc0,
    0x8, 0xad, 0xff, 0xff, 0xff, 0xff, 0xdb, 0x80,
    0x0, 0xd, 0xf3, 0x33, 0x33, 0x3f, 0xd0, 0x0,
    0x0, 0xd, 0xff, 0xff, 0xff, 0xff, 0xd0, 0x0,
    0x0, 0xd, 0xf5, 0x55, 0x55, 0x55, 0x40, 0x0,
    0x0, 0xd, 0xfd, 0xdd, 0xdd, 0xdd, 0xd9, 0x0,
    0x0, 0xd, 0xf9, 0x99, 0x99, 0x9a, 0xfb, 0x0,
    0x0, 0xd, 0xf6, 0x66, 0x66, 0x67, 0xfb, 0x0,
    0x0, 0xd, 0xff, 0xff, 0xff, 0xff, 0xfb, 0x0,
    0x0, 0x0, 0x0, 0x0, 0x0, 0x0, 0x0, 0x0,

    /* U+7C7B "类" */
    0x0, 0x5, 0x50, 0xf, 0xe0, 0x5, 0x72, 0x0,
    0x0, 0x1e, 0xf2, 0xf, 0xe0, 0x1e, 0xf2, 0x0,
    0x0, 0x5, 0xfa, 0xf, 0xe0, 0x9f, 0x60, 0x0,
    0x9, 0xaa, 0xfb, 0xaf, 0xfa, 0xbe, 0xaa, 0xa0,
    0xf, 0xff, 0xff, 0xff, 0xff, 0xff, 0xff, 0xf0,
    0x0, 0x0, 0x3d, 0xff, 0xff, 0xc5, 0x0, 0x0,
    0x0, 0x3a, 0xff, 0x8f, 0xfa, 0xff, 0xd6, 0x0,
    0x1d, 0xff, 0xe4, 0xe, 0xd0, 0x2a, 0xff, 0xd0,
    0x8, 0xe7, 0x0, 0x7, 0x60, 0x0, 0x2b, 0x70,
    0x1, 0x11, 0x11, 0x2f, 0xd1, 0x11, 0x11, 0x10,
    0x1f, 0xff, 0xff, 0xff, 0xff, 0xff, 0xff, 0xf2,
    0x9, 0x99, 0x9a, 0xff, 0xff, 0x99, 0x99, 0x91,
    0x0, 0x0, 0x2b, 0xfc, 0xbf, 0xa1, 0x0, 0x0,
    0x3, 0x7b, 0xff, 0xd1, 0xb, 0xff, 0xb6, 0x31,
    0x1f, 0xff, 0xd7, 0x0, 0x0, 0x6d, 0xff, 0xf2,
    0x5, 0x62, 0x0, 0x0, 0x0, 0x0, 0x37, 0x50,

    /* U+7C89 "粉" */
    0x0, 0x1f, 0xa0, 0x0, 0x28, 0x36, 0x90, 0x0,
    0x2c, 0x2f, 0xa9, 0xb0, 0x7f, 0x49, 0xf1, 0x0,
    0x1f, 0x5f, 0xad, 0xb0, 0xbf, 0x5, 0xf6, 0x0,
    0xe, 0x9f, 0xbf, 0x52, 0xfb, 0x0, 0xfc, 0x0,
    0xb, 0xaf, 0xee, 0xb, 0xf4, 0x0, 0xaf, 0x50,
    0x26, 0x6f, 0xc5, 0xaf, 0xb0, 0x0, 0x2f, 0xf2,
    0x5f, 0xff, 0xff, 0xdf, 0xba, 0xaa, 0xbe, 0xc0,
    0x25, 0xbf, 0xd5, 0x3a, 0xff, 0xff, 0xff, 0x20,
    0x0, 0xef, 0xf5, 0x0, 0x3f, 0xa0, 0xcf, 0x0,
    0x5, 0xff, 0xff, 0x40, 0x4f, 0x70, 0xcf, 0x0,
    0xe, 0xdf, 0xbe, 0x80, 0x9f, 0x30, 0xde, 0x0,
    0x7f, 0x6f, 0xa3, 0x0, 0xee, 0x0, 0xfd, 0x0,
    0x1c, 0x1f, 0xa0, 0x9, 0xf7, 0x1, 0xfb, 0x0,
    0x0, 0x1f, 0xa0, 0x9f, 0xc0, 0x8b, 0xf8, 0x0,
    0x0, 0x1f, 0xa0, 0x6c, 0x10, 0x9f, 0xd2, 0x0,
    0x0, 0x2, 0x10, 0x0, 0x0, 0x0, 0x0, 0x0,

    /* U+7C97 "粗" */
    0x0, 0xe, 0xe0, 0x0, 0x0, 0x0, 0x0, 0x0,
    0x19, 0x1e, 0xe2, 0xa3, 0xff, 0xff, 0xff, 0x0,
    0xf, 0x6e, 0xe5, 0xf2, 0xfe, 0xbb, 0xef, 0x0,
    0xc, 0xae, 0xe9, 0xd0, 0xfb, 0x0, 0xcf, 0x0,
    0x9, 0xde, 0xed, 0x80, 0xfb, 0x0, 0xcf, 0x0,
    0x4, 0x4e, 0xe5, 0x30, 0xfe, 0xbb, 0xef, 0x0,
    0x3f, 0xff, 0xff, 0xf0, 0xff, 0xff, 0xff, 0x0,
    0x2a, 0xcf, 0xfa, 0x90, 0xfb, 0x0, 0xcf, 0x0,
    0x0, 0xaf, 0xf6, 0x0, 0xfb, 0x0, 0xcf, 0x0,
    0x1, 0xff, 0xff, 0x50, 0xfe, 0xaa, 0xef, 0x0,
    0xa, 0xee, 0xe9, 0xe0, 0xff, 0xff, 0xff, 0x0,
    0x4f, 0x7e, 0xe0, 0x40, 0xfb, 0x0, 0xcf, 0x0,
    0x1d, 0xe, 0xe0, 0x0, 0xfb, 0x0, 0xcf, 0x0,
    0x1, 0xe, 0xe0, 0x7d, 0xff, 0xdd, 0xff, 0xd3,
    0x0, 0xe, 0xe0, 0x8f, 0xff, 0xff, 0xff, 0xf4,

    /* U+7CFB "系" */
    0x0, 0x0, 0x0, 0x0, 0x0, 0x35, 0x70, 0x0,
    0x2, 0x77, 0x8a, 0xbc, 0xef, 0xff, 0xf8, 0x0,
    0x3, 0xff, 0xff, 0xff, 0xca, 0x85, 0x30, 0x0,
    0x0, 0x22, 0x2c, 0xf7, 0x0, 0x65, 0x0, 0x0,
    0x0, 0x4, 0xee, 0x40, 0x2a, 0xfe, 0x10, 0x0,
    0x0, 0x6f, 0xff, 0xff, 0xff, 0x91, 0x0, 0x0,
    0x0, 0x3a, 0x8b, 0xff, 0xc3, 0x3a, 0x20, 0x0,
    0x0, 0x4, 0xbf, 0xe7, 0x34, 0x7f, 0xe2, 0x0,
    0x2, 0xdf, 0xff, 0xff, 0xff, 0xff, 0xfe, 0x20,
    0x0, 0xdb, 0x98, 0x6e, 0xf3, 0x10, 0x3f, 0x90,
    0x0, 0x4, 0xa3, 0xd, 0xf0, 0x5b, 0x22, 0x0,
    0x0, 0x4f, 0xf4, 0xd, 0xf0, 0x7f, 0xf5, 0x0,
    0x8, 0xff, 0x50, 0xd, 0xf0, 0x4, 0xff, 0x70,
    0x9, 0xe4, 0x1c, 0xcf, 0xf0, 0x0, 0x3f, 0x80,
    0x0, 0x0, 0xb, 0xfd, 0x60, 0x0, 0x1, 0x0,

    /* U+7D19 "紙" */
    0x0, 0x8, 0x60, 0x0, 0x0, 0x0, 0x37, 0x20,
    0x0, 0x2f, 0xb0, 0x3, 0x68, 0xbf, 0xff, 0xd0,
    0x0, 0xaf, 0x24, 0xc, 0xff, 0xef, 0xd4, 0x10,
    0x3, 0xf8, 0x3f, 0x8c, 0xf0, 0xf, 0xa0, 0x0,
    0x1e, 0xf5, 0xdf, 0x2c, 0xf0, 0xf, 0xa0, 0x0,
    0x6f, 0xff, 0xf7, 0xc, 0xf0, 0xf, 0xa0, 0x0,
    0x16, 0x7f, 0xc8, 0xc, 0xfa, 0xaf, 0xea, 0xa3,
    0x2, 0xed, 0x2f, 0x6c, 0xff, 0xff, 0xff, 0xf5,
    0x3e, 0xfe, 0xff, 0xcc, 0xf0, 0xd, 0xd0, 0x0,
    0x2f, 0xca, 0x7a, 0xbc, 0xf0, 0xb, 0xe0, 0x0,
    0x4, 0x2, 0x3a, 0x6c, 0xf0, 0x9, 0xf0, 0x0,
    0xf, 0x9c, 0xab, 0xcc, 0xf0, 0x7, 0xf2, 0x94,
    0x1f, 0x7a, 0xd7, 0xec, 0xf6, 0xa6, 0xf6, 0xc9,
    0x4f, 0x49, 0xe1, 0x2f, 0xff, 0xf3, 0xde, 0xf6,
    0x3b, 0x11, 0x10, 0xe, 0xb5, 0x0, 0x4e, 0xd1,
    0x0, 0x0, 0x0, 0x1, 0x0, 0x0, 0x0, 0x0,

    /* U+7D22 "索" */
    0x0, 0x0, 0x0, 0xd, 0xf0, 0x0, 0x0, 0x0,
    0x6, 0x88, 0x88, 0x8e, 0xf8, 0x88, 0x88, 0x70,
    0xc, 0xff, 0xff, 0xff, 0xff, 0xff, 0xff, 0xe0,
    0x0, 0x0, 0x0, 0xd, 0xf1, 0x0, 0x0, 0x0,
    0xb, 0xbb, 0xbb, 0xbf, 0xfc, 0xbb, 0xbb, 0xb0,
    0x1f, 0xec, 0xcc, 0xef, 0xdc, 0xcc, 0xcf, 0xf1,
    0x1f, 0xa0, 0x8, 0xfc, 0x21, 0x82, 0xb, 0xf1,
    0x8, 0x66, 0xde, 0x62, 0x7f, 0xf7, 0x6, 0x80,
    0x0, 0xf, 0xff, 0xff, 0xf9, 0x28, 0x20, 0x0,
    0x0, 0x7, 0xdf, 0xe9, 0x44, 0x7f, 0xf4, 0x0,
    0x3, 0xff, 0xff, 0xff, 0xff, 0xed, 0xef, 0x60,
    0x0, 0x86, 0xa4, 0x39, 0xf4, 0x16, 0x1b, 0x60,
    0x0, 0x3c, 0xf9, 0x7, 0xf4, 0x9f, 0xd4, 0x0,
    0xa, 0xff, 0x67, 0x9c, 0xf3, 0x4, 0xef, 0xa0,
    0x4, 0xa2, 0x6, 0xff, 0xb0, 0x0, 0x9, 0x40,
    0x0, 0x0, 0x0, 0x0, 0x0, 0x0, 0x0, 0x0,

    /* U+7D2B "紫" */
    0x0, 0x0, 0xde, 0x0, 0x8f, 0x40, 0x0, 0x0,
    0x4, 0x70, 0xdf, 0x11, 0x8f, 0x40, 0x49, 0x0,
    0x8, 0xf1, 0xdf, 0xfe, 0x8f, 0xbe, 0xff, 0x70,
    0x8, 0xf1, 0xdf, 0x55, 0x8f, 0xea, 0x52, 0x0,
    0x8, 0xf1, 0xdf, 0x57, 0x8f, 0x50, 0x7, 0xe3,
    0x5e, 0xff, 0xff, 0xff, 0x5f, 0xff, 0xff, 0xf0,
    0x5b, 0x97, 0x58, 0xef, 0x34, 0xa7, 0x77, 0x20,
    0x0, 0x38, 0xef, 0xfc, 0xac, 0xf6, 0x0, 0x0,
    0x0, 0x8f, 0xfd, 0xff, 0xfc, 0x68, 0x20, 0x0,
    0x0, 0x12, 0x7d, 0xfb, 0x52, 0x5f, 0xf4, 0x0,
    0x3, 0xcf, 0xff, 0xff, 0xff, 0xff, 0xff, 0x40,
    0x1, 0xdb, 0xa8, 0x7f, 0xf3, 0x34, 0x2e, 0xd0,
    0x0, 0x3c, 0xf5, 0xe, 0xe0, 0xcf, 0xa3, 0x0,
    0x1b, 0xfe, 0x57, 0x8f, 0xe0, 0x6, 0xff, 0x60,
    0x5, 0x80, 0xa, 0xfe, 0x70, 0x0, 0x18, 0x10,
    0x0, 0x0, 0x0, 0x0, 0x0, 0x0, 0x0, 0x0,

    /* U+7D50 "結" */
    0x0, 0x0, 0x0, 0x0, 0x0, 0x0, 0x0, 0x0,
    0x0, 0xc, 0x70, 0x0, 0x1, 0xff, 0x0, 0x0,
    0x0, 0x4f, 0x90, 0x0, 0x1, 0xff, 0x0, 0x0,
    0x0, 0xcf, 0x10, 0x3a, 0xaa, 0xff, 0xaa, 0xa3,
    0x5, 0xf7, 0x6d, 0x8f, 0xff, 0xff, 0xff, 0xf4,
    0x2e, 0xc2, 0xef, 0x10, 0x2, 0xff, 0x0, 0x0,
    0x5f, 0xff, 0xf6, 0x0, 0x1, 0xff, 0x0, 0x0,
    0x19, 0xaf, 0xb4, 0xd, 0xff, 0xff, 0xff, 0xe0,
    0x1, 0xed, 0x5f, 0x29, 0xbb, 0xbb, 0xbb, 0xa0,
    0x2d, 0xfb, 0xbf, 0x70, 0x0, 0x0, 0x0, 0x0,
    0x3f, 0xfe, 0xce, 0xbb, 0xff, 0xff, 0xff, 0xb0,
    0x4, 0x10, 0x19, 0x1b, 0xfa, 0xaa, 0xaf, 0xb0,
    0xe, 0x7e, 0x8f, 0x4b, 0xf0, 0x0, 0xf, 0xb0,
    0xf, 0x6d, 0x8d, 0x9b, 0xf0, 0x0, 0xf, 0xb0,
    0x3f, 0x3b, 0xa8, 0x8b, 0xff, 0xff, 0xff, 0xb0,
    0x4c, 0x7, 0x60, 0xb, 0xfa, 0xaa, 0xbf, 0xb0,
    0x0, 0x0, 0x0, 0x0, 0x10, 0x0, 0x0, 0x0,

    /* U+7D9A "続" */
    0x0, 0xc, 0x40, 0x0, 0x0, 0xcf, 0x0, 0x0,
    0x0, 0x6f, 0x40, 0x3a, 0xaa, 0xef, 0xaa, 0xa4,
    0x0, 0xdc, 0x10, 0x6f, 0xff, 0xff, 0xff, 0xf6,
    0x6, 0xf4, 0x8e, 0x10, 0x0, 0xcf, 0x0, 0x0,
    0x2e, 0xa2, 0xfb, 0xb, 0xee, 0xff, 0xee, 0xa0,
    0x5f, 0xff, 0xf2, 0x7, 0x99, 0x99, 0x99, 0x70,
    0x2c, 0xcf, 0x60, 0x27, 0x77, 0x77, 0x77, 0x73,
    0x1, 0xeb, 0x8a, 0x6f, 0xff, 0xff, 0xff, 0xf8,
    0x1c, 0xf9, 0xdf, 0x6f, 0x48, 0x34, 0x82, 0xf8,
    0x4f, 0xfe, 0xbf, 0x8a, 0x5f, 0x69, 0xf3, 0xa5,
    0x6, 0x10, 0x19, 0x0, 0x5f, 0x59, 0xf2, 0x0,
    0xb, 0x8e, 0x7f, 0x20, 0x9f, 0x29, 0xf2, 0x10,
    0xe, 0x7d, 0x7c, 0x83, 0xfd, 0x9, 0xf2, 0xac,
    0x2f, 0x3b, 0x94, 0x8e, 0xf4, 0x8, 0xfa, 0xec,
    0x3b, 0x3, 0x10, 0xbf, 0x50, 0x3, 0xef, 0xf5,
    0x0, 0x0, 0x0, 0x1, 0x0, 0x0, 0x0, 0x0,

    /* U+7DDA "線" */
    0x0, 0x8, 0x20, 0x0, 0x0, 0x96, 0x0, 0x0,
    0x0, 0x5f, 0x80, 0x0, 0x4, 0xfa, 0x0, 0x0,
    0x0, 0xdf, 0x21, 0xb, 0xff, 0xff, 0xff, 0xc0,
    0x5, 0xf7, 0x8f, 0x3c, 0xf6, 0x66, 0x6f, 0xd0,
    0x1e, 0xd1, 0xfe, 0xc, 0xf6, 0x66, 0x6f, 0xd0,
    0x7f, 0xff, 0xf5, 0xc, 0xfe, 0xee, 0xef, 0xd0,
    0x29, 0xcf, 0xb3, 0xc, 0xf6, 0x66, 0x6f, 0xd0,
    0x2, 0xfd, 0xad, 0xb, 0xff, 0xff, 0xff, 0xc0,
    0x2e, 0xfb, 0xdf, 0x10, 0x0, 0xcf, 0x3, 0x50,
    0x3f, 0xfe, 0xcf, 0xbf, 0xfe, 0xcf, 0x9f, 0xe1,
    0x5, 0x10, 0x39, 0x37, 0xfc, 0xcf, 0xfc, 0x10,
    0xe, 0x8f, 0x8f, 0x8, 0xf4, 0xcf, 0xfb, 0x0,
    0x1f, 0x5f, 0x6b, 0xaf, 0xa0, 0xcf, 0x8f, 0xb1,
    0x4f, 0x2e, 0x60, 0xca, 0x3a, 0xef, 0xa, 0xe2,
    0x39, 0x1, 0x0, 0x0, 0xf, 0xe8, 0x0, 0x20,

    /* U+7EB8 "纸" */
    0x0, 0x7, 0x60, 0x0, 0x0, 0x0, 0x37, 0x10,
    0x0, 0xe, 0xe0, 0x4, 0x69, 0xcf, 0xff, 0xb0,
    0x0, 0x6f, 0x70, 0xf, 0xff, 0xef, 0xc4, 0x0,
    0x0, 0xee, 0x2, 0xf, 0xb0, 0x3f, 0x90, 0x0,
    0x8, 0xf4, 0x4f, 0x6f, 0xb0, 0x2f, 0x90, 0x0,
    0x4f, 0xfb, 0xee, 0x1f, 0xb0, 0x2f, 0x90, 0x0,
    0x2f, 0xef, 0xf5, 0xf, 0xea, 0xbf, 0xea, 0xa2,
    0x1, 0x4f, 0xa0, 0xf, 0xff, 0xff, 0xff, 0xf3,
    0x2, 0xfe, 0x68, 0x5f, 0xb0, 0xf, 0xc0, 0x0,
    0x2e, 0xff, 0xff, 0x6f, 0xb0, 0xe, 0xc0, 0x0,
    0x1e, 0x96, 0x30, 0xf, 0xb0, 0xc, 0xe0, 0x0,
    0x0, 0x0, 0x14, 0x2f, 0xb0, 0x9, 0xf1, 0xb4,
    0x17, 0xae, 0xff, 0x6f, 0xc7, 0xc7, 0xf5, 0xe8,
    0x4f, 0xfc, 0x84, 0x6f, 0xff, 0xe3, 0xfe, 0xf5,
    0x5, 0x10, 0x0, 0x4f, 0x93, 0x0, 0x6f, 0xc0,
    0x0, 0x0, 0x0, 0x1, 0x0, 0x0, 0x0, 0x0,

    /* U+7EBF "线" */
    0x0, 0x8, 0x70, 0x0, 0xe, 0xe2, 0x91, 0x0,
    0x0, 0xf, 0xe0, 0x0, 0xe, 0xe5, 0xfe, 0x10,
    0x0, 0x7f, 0x60, 0x0, 0xd, 0xe0, 0x3a, 0x20,
    0x1, 0xed, 0x7, 0x15, 0x7e, 0xff, 0xff, 0x90,
    0xa, 0xf3, 0x7f, 0x7f, 0xff, 0xfb, 0x86, 0x30,
    0x4f, 0xfe, 0xfd, 0x4, 0x2b, 0xf1, 0x1, 0x30,
    0x1d, 0xbf, 0xf3, 0x0, 0x2b, 0xfc, 0xef, 0xf0,
    0x0, 0x7f, 0x80, 0x5f, 0xff, 0xff, 0xc9, 0x60,
    0x5, 0xff, 0x8b, 0x6b, 0x88, 0xf8, 0x9, 0xa1,
    0x2f, 0xff, 0xfd, 0x10, 0x1, 0xfb, 0x6f, 0xb0,
    0xb, 0x73, 0x0, 0x0, 0x0, 0xdf, 0xfd, 0x10,
    0x0, 0x4, 0x9e, 0x30, 0x3, 0xef, 0xc1, 0x10,
    0x2b, 0xff, 0xfb, 0x34, 0xbf, 0xff, 0xc0, 0xd4,
    0x1f, 0xc6, 0x10, 0xbf, 0xfb, 0x2b, 0xfe, 0xf4,
    0x1, 0x0, 0x0, 0x29, 0x30, 0x1, 0xbf, 0xb0,

    /* U+7EC6 "细" */
    0x0, 0x6, 0x81, 0x0, 0x0, 0x0, 0x0, 0x0,
    0x0, 0xd, 0xf3, 0xf, 0xff, 0xff, 0xff, 0xf0,
    0x0, 0x6f, 0xa0, 0xf, 0xff, 0xff, 0xff, 0xf0,
    0x0, 0xef, 0x10, 0xf, 0xa0, 0xfb, 0xb, 0xf0,
    0xa, 0xf5, 0xa, 0x4f, 0xa0, 0xfb, 0xb, 0xf0,
    0x6f, 0xe9, 0xcf, 0xbf, 0xa0, 0xfb, 0xb, 0xf0,
    0x4f, 0xff, 0xfd, 0x1f, 0xa0, 0xfb, 0xb, 0xf0,
    0x3, 0x2e, 0xe2, 0xf, 0xff, 0xff, 0xff, 0xf0,
    0x1, 0xdf, 0x54, 0x2f, 0xeb, 0xfe, 0xbe, 0xf0,
    0x3e, 0xff, 0xff, 0x8f, 0xa0, 0xfb, 0xb, 0xf0,
    0x2f, 0xb9, 0x64, 0x1f, 0xa0, 0xfb, 0xb, 0xf0,
    0x0, 0x0, 0x1, 0x1f, 0xa0, 0xfb, 0xb, 0xf0,
    0x27, 0x9c, 0xef, 0x9f, 0xeb, 0xfe, 0xbe, 0xf0,
    0x6f, 0xfe, 0xb8, 0x3f, 0xff, 0xff, 0xff, 0xf0,
    0x14, 0x10, 0x0, 0xe, 0x90, 0x0, 0x8, 0xb0,

    /* U+7EC8 "终" */
    0x0, 0x6, 0x20, 0x0, 0x7, 0x50, 0x0, 0x0,
    0x0, 0x1f, 0xe0, 0x0, 0x5f, 0xb0, 0x0, 0x0,
    0x0, 0x7f, 0x70, 0x1, 0xef, 0xff, 0xff, 0x80,
    0x0, 0xee, 0x0, 0xb, 0xfd, 0x88, 0xdf, 0x60,
    0x8, 0xf5, 0x5e, 0xcf, 0xff, 0x44, 0xfc, 0x0,
    0x5f, 0xe8, 0xef, 0x8b, 0x2e, 0xff, 0xe2, 0x0,
    0x5f, 0xff, 0xf6, 0x0, 0x9, 0xff, 0x90, 0x0,
    0x3, 0x5f, 0xa0, 0x4, 0xcf, 0xee, 0xfc, 0x40,
    0x2, 0xed, 0x23, 0xbf, 0xf9, 0x11, 0xbf, 0xf7,
    0x3e, 0xff, 0xff, 0x3a, 0x38, 0xe7, 0x4, 0x90,
    0x2f, 0xda, 0x85, 0x0, 0x5, 0xcf, 0xe2, 0x0,
    0x1, 0x0, 0x0, 0x10, 0x51, 0x4, 0xa0, 0x0,
    0x14, 0x7a, 0xdf, 0x87, 0xff, 0xb5, 0x0, 0x0,
    0x6f, 0xff, 0xda, 0x40, 0x49, 0xff, 0xe8, 0x10,
    0x27, 0x41, 0x0, 0x0, 0x0, 0x6, 0xde, 0x10,
    0x0, 0x0, 0x0, 0x0, 0x0, 0x0, 0x2, 0x0,

    /* U+7ED3 "结" */
    0x0, 0xb, 0x60, 0x0, 0x1, 0xff, 0x0, 0x0,
    0x0, 0x3f, 0xd0, 0x0, 0x1, 0xff, 0x0, 0x0,
    0x0, 0xbf, 0x60, 0x4b, 0xbb, 0xff, 0xbb, 0xb2,
    0x4, 0xfc, 0x4, 0x6f, 0xff, 0xff, 0xff, 0xf4,
    0xd, 0xf2, 0x6f, 0x80, 0x2, 0xff, 0x10, 0x0,
    0x8f, 0xeb, 0xff, 0x30, 0x1, 0xff, 0x0, 0x0,
    0x4f, 0xff, 0xf7, 0xf, 0xff, 0xff, 0xff, 0xe0,
    0x1, 0x7f, 0xb0, 0xc, 0xcc, 0xcc, 0xcc, 0xa0,
    0x5, 0xfd, 0x45, 0x30, 0x0, 0x0, 0x0, 0x0,
    0x5f, 0xff, 0xff, 0x8c, 0xff, 0xff, 0xff, 0xd0,
    0x2f, 0xd9, 0x73, 0x1c, 0xfa, 0xaa, 0xaf, 0xd0,
    0x1, 0x0, 0x0, 0x1c, 0xf0, 0x0, 0xf, 0xd0,
    0x15, 0x7a, 0xdf, 0xac, 0xf0, 0x0, 0xf, 0xd0,
    0x7f, 0xff, 0xeb, 0x5c, 0xff, 0xff, 0xff, 0xd0,
    0x38, 0x52, 0x0, 0xc, 0xfa, 0xaa, 0xbf, 0xd0,
    0x0, 0x0, 0x0, 0x0, 0x10, 0x0, 0x0, 0x0,

    /* U+7EDC "络" */
    0x0, 0x4, 0x10, 0x0, 0x29, 0x30, 0x0, 0x0,
    0x0, 0xf, 0xe0, 0x0, 0x9f, 0x40, 0x1, 0x0,
    0x0, 0x7f, 0x80, 0x3, 0xff, 0xff, 0xff, 0xb0,
    0x0, 0xee, 0x10, 0x1e, 0xfa, 0x99, 0xcf, 0x90,
    0x8, 0xf5, 0x6c, 0xdf, 0xfa, 0x2, 0xee, 0x10,
    0x5f, 0xe8, 0xef, 0xb9, 0x8f, 0xae, 0xf4, 0x0,
    0x5f, 0xff, 0xf7, 0x0, 0xd, 0xff, 0x80, 0x0,
    0x15, 0x7f, 0xb0, 0x28, 0xef, 0xef, 0xfb, 0x51,
    0x2, 0xfe, 0x58, 0xff, 0xf8, 0x2, 0xbf, 0xf6,
    0x3e, 0xff, 0xff, 0x8e, 0xba, 0xaa, 0xac, 0xc1,
    0x3f, 0xd9, 0x52, 0xd, 0xff, 0xff, 0xff, 0x60,
    0x2, 0x0, 0x38, 0xd, 0xd0, 0x0, 0x5f, 0x60,
    0x4, 0x9e, 0xff, 0x3d, 0xd0, 0x0, 0x5f, 0x60,
    0x5f, 0xfd, 0x72, 0xd, 0xff, 0xff, 0xff, 0x60,
    0x18, 0x20, 0x0, 0xd, 0xe8, 0x88, 0xbf, 0x60,
    0x0, 0x0, 0x0, 0x0, 0x0, 0x0, 0x0, 0x0,

    /* U+7EDF "统" */
    0x0, 0x9, 0x30, 0x0, 0x4, 0xa1, 0x0, 0x0,
    0x0, 0x3f, 0xc0, 0x0, 0x7, 0xf8, 0x0, 0x0,
    0x0, 0xaf, 0x50, 0x78, 0x8a, 0xfb, 0x88, 0x80,
    0x2, 0xfc, 0x21, 0xdf, 0xff, 0xff, 0xff, 0xf1,
    0xb, 0xf3, 0xae, 0x21, 0x9f, 0xa1, 0x63, 0x10,
    0x7f, 0xfc, 0xfb, 0x5, 0xfd, 0x1, 0xed, 0x0,
    0x4f, 0xff, 0xf3, 0x7f, 0xfa, 0x9a, 0xef, 0x70,
    0x1, 0x9f, 0x70, 0xff, 0xff, 0xfd, 0xbe, 0xf0,
    0x6, 0xfe, 0x89, 0x57, 0xd7, 0x1a, 0x74, 0x60,
    0x5f, 0xff, 0xfb, 0x4, 0xf8, 0x2f, 0xb0, 0x0,
    0x3e, 0x95, 0x10, 0x6, 0xf6, 0x2f, 0xb0, 0x0,
    0x0, 0x2, 0x8c, 0xa, 0xf3, 0x2f, 0xb1, 0x81,
    0x18, 0xdf, 0xfc, 0x3f, 0xe0, 0x2f, 0xb1, 0xf4,
    0x4f, 0xf9, 0x36, 0xff, 0x60, 0x1f, 0xea, 0xf2,
    0x6, 0x0, 0x7, 0xf7, 0x0, 0xb, 0xff, 0xb0,
    0x0, 0x0, 0x0, 0x20, 0x0, 0x0, 0x0, 0x0,

    /* U+7EE7 "继" */
    0x0, 0x0, 0x0, 0x0, 0x0, 0x0, 0x0, 0x0,
    0x0, 0xd, 0x30, 0x0, 0x0, 0xf, 0x70, 0x0,
    0x0, 0x4f, 0xa0, 0x9f, 0x13, 0xf, 0x71, 0x30,
    0x0, 0xaf, 0x30, 0x9f, 0x5e, 0xf, 0x77, 0xe0,
    0x1, 0xfb, 0x0, 0x9f, 0x1f, 0x4f, 0x7c, 0x80,
    0x9, 0xf3, 0x7c, 0xbf, 0xa, 0x5f, 0x8c, 0x10,
    0x5f, 0xc6, 0xed, 0xaf, 0x69, 0x9f, 0xc9, 0x92,
    0x5f, 0xff, 0xf3, 0x9f, 0xaf, 0xff, 0xff, 0xf4,
    0x14, 0x7f, 0x90, 0x9f, 0x0, 0xbf, 0xf3, 0x0,
    0x2, 0xed, 0x12, 0x9f, 0x4, 0xff, 0xfe, 0x10,
    0x2d, 0xff, 0xfc, 0x9f, 0x1e, 0xaf, 0x8d, 0xc0,
    0x4f, 0xeb, 0x73, 0x9f, 0x8f, 0x2f, 0x74, 0xf2,
    0x3, 0x0, 0x1, 0x9f, 0x25, 0xf, 0x70, 0x20,
    0x15, 0x8b, 0xef, 0x9f, 0x0, 0xe, 0x60, 0x0,
    0x5f, 0xeb, 0x73, 0x9f, 0xff, 0xff, 0xff, 0xf6,
    0x13, 0x0, 0x0, 0x6a, 0xaa, 0xaa, 0xaa, 0xa4,

    /* U+7EED "续" */
    0x0, 0xa, 0x50, 0x0, 0x4, 0xf7, 0x0, 0x0,
    0x0, 0x1f, 0xa0, 0x7, 0x7a, 0xfb, 0x77, 0x20,
    0x0, 0x8f, 0x30, 0xf, 0xff, 0xff, 0xff, 0x40,
    0x1, 0xfa, 0x10, 0x0, 0x5, 0xf8, 0x0, 0x0,
    0x9, 0xf1, 0x9d, 0x7b, 0xbc, 0xfd, 0xbb, 0xb1,
    0x5f, 0xc8, 0xfa, 0x7d, 0xdd, 0xdd, 0xdf, 0xe0,
    0x4f, 0xdf, 0xf1, 0x4, 0xd5, 0xdb, 0xf, 0x90,
    0x0, 0x5f, 0x60, 0x37, 0x7c, 0xec, 0x17, 0x20,
    0x2, 0xef, 0xb9, 0x4e, 0xc0, 0xfb, 0x0, 0x0,
    0x2e, 0xff, 0xe7, 0x79, 0xc8, 0xfd, 0x88, 0x80,
    0x2e, 0x72, 0x0, 0xef, 0xff, 0xff, 0xff, 0xf0,
    0x0, 0x16, 0xcb, 0x0, 0x2e, 0xe5, 0x60, 0x0,
    0x3b, 0xff, 0xd6, 0x2, 0xdf, 0x6a, 0xfa, 0x0,
    0x3f, 0xa4, 0x0, 0x7f, 0xf7, 0x0, 0x8f, 0xc1,
    0x1, 0x0, 0x0, 0xbd, 0x40, 0x0, 0x6, 0xd2,
    0x0, 0x0, 0x0, 0x0, 0x0, 0x0, 0x0, 0x0,

    /* U+7EFF "绿" */
    0x0, 0x4, 0x0, 0x0, 0x0, 0x0, 0x0, 0x0,
    0x0, 0x5f, 0x80, 0xf, 0xff, 0xff, 0xff, 0x70,
    0x0, 0xaf, 0x40, 0x8, 0x88, 0x88, 0xaf, 0x70,
    0x1, 0xfc, 0x0, 0x4, 0x66, 0x66, 0x9f, 0x60,
    0x9, 0xf3, 0x99, 0xa, 0xff, 0xff, 0xff, 0x50,
    0x4f, 0xd6, 0xfc, 0x0, 0x0, 0x0, 0x6f, 0x40,
    0x5f, 0xff, 0xf3, 0x6f, 0xff, 0xff, 0xff, 0xf7,
    0x16, 0x9f, 0x80, 0x5b, 0xbb, 0xfe, 0xbb, 0xb5,
    0x2, 0xec, 0x12, 0x1b, 0x50, 0xfb, 0x7, 0xa1,
    0x2d, 0xff, 0xfa, 0xa, 0xf4, 0xfd, 0xaf, 0x90,
    0x3f, 0xb8, 0x52, 0x0, 0x7b, 0xff, 0xf4, 0x0,
    0x1, 0x2, 0x77, 0x18, 0xfd, 0xfe, 0xfb, 0x10,
    0x29, 0xef, 0xf9, 0xdf, 0x80, 0xfb, 0x5f, 0xf5,
    0x3f, 0xb6, 0x10, 0x33, 0x49, 0xfa, 0x2, 0x90,
    0x1, 0x0, 0x0, 0x0, 0x3f, 0xe4, 0x0, 0x0,

    /* U+7F13 "缓" */
    0x0, 0xa, 0x50, 0x0, 0x1, 0x34, 0x69, 0x40,
    0x0, 0x3, 0xfd, 0x9, 0xff, 0xff, 0xff, 0xea,
    0x0, 0x0, 0xaf, 0x50, 0x4c, 0x78, 0xd2, 0x1d,
    0x70, 0x0, 0x2f, 0xc0, 0x20, 0xf8, 0x5f, 0x37,
    0xf4, 0x0, 0xb, 0xf3, 0x7f, 0x7d, 0xc8, 0xd8,
    0xfd, 0x60, 0x6, 0xff, 0xcf, 0xd8, 0xff, 0xff,
    0xff, 0xff, 0x20, 0x4f, 0xdf, 0xf3, 0x23, 0xfc,
    0x22, 0x22, 0x21, 0x0, 0x6, 0xf8, 0x1f, 0xff,
    0xff, 0xff, 0xff, 0x90, 0x3, 0xfe, 0x69, 0x68,
    0xfa, 0x55, 0x55, 0x52, 0x2, 0xff, 0xff, 0xf1,
    0x7f, 0xff, 0xff, 0xf5, 0x0, 0xe, 0x96, 0x30,
    0xc, 0xfe, 0x55, 0xcf, 0x20, 0x0, 0x0, 0x28,
    0xd4, 0xfe, 0xfa, 0x4f, 0xa0, 0x0, 0x28, 0xdf,
    0xfc, 0xef, 0x39, 0xff, 0xe1, 0x0, 0x5, 0xfe,
    0x83, 0xbf, 0xc6, 0xcf, 0xff, 0xe9, 0x50, 0x15,
    0x0, 0x9, 0xb5, 0xfd, 0x62, 0x8e, 0xf5, 0x0,
    0x0, 0x0, 0x0, 0x2, 0x0, 0x0, 0x2, 0x0,

    /* U+7F51 "网" */
    0xcf, 0xff, 0xff, 0xff, 0xff, 0xff, 0xfc, 0xcf,
    0xbb, 0xbb, 0xbb, 0xbb, 0xbb, 0xfc, 0xcf, 0x10,
    0x7, 0x40, 0x4, 0x61, 0xfc, 0xcf, 0x21, 0xf,
    0x92, 0xa, 0xf1, 0xfc, 0xcf, 0xcd, 0x4f, 0xaf,
    0x7c, 0xd0, 0xfc, 0xcf, 0x5f, 0xff, 0x3a, 0xff,
    0xa0, 0xfc, 0xcf, 0x16, 0xff, 0x0, 0xdf, 0x60,
    0xfc, 0xcf, 0x10, 0xff, 0x50, 0x9f, 0xb0, 0xfc,
    0xcf, 0x15, 0xff, 0xf2, 0xef, 0xf6, 0xfc, 0xcf,
    0x1d, 0xe3, 0xb8, 0xf5, 0xda, 0xfc, 0xcf, 0xaf,
    0x60, 0x3f, 0xc0, 0x21, 0xfc, 0xcf, 0xab, 0x0,
    0x7f, 0x20, 0x0, 0xfc, 0xcf, 0x10, 0x0, 0x1,
    0xa, 0xcd, 0xfb, 0xcf, 0x10, 0x0, 0x0, 0x7,
    0xff, 0xc3,

    /* U+7F6E "置" */
    0x4, 0xff, 0xff, 0xff, 0xff, 0xff, 0xff, 0x60,
    0x4, 0xf9, 0x3b, 0xf3, 0x4f, 0xa3, 0x8f, 0x60,
    0x4, 0xfd, 0xce, 0xfc, 0xcf, 0xec, 0xdf, 0x60,
    0x2, 0x77, 0x77, 0x8f, 0xe7, 0x77, 0x77, 0x30,
    0xc, 0xdd, 0xdd, 0xdf, 0xfd, 0xdd, 0xdd, 0xa0,
    0x7, 0x77, 0x77, 0xaf, 0xb7, 0x77, 0x77, 0x50,
    0x0, 0x3d, 0xdd, 0xef, 0xed, 0xdd, 0xd3, 0x0,
    0x0, 0x4f, 0xb7, 0x77, 0x77, 0x7c, 0xf3, 0x0,
    0x0, 0x4f, 0xda, 0xaa, 0xaa, 0xad, 0xf3, 0x0,
    0x0, 0x4f, 0xdb, 0xbb, 0xbb, 0xbe, 0xf3, 0x0,
    0x0, 0x4f, 0x83, 0x33, 0x33, 0x3a, 0xf3, 0x0,
    0x0, 0x4f, 0xff, 0xff, 0xff, 0xff, 0xf3, 0x0,
    0x1, 0x5f, 0x93, 0x33, 0x33, 0x3a, 0xf4, 0x10,
    0x2f, 0xff, 0xff, 0xff, 0xff, 0xff, 0xff, 0xf3,
    0x2, 0x22, 0x22, 0x22, 0x22, 0x22, 0x22, 0x20,

    /* U+8003 "考" */
    0x0, 0x0, 0x0, 0xbf, 0x10, 0x0, 0x0, 0x0,
    0x0, 0x0, 0x0, 0xbf, 0x10, 0x0, 0x5c, 0x20,
    0x0, 0x8f, 0xff, 0xff, 0xff, 0xf9, 0xfd, 0x0,
    0x0, 0x48, 0x88, 0xef, 0x98, 0xdf, 0xe1, 0x0,
    0x0, 0x0, 0x0, 0xbf, 0x17, 0xfd, 0x20, 0x0,
    0xe, 0xff, 0xff, 0xff, 0xff, 0xff, 0xff, 0xf1,
    0x8, 0x88, 0x88, 0xdf, 0xfa, 0x88, 0x88, 0x80,
    0x0, 0x0, 0x3c, 0xff, 0xb6, 0x66, 0x63, 0x0,
    0x0, 0x4b, 0xff, 0xff, 0xff, 0xff, 0xf7, 0x0,
    0x3e, 0xff, 0xcf, 0xf0, 0x0, 0x0, 0x0, 0x0,
    0xf, 0xb4, 0x4f, 0xd8, 0x88, 0x88, 0x70, 0x0,
    0x1, 0x0, 0xbf, 0xff, 0xff, 0xff, 0xc0, 0x0,
    0x0, 0x0, 0x0, 0x0, 0x0, 0x5f, 0x90, 0x0,
    0x0, 0x0, 0x0, 0x3a, 0x99, 0xef, 0x40, 0x0,
    0x0, 0x0, 0x0, 0xf, 0xff, 0xe8, 0x0, 0x0,
    0x0, 0x0, 0x0, 0x0, 0x0, 0x0, 0x0, 0x0,

    /* U+8054 "联" */
    0x0, 0x0, 0x0, 0x0, 0x11, 0x0, 0x11, 0x0,
    0x5f, 0xff, 0xff, 0xf3, 0xfb, 0x0, 0xaf, 0x30,
    0x4e, 0xfc, 0xcf, 0xe1, 0x9f, 0x62, 0xfc, 0x0,
    0xa, 0xf0, 0xf, 0x72, 0x5e, 0x6a, 0xf7, 0x30,
    0xa, 0xf8, 0x8f, 0x7a, 0xff, 0xff, 0xff, 0xe0,
    0xa, 0xff, 0xff, 0x74, 0x66, 0xfe, 0x66, 0x50,
    0xa, 0xf0, 0xf, 0x70, 0x0, 0xfd, 0x0, 0x0,
    0xa, 0xf1, 0x1f, 0x70, 0x0, 0xfd, 0x0, 0x0,
    0xa, 0xff, 0xff, 0x7f, 0xff, 0xff, 0xff, 0xf6,
    0xa, 0xf6, 0x7f, 0x79, 0x9b, 0xff, 0x99, 0x93,
    0xa, 0xf0, 0xf, 0x92, 0x7, 0xff, 0x20, 0x0,
    0x3c, 0xfc, 0xef, 0xf7, 0xe, 0xff, 0xc0, 0x0,
    0x4f, 0xeb, 0x9f, 0x91, 0xaf, 0x78, 0xfa, 0x0,
    0x0, 0x0, 0xf, 0x8a, 0xfb, 0x0, 0xaf, 0xd3,
    0x0, 0x0, 0xf, 0x9d, 0x90, 0x0, 0x7, 0xb0,
    0x0, 0x0, 0x0, 0x0, 0x0, 0x0, 0x0, 0x0,

    /* U+805A "聚" */
    0x1f, 0xff, 0xff, 0xff, 0xb7, 0x77, 0x77, 0x50,
    0x6, 0xfd, 0x66, 0xed, 0x6f, 0xff, 0xff, 0xe0,
    0x0, 0xef, 0xff, 0xfc, 0x7, 0x30, 0x6f, 0x70,
    0x0, 0xec, 0x55, 0xec, 0x2d, 0xfb, 0xfd, 0x0,
    0x0, 0xef, 0xdd, 0xfc, 0x0, 0xcf, 0xf9, 0x0,
    0x3, 0xfd, 0x68, 0xfe, 0x9c, 0xfc, 0xbf, 0xd1,
    0x4f, 0xfe, 0xdb, 0xfe, 0x6d, 0x72, 0x46, 0xa0,
    0x3, 0x88, 0x9a, 0xee, 0xde, 0xff, 0xf7, 0x0,
    0x0, 0xcf, 0xed, 0xbe, 0xf7, 0x53, 0x26, 0x0,
    0x0, 0x25, 0x9d, 0xad, 0xf8, 0x18, 0xff, 0x60,
    0xc, 0xfe, 0xa7, 0x4c, 0xff, 0xfe, 0x71, 0x0,
    0x0, 0x24, 0x9f, 0xff, 0xf5, 0xdf, 0xc7, 0x20,
    0x1c, 0xff, 0xd8, 0x2c, 0xf0, 0x6, 0xcf, 0xf6,
    0x2, 0x72, 0x0, 0xc, 0xf0, 0x0, 0x1, 0x40,

    /* U+80CC "背" */
    0x0, 0x0, 0x1f, 0xc0, 0xbf, 0x20, 0x0, 0x0,
    0x4, 0x55, 0x6f, 0xc0, 0xbf, 0x34, 0x9c, 0x10,
    0xc, 0xff, 0xff, 0xc0, 0xbf, 0xff, 0xfb, 0x40,
    0x1, 0x11, 0x2f, 0xc0, 0xbf, 0x94, 0x1, 0x0,
    0x5, 0x8a, 0xcf, 0xc0, 0xaf, 0x40, 0x8, 0xe2,
    0xf, 0xfc, 0xaf, 0xc0, 0x7f, 0xff, 0xff, 0xe0,
    0x2, 0x0, 0x1a, 0x80, 0x6, 0x88, 0x87, 0x20,
    0x0, 0x2f, 0xff, 0xff, 0xff, 0xff, 0xf3, 0x0,
    0x0, 0x2f, 0xc3, 0x33, 0x33, 0x3b, 0xf3, 0x0,
    0x0, 0x2f, 0xff, 0xff, 0xff, 0xff, 0xf3, 0x0,
    0x0, 0x2f, 0xc5, 0x55, 0x55, 0x5c, 0xf3, 0x0,
    0x0, 0x2f, 0xc5, 0x55, 0x55, 0x5c, 0xf3, 0x0,
    0x0, 0x2f, 0xff, 0xff, 0xff, 0xff, 0xf3, 0x0,
    0x0, 0x2f, 0xb0, 0x0, 0x19, 0x9d, 0xf3, 0x0,
    0x0, 0x2f, 0xb0, 0x0, 0xd, 0xfe, 0xa0, 0x0,

    /* U+80FD "能" */
    0x0, 0x0, 0x0, 0x0, 0x0, 0x0, 0x0, 0x0,
    0x0, 0x2e, 0x80, 0x0, 0x1f, 0xb0, 0x0, 0x0,
    0x0, 0x9f, 0x88, 0x90, 0x1f, 0xb0, 0x5, 0x0,
    0x2, 0xfe, 0xa, 0xf3, 0x1f, 0xc7, 0xef, 0x90,
    0xc, 0xf9, 0x58, 0xfc, 0x1f, 0xff, 0xd7, 0x10,
    0xf, 0xff, 0xff, 0xff, 0x4f, 0xd3, 0x0, 0x40,
    0x4, 0x42, 0x10, 0x35, 0x1f, 0xc1, 0x13, 0xf8,
    0x8, 0xff, 0xff, 0xf7, 0xe, 0xff, 0xff, 0xf4,
    0x8, 0xfa, 0x9b, 0xf7, 0x8, 0xb7, 0x77, 0x40,
    0x8, 0xfc, 0xbc, 0xf7, 0x1f, 0xb0, 0x3, 0x0,
    0x8, 0xfd, 0xde, 0xf7, 0x1f, 0xb3, 0xbf, 0xb0,
    0x8, 0xf3, 0x5, 0xf7, 0x1f, 0xff, 0xfa, 0x20,
    0x8, 0xff, 0xff, 0xf7, 0x1f, 0xe6, 0x10, 0x0,
    0x8, 0xf7, 0x59, 0xf7, 0x1f, 0xb0, 0x0, 0xe8,
    0x8, 0xf2, 0x8c, 0xf7, 0xf, 0xfa, 0xab, 0xf8,
    0x8, 0xf2, 0x9f, 0xc2, 0x7, 0xde, 0xee, 0xc1,

    /* U+822A "航" */
    0x0, 0x6, 0x70, 0x0, 0x2, 0x84, 0x0, 0x0,
    0x0, 0xd, 0xd0, 0x0, 0x2, 0xfc, 0x0, 0x0,
    0x5, 0xbf, 0xeb, 0x80, 0x0, 0xcd, 0x10, 0x0,
    0x8, 0xfc, 0xcf, 0xce, 0xff, 0xff, 0xff, 0xf4,
    0x8, 0xf9, 0x4c, 0xc8, 0x99, 0x99, 0x99, 0x92,
    0x8, 0xf9, 0xbc, 0xc0, 0x24, 0x44, 0x43, 0x0,
    0x8, 0xf3, 0x6c, 0xc0, 0xbf, 0xff, 0xfc, 0x0,
    0x9f, 0xff, 0xff, 0xc0, 0xbf, 0x33, 0xfc, 0x0,
    0x4c, 0xf8, 0x8e, 0xc0, 0xbf, 0x0, 0xfc, 0x0,
    0x9, 0xfc, 0x6c, 0xc0, 0xbf, 0x0, 0xfc, 0x0,
    0xa, 0xf7, 0xdc, 0xc0, 0xce, 0x0, 0xfc, 0x0,
    0xb, 0xd1, 0x7c, 0xc0, 0xec, 0x0, 0xfc, 0x42,
    0xe, 0xb0, 0xc, 0xc3, 0xf9, 0x0, 0xfc, 0x88,
    0x3f, 0x71, 0x7e, 0xcc, 0xf3, 0x0, 0xee, 0xd7,
    0x5f, 0x10, 0xef, 0x8c, 0xa0, 0x0, 0x9f, 0xe2,
    0x1, 0x0, 0x0, 0x0, 0x0, 0x0, 0x0, 0x0,

    /* U+8272 "色" */
    0x0, 0x0, 0x4, 0x10, 0x0, 0x0, 0x0, 0x0,
    0x0, 0x0, 0x3f, 0xd1, 0x11, 0x20, 0x0, 0x0,
    0x0, 0x1, 0xdf, 0xff, 0xff, 0xf9, 0x0, 0x0,
    0x0, 0xc, 0xfa, 0x88, 0x9f, 0xf5, 0x0, 0x0,
    0x1, 0xdf, 0xa0, 0x0, 0xbf, 0x70, 0x0, 0x0,
    0x2f, 0xff, 0xfe, 0xef, 0xff, 0xee, 0xee, 0x0,
    0xd, 0xdf, 0xdc, 0xcf, 0xfc, 0xcc, 0xff, 0x0,
    0x1, 0x7f, 0x50, 0xb, 0xf1, 0x0, 0xdf, 0x0,
    0x0, 0x7f, 0x73, 0x3c, 0xf4, 0x33, 0xef, 0x0,
    0x0, 0x7f, 0xff, 0xff, 0xff, 0xff, 0xff, 0x0,
    0x0, 0x7f, 0xa8, 0x88, 0x88, 0x88, 0xef, 0x0,
    0x0, 0x7f, 0x50, 0x0, 0x0, 0x0, 0x13, 0x72,
    0x0, 0x6f, 0x50, 0x0, 0x0, 0x0, 0x6, 0xf6,
    0x0, 0x4f, 0xeb, 0xaa, 0xaa, 0xaa, 0xbf, 0xf2,
    0x0, 0x7, 0xdf, 0xff, 0xff, 0xff, 0xfd, 0x60,

    /* U+8282 "节" */
    0x0, 0x0, 0xcf, 0x10, 0x1, 0xfd, 0x0, 0x0,
    0x0, 0x0, 0xcf, 0x10, 0x1, 0xfd, 0x0, 0x0,
    0x4f, 0xff, 0xff, 0xff, 0xff, 0xff, 0xff, 0xf3,
    0x3c, 0xcc, 0xff, 0xcc, 0xcc, 0xff, 0xcc, 0xc2,
    0x0, 0x0, 0xcf, 0x10, 0x1, 0xfd, 0x0, 0x0,
    0x0, 0x0, 0x45, 0x0, 0x0, 0x54, 0x0, 0x0,
    0x6, 0xdd, 0xdd, 0xdd, 0xdd, 0xdd, 0xfc, 0x0,
    0x6, 0xee, 0xef, 0xfe, 0xee, 0xee, 0xfe, 0x0,
    0x0, 0x0, 0xb, 0xf4, 0x0, 0x0, 0xfe, 0x0,
    0x0, 0x0, 0xb, 0xf4, 0x0, 0x0, 0xfe, 0x0,
    0x0, 0x0, 0xb, 0xf4, 0x0, 0x0, 0xfe, 0x0,
    0x0, 0x0, 0xb, 0xf4, 0x7, 0xbb, 0xfe, 0x0,
    0x0, 0x0, 0xb, 0xf4, 0x6, 0xff, 0xf7, 0x0,
    0x0, 0x0, 0xb, 0xf4, 0x0, 0x22, 0x0, 0x0,
    0x0, 0x0, 0xb, 0xf4, 0x0, 0x0, 0x0, 0x0,

    /* U+82B1 "花" */
    0x0, 0x0, 0x9f, 0x40, 0x5, 0xf9, 0x0, 0x0,
    0x0, 0x0, 0x9f, 0x40, 0x5, 0xf9, 0x0, 0x0,
    0x1f, 0xff, 0xff, 0xff, 0xff, 0xff, 0xff, 0xf1,
    0x1b, 0xbb, 0xef, 0xcb, 0xbc, 0xfe, 0xbb, 0xb1,
    0x0, 0x0, 0x9e, 0x30, 0x4, 0xf8, 0x0, 0x0,
    0x0, 0x0, 0xbe, 0x20, 0xcf, 0x0, 0x0, 0x0,
    0x0, 0x6, 0xfc, 0x0, 0xdf, 0x0, 0x5d, 0x10,
    0x0, 0x2f, 0xf3, 0x0, 0xdf, 0x3b, 0xff, 0x70,
    0x2, 0xef, 0xf1, 0x0, 0xdf, 0xff, 0xc3, 0x0,
    0x2e, 0xff, 0xf1, 0x3a, 0xff, 0xc4, 0x0, 0x0,
    0x6, 0x8c, 0xf2, 0xff, 0xff, 0x0, 0x0, 0x0,
    0x0, 0xc, 0xf1, 0x51, 0xdf, 0x0, 0x3, 0xc4,
    0x0, 0xc, 0xf1, 0x0, 0xdf, 0x0, 0x5, 0xf7,
    0x0, 0xc, 0xf1, 0x0, 0xbf, 0xdc, 0xce, 0xf3,
    0x0, 0xc, 0xf1, 0x0, 0x4d, 0xff, 0xff, 0xa0,

    /* U+84DD "蓝" */
    0x0, 0x0, 0xbf, 0x20, 0x0, 0xfd, 0x0, 0x0,
    0x2f, 0xff, 0xff, 0xff, 0xff, 0xff, 0xff, 0xf4,
    0x18, 0x88, 0xdf, 0x98, 0x88, 0xfe, 0x88, 0x82,
    0x0, 0x0, 0x35, 0x0, 0x2, 0x65, 0x0, 0x0,
    0x0, 0x85, 0x1f, 0xb0, 0xf, 0xb0, 0x0, 0x0,
    0x1, 0xf9, 0x1f, 0xb0, 0x6f, 0xff, 0xff, 0xa0,
    0x1, 0xf9, 0x1f, 0xb0, 0xdf, 0x9d, 0x99, 0x50,
    0x1, 0xf9, 0x1f, 0xb7, 0xf9, 0x3f, 0xa0, 0x0,
    0x1, 0xf9, 0x1f, 0xb4, 0xc1, 0x9, 0xf4, 0x0,
    0x0, 0x32, 0x8, 0x60, 0x0, 0x1, 0x91, 0x0,
    0x0, 0x9f, 0xff, 0xff, 0xff, 0xff, 0xfd, 0x0,
    0x0, 0x9f, 0x79, 0xf9, 0x7f, 0xa6, 0xfd, 0x0,
    0x0, 0x9f, 0x14, 0xf4, 0x1f, 0x70, 0xed, 0x0,
    0x28, 0xcf, 0x8a, 0xfa, 0x8f, 0xb8, 0xfe, 0x83,
    0x5f, 0xff, 0xff, 0xff, 0xff, 0xff, 0xff, 0xf7,

    /* U+85CF "藏" */
    0x0, 0x0, 0xaf, 0x20, 0x7, 0xf5, 0x0, 0x0,
    0x2f, 0xff, 0xff, 0xff, 0xff, 0xff, 0xff, 0xf0,
    0x18, 0x88, 0xdf, 0x98, 0x8b, 0xfa, 0x8d, 0x70,
    0x0, 0x0, 0x6a, 0x10, 0x5, 0xf9, 0x6f, 0x70,
    0x7, 0x36, 0xa9, 0x99, 0x99, 0xfe, 0x9f, 0xc0,
    0xe, 0x6b, 0xff, 0xff, 0xff, 0xff, 0xff, 0xf1,
    0xe, 0x6b, 0xd4, 0x77, 0x76, 0xcc, 0x6, 0x20,
    0xe, 0xff, 0xd9, 0xec, 0xfa, 0xbd, 0x3f, 0x60,
    0xb, 0x9d, 0xd9, 0xda, 0xf8, 0x9f, 0x7f, 0x10,
    0x59, 0x9e, 0xc9, 0xd9, 0x9f, 0x7f, 0xec, 0x0,
    0x8f, 0xff, 0xc9, 0xd6, 0x7f, 0x4f, 0xf5, 0x0,
    0xd, 0x7c, 0xb9, 0xeb, 0xfa, 0xf, 0xd0, 0x0,
    0xe, 0x5e, 0x89, 0xd9, 0xf7, 0x8f, 0xe0, 0xb3,
    0x2f, 0x4f, 0x59, 0xeb, 0xbf, 0xfa, 0xfc, 0xf4,
    0x6a, 0x5d, 0x5, 0x60, 0xc, 0x70, 0x8f, 0xc0,
    0x0, 0x0, 0x0, 0x0, 0x0, 0x0, 0x0, 0x0,

    /* U+8651 "虑" */
    0x0, 0x0, 0x0, 0x4f, 0x90, 0x0, 0x0, 0x0,
    0x0, 0x0, 0x0, 0x4f, 0xff, 0xff, 0xff, 0x0,
    0x0, 0x0, 0x0, 0x4f, 0xc7, 0x77, 0x77, 0x0,
    0x0, 0x77, 0x77, 0xaf, 0xc7, 0x77, 0x78, 0x50,
    0x1, 0xff, 0xff, 0xff, 0xff, 0xff, 0xff, 0xf1,
    0x1, 0xfc, 0x44, 0x7f, 0x94, 0x45, 0x7f, 0xb0,
    0x1, 0xfb, 0x69, 0xbf, 0xed, 0xff, 0x6a, 0x50,
    0x1, 0xfa, 0x89, 0xaf, 0xa4, 0x32, 0x7, 0x80,
    0x1, 0xfa, 0x0, 0x2f, 0xff, 0xff, 0xff, 0xb0,
    0x2, 0xf9, 0x0, 0x2, 0x79, 0x66, 0x65, 0x10,
    0x4, 0xf7, 0x0, 0x0, 0xbf, 0x40, 0x24, 0x0,
    0x7, 0xf5, 0x7c, 0x9f, 0x2c, 0xf2, 0xcf, 0x30,
    0xb, 0xf2, 0xe9, 0x9f, 0x10, 0x54, 0x3f, 0xd0,
    0x1f, 0xd6, 0xf3, 0x8f, 0x75, 0x5d, 0xc7, 0xf4,
    0x3d, 0x60, 0x40, 0x3e, 0xff, 0xfe, 0x50, 0x20,
    0x0, 0x0, 0x0, 0x0, 0x0, 0x0, 0x0, 0x0,

    /* U+884C "行" */
    0x0, 0x3, 0xb4, 0x0, 0x0, 0x0, 0x0, 0x0,
    0x0, 0x2e, 0xf4, 0xd, 0xff, 0xff, 0xff, 0xf0,
    0x3, 0xef, 0x60, 0x9, 0xbb, 0xbb, 0xbb, 0xb0,
    0x4f, 0xf6, 0x21, 0x0, 0x0, 0x0, 0x0, 0x0,
    0xc, 0x50, 0xdf, 0x30, 0x0, 0x0, 0x0, 0x0,
    0x0, 0x9, 0xfa, 0x37, 0x77, 0x77, 0x77, 0x72,
    0x0, 0x7f, 0xe0, 0x9f, 0xff, 0xff, 0xff, 0xf6,
    0x7, 0xff, 0xc0, 0x24, 0x44, 0x4c, 0xf6, 0x41,
    0x6f, 0xff, 0xc0, 0x0, 0x0, 0xb, 0xf2, 0x0,
    0xb, 0x4f, 0xc0, 0x0, 0x0, 0xb, 0xf2, 0x0,
    0x0, 0x1f, 0xc0, 0x0, 0x0, 0xb, 0xf2, 0x0,
    0x0, 0x1f, 0xc0, 0x0, 0x0, 0xb, 0xf2, 0x0,
    0x0, 0x1f, 0xc0, 0x0, 0x0, 0xb, 0xf2, 0x0,
    0x0, 0x1f, 0xc0, 0x0, 0x2c, 0xcf, 0xf1, 0x0,
    0x0, 0x1f, 0xc0, 0x0, 0xf, 0xff, 0x90, 0x0,
    0x0, 0x2, 0x10, 0x0, 0x0, 0x0, 0x0, 0x0,

    /* U+8868 "表" */
    0x0, 0x0, 0x0, 0xd, 0xf0, 0x0, 0x0, 0x0,
    0x3, 0xbb, 0xbb, 0xbf, 0xfb, 0xbb, 0xbb, 0x60,
    0x5, 0xff, 0xff, 0xff, 0xff, 0xff, 0xff, 0x90,
    0x0, 0x0, 0x0, 0xd, 0xf0, 0x0, 0x0, 0x0,
    0x0, 0x7f, 0xff, 0xff, 0xff, 0xff, 0xfe, 0x0,
    0x0, 0x48, 0x88, 0x8e, 0xf8, 0x88, 0x87, 0x0,
    0x4, 0x44, 0x44, 0x4e, 0xf4, 0x44, 0x44, 0x40,
    0xf, 0xff, 0xff, 0xff, 0xff, 0xff, 0xff, 0xf2,
    0x4, 0x44, 0x4d, 0xfc, 0xfe, 0x44, 0x47, 0x40,
    0x0, 0x5, 0xef, 0xb0, 0x9f, 0x40, 0x9f, 0x80,
    0x16, 0xdf, 0xfd, 0x0, 0x2f, 0xed, 0xfb, 0x10,
    0x2e, 0xfa, 0xfd, 0x0, 0x7, 0xff, 0x60, 0x0,
    0x3, 0x11, 0xfd, 0x16, 0xa5, 0xaf, 0xe4, 0x0,
    0x0, 0x5, 0xff, 0xff, 0xf7, 0x9, 0xff, 0xc4,
    0x0, 0x9, 0xff, 0xa5, 0x10, 0x0, 0x4c, 0xe1,
    0x0, 0x2, 0x50, 0x0, 0x0, 0x0, 0x0, 0x10,

    /* U+8981 "要" */
    0xf, 0xff, 0xff, 0xff, 0xff, 0xff, 0xff, 0xf0,
    0x9, 0x99, 0x9e, 0xf9, 0xaf, 0xd9, 0x99, 0x80,
    0x2, 0x77, 0x7e, 0xf7, 0x8f, 0xc7, 0x77, 0x20,
    0x4, 0xff, 0xff, 0xff, 0xff, 0xff, 0xff, 0x60,
    0x4, 0xf7, 0xc, 0xf0, 0x2f, 0x90, 0x6f, 0x60,
    0x4, 0xfb, 0x8e, 0xf8, 0x9f, 0xc8, 0xbf, 0x60,
    0x4, 0xee, 0xee, 0xfe, 0xee, 0xee, 0xee, 0x50,
    0x0, 0x0, 0x8, 0xf9, 0x0, 0x0, 0x0, 0x0,
    0x1f, 0xff, 0xff, 0xff, 0xff, 0xff, 0xff, 0xf7,
    0x9, 0x99, 0xff, 0xa9, 0x99, 0xff, 0xa9, 0x94,
    0x0, 0x8, 0xfe, 0x62, 0x9, 0xfa, 0x0, 0x0,
    0x0, 0x8, 0xbf, 0xff, 0xff, 0xe2, 0x0, 0x0,
    0x2, 0x35, 0x7a, 0xff, 0xff, 0xff, 0xd8, 0x20,
    0xb, 0xff, 0xfe, 0xb6, 0x11, 0x5a, 0xff, 0x50,
    0x2, 0x53, 0x10, 0x0, 0x0, 0x0, 0x13, 0x0,

    /* U+89B3 "観" */
    0x0, 0x87, 0x0, 0x0, 0x0, 0x0, 0x0, 0x0,
    0x2, 0xfb, 0x44, 0x42, 0x9f, 0xff, 0xff, 0xa0,
    0xa, 0xff, 0xff, 0xfa, 0x9f, 0x88, 0x8f, 0xa0,
    0x4f, 0x99, 0x92, 0x21, 0x9f, 0x22, 0x2f, 0xa0,
    0x2d, 0x8e, 0xd8, 0x87, 0x9f, 0xff, 0xff, 0xa0,
    0x4f, 0xff, 0xff, 0xfe, 0x9f, 0x44, 0x4f, 0xa0,
    0x0, 0xeb, 0x4f, 0x10, 0x9f, 0x99, 0x9f, 0xa0,
    0xa, 0xfd, 0xcf, 0xd9, 0x9f, 0xdd, 0xdf, 0xa0,
    0x7f, 0xfa, 0xbf, 0xa8, 0x9f, 0x44, 0x4f, 0xa0,
    0x2c, 0xfe, 0xff, 0xe8, 0x9f, 0xff, 0xff, 0xa0,
    0x4, 0xf7, 0x8f, 0x62, 0x1b, 0xe6, 0xf6, 0x20,
    0x4, 0xff, 0xff, 0xf9, 0xb, 0xc3, 0xf4, 0x10,
    0x4, 0xf7, 0x8f, 0x62, 0x1f, 0x83, 0xf4, 0xb8,
    0x4, 0xfe, 0xef, 0xdc, 0xbf, 0x23, 0xf9, 0xe7,
    0x4, 0xfa, 0x88, 0x89, 0xf5, 0x0, 0xdf, 0xe2,
    0x0, 0x0, 0x0, 0x0, 0x10, 0x0, 0x0, 0x0,

    /* U+89C2 "观" */
    0x19, 0x99, 0x9b, 0x5b, 0xff, 0xff, 0xff, 0xd0,
    0x3f, 0xff, 0xff, 0xbb, 0xf9, 0x99, 0x9f, 0xd0,
    0x2, 0x22, 0x5f, 0x9b, 0xf0, 0x45, 0xe, 0xd0,
    0x2, 0x30, 0x6f, 0x6b, 0xf0, 0xce, 0xe, 0xd0,
    0xe, 0xe1, 0x9f, 0x3b, 0xf0, 0xce, 0xe, 0xd0,
    0x5, 0xfb, 0xef, 0xb, 0xf0, 0xce, 0xe, 0xd0,
    0x0, 0xaf, 0xfb, 0xb, 0xf0, 0xdd, 0xe, 0xd0,
    0x0, 0x1e, 0xf6, 0xb, 0xf0, 0xfb, 0xe, 0xd0,
    0x0, 0xe, 0xfa, 0x6, 0x84, 0xfc, 0x47, 0x70,
    0x0, 0x7f, 0xff, 0x40, 0xb, 0xff, 0x80, 0x0,
    0x1, 0xff, 0x6f, 0xb0, 0x5f, 0xdf, 0x80, 0x83,
    0xc, 0xf8, 0x9, 0x24, 0xff, 0x3f, 0x80, 0xd8,
    0x4f, 0xc0, 0x0, 0x8f, 0xf4, 0x1f, 0xb5, 0xf6,
    0x6, 0x10, 0x0, 0xcd, 0x30, 0xb, 0xff, 0xd1,
    0x0, 0x0, 0x0, 0x10, 0x0, 0x0, 0x0, 0x0,

    /* U+89C4 "规" */
    0x0, 0xf, 0xb0, 0x0, 0x0, 0x0, 0x0, 0x0,
    0x0, 0xf, 0xb0, 0xa, 0xff, 0xff, 0xff, 0xc0,
    0x0, 0x1f, 0xb0, 0xa, 0xf9, 0x99, 0x9f, 0xc0,
    0x1f, 0xff, 0xff, 0xba, 0xf1, 0x34, 0xf, 0xc0,
    0xa, 0xaf, 0xea, 0x7a, 0xf1, 0xcf, 0xf, 0xc0,
    0x0, 0xf, 0xb0, 0xa, 0xf1, 0xcf, 0xf, 0xc0,
    0x49, 0x9f, 0xe9, 0x8a, 0xf1, 0xce, 0xf, 0xc0,
    0x6f, 0xff, 0xff, 0xea, 0xf1, 0xdd, 0xf, 0xc0,
    0x2, 0x5f, 0xb2, 0x2a, 0xf1, 0xfb, 0xf, 0xc0,
    0x0, 0x5f, 0xf5, 0x5, 0x83, 0xff, 0x48, 0x60,
    0x0, 0x9f, 0xdf, 0x30, 0x9, 0xff, 0x40, 0x0,
    0x0, 0xee, 0x1e, 0xe0, 0x3f, 0xff, 0x40, 0x92,
    0x6, 0xf8, 0x5, 0x53, 0xef, 0x7f, 0x40, 0xf7,
    0x3f, 0xf1, 0x0, 0x7f, 0xf5, 0x4f, 0x97, 0xf5,
    0x1d, 0x50, 0x0, 0xce, 0x40, 0x1d, 0xff, 0xc0,
    0x0, 0x0, 0x0, 0x10, 0x0, 0x0, 0x0, 0x0,

    /* U+89E3 "解" */
    0x0, 0x5a, 0x20, 0x0, 0x0, 0x0, 0x0, 0x0,
    0x0, 0xaf, 0x22, 0x0, 0xff, 0xff, 0xff, 0xf1,
    0x1, 0xff, 0xff, 0xd0, 0xbc, 0xfd, 0xbe, 0xf0,
    0x7, 0xf7, 0x5f, 0xb0, 0x5, 0xf5, 0xa, 0xf0,
    0x1f, 0xf7, 0x9f, 0xa5, 0xd, 0xf0, 0xc, 0xe0,
    0x6f, 0xfe, 0xfe, 0xfc, 0xdf, 0x65, 0xff, 0xa0,
    0x8, 0xf1, 0xf3, 0xdb, 0x99, 0x4, 0xc6, 0x10,
    0x7, 0xfb, 0xfb, 0xfb, 0x3f, 0x5c, 0xf0, 0x0,
    0x7, 0xfa, 0xfb, 0xfb, 0x8f, 0xff, 0xff, 0xf1,
    0x7, 0xf0, 0xf3, 0xdb, 0xed, 0x8e, 0xf8, 0x80,
    0x8, 0xfa, 0xfb, 0xfb, 0x83, 0xc, 0xf0, 0x0,
    0x9, 0xfa, 0xfb, 0xfb, 0xcf, 0xff, 0xff, 0xf6,
    0xc, 0xa0, 0xf3, 0xdb, 0x8a, 0xae, 0xfa, 0xa4,
    0x1f, 0x60, 0xf4, 0xda, 0x0, 0xc, 0xf0, 0x0,
    0x5e, 0x0, 0xab, 0xe5, 0x0, 0xc, 0xf0, 0x0,
    0x0, 0x0, 0x0, 0x0, 0x0, 0x0, 0x0, 0x0,

    /* U+89E6 "触" */
    0x0, 0x0, 0x0, 0x0, 0x0, 0x0, 0x0, 0x0,
    0x0, 0x5d, 0x30, 0x0, 0x0, 0x8f, 0x60, 0x0,
    0x0, 0xaf, 0x76, 0x10, 0x0, 0x8f, 0x60, 0x0,
    0x0, 0xff, 0xff, 0xc0, 0x0, 0x8f, 0x60, 0x0,
    0x7, 0xf8, 0x7f, 0x80, 0x9a, 0xdf, 0xda, 0x90,
    0x1e, 0xf8, 0xbf, 0x94, 0xee, 0xef, 0xde, 0xe0,
    0x5f, 0xfe, 0xfe, 0xf8, 0xe8, 0x5f, 0x49, 0xe0,
    0x9, 0xf1, 0xf3, 0xe8, 0xe8, 0x5f, 0x49, 0xe0,
    0x7, 0xf7, 0xf8, 0xf8, 0xe8, 0x5f, 0x49, 0xe0,
    0x7, 0xfe, 0xfe, 0xf8, 0xee, 0xdf, 0xde, 0xe0,
    0x8, 0xf1, 0xf3, 0xe8, 0xab, 0xdf, 0xdb, 0xa0,
    0x8, 0xff, 0xff, 0xf8, 0x0, 0x8f, 0x79, 0x50,
    0xa, 0xe7, 0xf8, 0xf8, 0x0, 0x8f, 0x6d, 0xc0,
    0xc, 0xb1, 0xf3, 0xea, 0x56, 0xbf, 0xde, 0xf2,
    0x1f, 0x71, 0xf7, 0xfc, 0xff, 0xff, 0xfd, 0xf7,
    0x3e, 0x21, 0xb8, 0xe4, 0x65, 0x31, 0x0, 0xd7,
    0x0, 0x0, 0x0, 0x0, 0x0, 0x0, 0x0, 0x0,

    /* U+8A00 "言" */
    0x0, 0x0, 0x0, 0x39, 0x50, 0x0, 0x0, 0x0,
    0x0, 0x0, 0x0, 0x2f, 0xf1, 0x0, 0x0, 0x0,
    0x7, 0x77, 0x77, 0x7d, 0xfb, 0x77, 0x77, 0x73,
    0x1f, 0xff, 0xff, 0xff, 0xff, 0xff, 0xff, 0xf7,
    0x1, 0x11, 0x11, 0x11, 0x11, 0x11, 0x11, 0x10,
    0x0, 0xf, 0xff, 0xff, 0xff, 0xff, 0xf2, 0x0,
    0x0, 0x7, 0x77, 0x77, 0x77, 0x77, 0x71, 0x0,
    0x0, 0x5, 0x55, 0x55, 0x55, 0x55, 0x50, 0x0,
    0x0, 0xf, 0xff, 0xff, 0xff, 0xff, 0xf2, 0x0,
    0x0, 0x1, 0x11, 0x11, 0x11, 0x11, 0x10, 0x0,
    0x0, 0x19, 0x99, 0x99, 0x99, 0x99, 0x92, 0x0,
    0x0, 0x3f, 0xff, 0xff, 0xff, 0xff, 0xf5, 0x0,
    0x0, 0x3f, 0x90, 0x0, 0x0, 0x9, 0xf5, 0x0,
    0x0, 0x3f, 0xd8, 0x88, 0x88, 0x8c, 0xf5, 0x0,
    0x0, 0x3f, 0xff, 0xff, 0xff, 0xff, 0xf5, 0x0,
    0x0, 0x0, 0x0, 0x0, 0x0, 0x0, 0x0, 0x0,

    /* U+8A18 "記" */
    0x0, 0x5b, 0x0, 0x0, 0x0, 0x0, 0x0, 0x0,
    0x0, 0x5f, 0x80, 0x9, 0xff, 0xff, 0xff, 0xb0,
    0x12, 0x2c, 0x72, 0x27, 0xbb, 0xbb, 0xbf, 0xb0,
    0x9f, 0xff, 0xff, 0xf1, 0x0, 0x0, 0x1f, 0xb0,
    0x24, 0x44, 0x44, 0x40, 0x0, 0x0, 0x1f, 0xb0,
    0xa, 0xdd, 0xdd, 0x30, 0x0, 0x0, 0x1f, 0xb0,
    0x6, 0x77, 0x77, 0x25, 0xba, 0xaa, 0xbf, 0xb0,
    0x19, 0x99, 0x99, 0x58, 0xff, 0xff, 0xff, 0xb0,
    0x1d, 0xdd, 0xdd, 0x78, 0xf5, 0x0, 0x2e, 0xa0,
    0x3, 0x33, 0x33, 0x18, 0xf4, 0x0, 0x0, 0x0,
    0xe, 0xff, 0xff, 0x48, 0xf4, 0x0, 0x0, 0x0,
    0xe, 0xc3, 0x7f, 0x48, 0xf4, 0x0, 0x0, 0xa3,
    0xe, 0xb0, 0x5f, 0x48, 0xf4, 0x0, 0x3, 0xf8,
    0xe, 0xff, 0xff, 0x47, 0xfd, 0xbb, 0xbe, 0xf5,
    0xe, 0xd7, 0x77, 0x21, 0xbf, 0xff, 0xff, 0xa0,
    0x1, 0x10, 0x0, 0x0, 0x0, 0x0, 0x0, 0x0,

    /* U+8A9E "語" */
    0x0, 0x17, 0x0, 0x0, 0x0, 0x0, 0x0, 0x0,
    0x0, 0x5f, 0x70, 0xf, 0xff, 0xff, 0xff, 0xf1,
    0x0, 0xc, 0xa0, 0x7, 0x7e, 0xf7, 0x77, 0x70,
    0x3f, 0xff, 0xff, 0xd2, 0x3e, 0xe3, 0x33, 0x0,
    0x28, 0x88, 0x88, 0x8b, 0xff, 0xff, 0xff, 0x10,
    0x6, 0xbb, 0xbb, 0x12, 0x7f, 0x94, 0xaf, 0x10,
    0x6, 0xbb, 0xbb, 0x10, 0x6f, 0x40, 0x9f, 0x10,
    0x4, 0x88, 0x88, 0x9e, 0xff, 0xee, 0xff, 0xe7,
    0x7, 0xdd, 0xdd, 0x79, 0x99, 0x99, 0x99, 0x94,
    0x3, 0x65, 0x55, 0x16, 0x99, 0x99, 0x99, 0x50,
    0x9, 0xff, 0xff, 0x4a, 0xff, 0xff, 0xff, 0x90,
    0x9, 0xe2, 0x5f, 0x4a, 0xf0, 0x0, 0x2f, 0x90,
    0x9, 0xe0, 0x4f, 0x4a, 0xf0, 0x0, 0x2f, 0x90,
    0x9, 0xfd, 0xef, 0x4a, 0xf9, 0x99, 0xaf, 0x90,
    0x9, 0xfa, 0xaa, 0x2a, 0xff, 0xff, 0xff, 0x90,
    0x0, 0x0, 0x0, 0x0, 0x0, 0x0, 0x2, 0x10,

    /* U+8B77 "護" */
    0x0, 0x0, 0x0, 0x0, 0x0, 0x0, 0x0, 0x0,
    0x0, 0x7c, 0x0, 0x0, 0xbd, 0x4, 0xf4, 0x0,
    0x0, 0x7f, 0x50, 0xaf, 0xff, 0xff, 0xff, 0xf7,
    0x0, 0xd, 0x40, 0x36, 0xde, 0x69, 0xf8, 0x62,
    0xaf, 0xff, 0xff, 0x37, 0xe1, 0xc9, 0x10, 0x0,
    0x58, 0x88, 0x88, 0x2e, 0xeb, 0xef, 0xbb, 0x80,
    0xa, 0xaa, 0xa9, 0x8f, 0xc6, 0x9f, 0x76, 0x40,
    0xc, 0xcc, 0xcb, 0xef, 0xfe, 0xff, 0xee, 0x50,
    0x6, 0x77, 0x76, 0x5d, 0xd8, 0xbf, 0x98, 0x20,
    0xe, 0xff, 0xfd, 0xd, 0xd6, 0xaf, 0x76, 0x20,
    0x4, 0x44, 0x43, 0xd, 0xff, 0xff, 0xff, 0xf1,
    0xf, 0xff, 0xff, 0x19, 0x96, 0x66, 0x66, 0x20,
    0xf, 0xa5, 0xbf, 0x5f, 0xff, 0xff, 0xff, 0x60,
    0xf, 0x80, 0xaf, 0x0, 0xbf, 0x79, 0xf8, 0x0,
    0xf, 0xff, 0xff, 0x3, 0x7f, 0xff, 0xd5, 0x30,
    0xf, 0xc8, 0x87, 0x9f, 0xe9, 0x57, 0xcf, 0xe2,
    0x0, 0x0, 0x0, 0x11, 0x0, 0x0, 0x0, 0x10,

    /* U+8BA1 "计" */
    0x0, 0x58, 0x0, 0x0, 0x1, 0xfe, 0x0, 0x0,
    0x0, 0xdf, 0xa0, 0x0, 0x1, 0xfe, 0x0, 0x0,
    0x0, 0x1d, 0xfa, 0x0, 0x1, 0xfe, 0x0, 0x0,
    0x0, 0x1, 0xb2, 0x0, 0x1, 0xfe, 0x0, 0x0,
    0x0, 0x0, 0x0, 0x0, 0x1, 0xfe, 0x0, 0x0,
    0x5d, 0xdf, 0xb0, 0xab, 0xbb, 0xff, 0xbb, 0xb7,
    0x5f, 0xff, 0xd0, 0xff, 0xff, 0xff, 0xff, 0xf9,
    0x0, 0xf, 0xd0, 0x23, 0x34, 0xfe, 0x33, 0x31,
    0x0, 0xf, 0xd0, 0x0, 0x1, 0xfe, 0x0, 0x0,
    0x0, 0xf, 0xd0, 0x0, 0x1, 0xfe, 0x0, 0x0,
    0x0, 0xf, 0xd1, 0x70, 0x1, 0xfe, 0x0, 0x0,
    0x0, 0xf, 0xfe, 0xf1, 0x1, 0xfe, 0x0, 0x0,
    0x0, 0x3f, 0xfe, 0x50, 0x1, 0xfe, 0x0, 0x0,
    0x0, 0xaf, 0xb1, 0x0, 0x1, 0xfe, 0x0, 0x0,
    0x0, 0x37, 0x0, 0x0, 0x1, 0xfe, 0x0, 0x0,

    /* U+8BAE "议" */
    0x0, 0x20, 0x0, 0x0, 0x4, 0x0, 0x0, 0x0,
    0x4, 0xf7, 0x0, 0x42, 0x5f, 0x70, 0x17, 0x30,
    0x0, 0xdf, 0x42, 0xf9, 0xe, 0xe0, 0x4f, 0x90,
    0x0, 0x2f, 0x50, 0xfc, 0x9, 0xf4, 0x7f, 0x60,
    0x0, 0x1, 0x0, 0xbf, 0x13, 0x60, 0xbf, 0x20,
    0x4b, 0xbc, 0x40, 0x7f, 0x50, 0x0, 0xfe, 0x0,
    0x6f, 0xff, 0x50, 0x2f, 0xb0, 0x4, 0xf9, 0x0,
    0x0, 0x7f, 0x50, 0xd, 0xf1, 0xb, 0xf4, 0x0,
    0x0, 0x7f, 0x50, 0x6, 0xf9, 0x2f, 0xd0, 0x0,
    0x0, 0x7f, 0x50, 0x0, 0xef, 0xcf, 0x60, 0x0,
    0x0, 0x7f, 0x52, 0x0, 0x6f, 0xfc, 0x0, 0x0,
    0x0, 0x7f, 0xbf, 0x50, 0x4f, 0xfd, 0x10, 0x0,
    0x0, 0x8f, 0xfd, 0x26, 0xff, 0xdf, 0xe4, 0x0,
    0x1, 0xef, 0x94, 0xcf, 0xf4, 0x1b, 0xff, 0xb3,
    0x0, 0x95, 0xa, 0xfb, 0x20, 0x0, 0x6e, 0xf2,
    0x0, 0x0, 0x1, 0x40, 0x0, 0x0, 0x0, 0x30,

    /* U+8BB0 "记" */
    0x0, 0x31, 0x0, 0x0, 0x0, 0x0, 0x0, 0x0,
    0x1, 0xfe, 0x30, 0x3c, 0xcc, 0xcc, 0xcc, 0x90,
    0x0, 0x7f, 0xf3, 0x4f, 0xff, 0xff, 0xff, 0xc0,
    0x0, 0x7, 0xf4, 0x1, 0x11, 0x11, 0x2f, 0xc0,
    0x0, 0x0, 0x30, 0x0, 0x0, 0x0, 0x1f, 0xc0,
    0x39, 0x9b, 0x80, 0x0, 0x0, 0x0, 0x1f, 0xc0,
    0x6f, 0xff, 0xc0, 0x2, 0x32, 0x22, 0x3f, 0xc0,
    0x15, 0x5f, 0xc0, 0xf, 0xff, 0xff, 0xff, 0xc0,
    0x0, 0xf, 0xc0, 0xf, 0xf9, 0x99, 0xaf, 0xc0,
    0x0, 0xf, 0xc0, 0xf, 0xe0, 0x0, 0x6, 0x40,
    0x0, 0xf, 0xc0, 0xf, 0xe0, 0x0, 0x0, 0x0,
    0x0, 0xf, 0xda, 0x5f, 0xe0, 0x0, 0x0, 0xc5,
    0x0, 0x1f, 0xff, 0x6f, 0xe0, 0x0, 0x2, 0xfa,
    0x0, 0x8f, 0xe3, 0xd, 0xfc, 0xcc, 0xce, 0xf6,
    0x0, 0x3b, 0x0, 0x5, 0xdf, 0xff, 0xff, 0xa0,
    0x0, 0x0, 0x0, 0x0, 0x0, 0x0, 0x0, 0x0,

    /* U+8BBE "设" */
    0x0, 0x1, 0x0, 0x0, 0x0, 0x0, 0x0, 0x0,
    0x0, 0xcd, 0x10, 0x6, 0xff, 0xff, 0xfa, 0x0,
    0x0, 0x5f, 0xd1, 0x6, 0xfc, 0xbb, 0xfa, 0x0,
    0x0, 0x5, 0xe2, 0x7, 0xf4, 0x1, 0xfa, 0x0,
    0x0, 0x0, 0x10, 0xd, 0xf1, 0x1, 0xfa, 0x0,
    0x2a, 0xab, 0x52, 0xcf, 0x80, 0x0, 0xff, 0xd9,
    0x3f, 0xff, 0x81, 0xe8, 0x0, 0x0, 0x49, 0xa7,
    0x1, 0x4f, 0x80, 0x9a, 0xaa, 0xaa, 0xab, 0x70,
    0x0, 0x3f, 0x80, 0xef, 0xff, 0xff, 0xff, 0xc0,
    0x0, 0x3f, 0x80, 0x2f, 0xb0, 0x0, 0x9f, 0x50,
    0x0, 0x3f, 0x84, 0x9, 0xf7, 0x4, 0xfc, 0x0,
    0x0, 0x3f, 0xef, 0x30, 0xcf, 0xaf, 0xe1, 0x0,
    0x0, 0x5f, 0xfa, 0x0, 0x5f, 0xff, 0x70, 0x0,
    0x0, 0xcf, 0x94, 0x8d, 0xff, 0xcf, 0xfe, 0x94,
    0x0, 0x77, 0x6, 0xfe, 0x82, 0x2, 0x9f, 0xf6,
    0x0, 0x0, 0x0, 0x30, 0x0, 0x0, 0x0, 0x40,

    /* U+8BBF "访" */
    0x0, 0x20, 0x0, 0x0, 0x3, 0x80, 0x0, 0x0,
    0x2, 0xfb, 0x0, 0x0, 0x8, 0xf5, 0x0, 0x0,
    0x0, 0xaf, 0xb0, 0x0, 0x3, 0xf8, 0x0, 0x0,
    0x0, 0xb, 0xb1, 0xdd, 0xdd, 0xfd, 0xdd, 0xd5,
    0x0, 0x0, 0x1, 0xee, 0xff, 0xee, 0xee, 0xe6,
    0x3a, 0xac, 0x70, 0x0, 0xfd, 0x0, 0x0, 0x0,
    0x6f, 0xff, 0xa0, 0x0, 0xfc, 0x0, 0x10, 0x0,
    0x14, 0x6f, 0xa0, 0x1, 0xff, 0xff, 0xff, 0x30,
    0x0, 0x2f, 0xa0, 0x2, 0xfd, 0xaa, 0xef, 0x20,
    0x0, 0x2f, 0xa0, 0x5, 0xf7, 0x0, 0xaf, 0x10,
    0x0, 0x2f, 0xa5, 0x68, 0xf4, 0x0, 0xbf, 0x0,
    0x0, 0x2f, 0xff, 0x8d, 0xf0, 0x0, 0xcf, 0x0,
    0x0, 0x9f, 0xf5, 0x6f, 0xa0, 0x0, 0xfd, 0x0,
    0x0, 0xde, 0x23, 0xff, 0x23, 0xbc, 0xfa, 0x0,
    0x0, 0x31, 0x1, 0xc6, 0x0, 0xff, 0xd3, 0x0,
    0x0, 0x0, 0x0, 0x0, 0x0, 0x0, 0x0, 0x0,

    /* U+8BC6 "识" */
    0x0, 0x30, 0x0, 0x0, 0x0, 0x0, 0x0, 0x0,
    0x2, 0xfc, 0x10, 0x9, 0xbb, 0xbb, 0xbb, 0x80,
    0x0, 0x8f, 0xd1, 0xe, 0xff, 0xff, 0xff, 0xd0,
    0x0, 0x8, 0xc0, 0xe, 0xe0, 0x0, 0x1f, 0xd0,
    0x0, 0x0, 0x0, 0xe, 0xe0, 0x0, 0x1f, 0xd0,
    0x1b, 0xbc, 0x60, 0xe, 0xe0, 0x0, 0x1f, 0xd0,
    0x2f, 0xff, 0x90, 0xe, 0xe0, 0x0, 0x1f, 0xd0,
    0x1, 0x4f, 0x90, 0xe, 0xfb, 0xbb, 0xbf, 0xd0,
    0x0, 0x3f, 0x90, 0xe, 0xff, 0xff, 0xff, 0xd0,
    0x0, 0x3f, 0x90, 0x0, 0x0, 0x0, 0x0, 0x0,
    0x0, 0x3f, 0x96, 0x20, 0x85, 0x0, 0x57, 0x0,
    0x0, 0x3f, 0xef, 0x94, 0xfc, 0x0, 0xcf, 0x40,
    0x0, 0x4f, 0xfc, 0x1c, 0xf5, 0x0, 0x4f, 0xc0,
    0x0, 0xcf, 0xa0, 0x7f, 0xc0, 0x0, 0xc, 0xf4,
    0x0, 0x98, 0x0, 0xbf, 0x20, 0x0, 0x6, 0xf7,
    0x0, 0x0, 0x0, 0x2, 0x0, 0x0, 0x0, 0x10,

    /* U+8BED "语" */
    0x0, 0x10, 0x0, 0x0, 0x0, 0x0, 0x0, 0x0,
    0x2, 0xe7, 0x6, 0xff, 0xff, 0xff, 0xff, 0xf0,
    0x0, 0xcf, 0x73, 0x99, 0xcf, 0xc9, 0x99, 0x90,
    0x0, 0xc, 0xc0, 0x0, 0x9f, 0x50, 0x11, 0x0,
    0x0, 0x1, 0x10, 0xdf, 0xff, 0xff, 0xfe, 0x0,
    0x18, 0x89, 0x30, 0x68, 0xfe, 0x88, 0xfd, 0x0,
    0x3f, 0xff, 0x70, 0x4, 0xfa, 0x0, 0xfc, 0x0,
    0x1, 0x4f, 0x7e, 0xff, 0xff, 0xff, 0xff, 0xf7,
    0x0, 0x3f, 0x78, 0x99, 0x99, 0x99, 0x99, 0x94,
    0x0, 0x3f, 0x70, 0x68, 0x88, 0x88, 0x88, 0x30,
    0x0, 0x3f, 0x70, 0xcf, 0xff, 0xff, 0xff, 0x70,
    0x0, 0x3f, 0x9d, 0xcf, 0x0, 0x0, 0x6f, 0x70,
    0x0, 0x4f, 0xff, 0xef, 0x0, 0x0, 0x5f, 0x70,
    0x0, 0xbf, 0xc1, 0xcf, 0x99, 0x99, 0xcf, 0x70,
    0x0, 0x58, 0x0, 0xcf, 0xff, 0xff, 0xff, 0x70,
    0x0, 0x0, 0x0, 0x0, 0x0, 0x0, 0x0, 0x0,

    /* U+8BF7 "请" */
    0x0, 0x51, 0x0, 0x0, 0x1, 0xfb, 0x0, 0x0,
    0x3, 0xfc, 0x10, 0x35, 0x56, 0xfd, 0x55, 0x51,
    0x0, 0x8f, 0xc0, 0x9f, 0xff, 0xff, 0xff, 0xf5,
    0x0, 0xa, 0xe1, 0x6, 0x66, 0xfd, 0x66, 0x50,
    0x0, 0x0, 0x10, 0x2d, 0xdd, 0xff, 0xdd, 0xb0,
    0x2a, 0xab, 0x50, 0x77, 0x78, 0xfd, 0x77, 0x76,
    0x3f, 0xff, 0x81, 0xdd, 0xdd, 0xdd, 0xdd, 0xdb,
    0x2, 0x5f, 0x80, 0x16, 0x66, 0x66, 0x66, 0x20,
    0x0, 0x3f, 0x80, 0x2f, 0xff, 0xff, 0xff, 0x50,
    0x0, 0x3f, 0x80, 0x2f, 0xa3, 0x33, 0x5f, 0x50,
    0x0, 0x3f, 0x80, 0x3f, 0xfe, 0xee, 0xff, 0x50,
    0x0, 0x3f, 0xbe, 0x8f, 0xa2, 0x22, 0x4f, 0x50,
    0x0, 0x5f, 0xfe, 0x7f, 0xff, 0xff, 0xff, 0x50,
    0x0, 0xcf, 0x91, 0x2f, 0x91, 0x18, 0xbf, 0x50,
    0x0, 0x44, 0x0, 0x2f, 0x80, 0x8, 0xfc, 0x10,

    /* U+8C03 "调" */
    0x0, 0x20, 0x0, 0x0, 0x0, 0x0, 0x0, 0x0,
    0x2f, 0xa0, 0xc, 0xff, 0xff, 0xff, 0xfe, 0x0,
    0x9f, 0xb0, 0xce, 0x99, 0xaa, 0x9e, 0xe0, 0x0,
    0x9c, 0x1c, 0xc0, 0x1f, 0x70, 0xbe, 0x0, 0x0,
    0x0, 0xcc, 0xaf, 0xff, 0xeb, 0xe2, 0xcc, 0xc6,
    0xc, 0xc2, 0x4f, 0x93, 0xbe, 0x2e, 0xef, 0x80,
    0xcc, 0xab, 0xfd, 0x9b, 0xe0, 0x4, 0xf8, 0xc,
    0xc8, 0x99, 0x98, 0xbe, 0x0, 0x4f, 0x80, 0xdb,
    0x13, 0x33, 0x2b, 0xe0, 0x4, 0xf8, 0xe, 0xa9,
    0xff, 0xfe, 0xbe, 0x0, 0x4f, 0x81, 0xf9, 0x9b,
    0x17, 0xeb, 0xe0, 0x4, 0xfd, 0xdf, 0x69, 0xd5,
    0x9e, 0xbe, 0x0, 0x8f, 0xff, 0xf2, 0x9f, 0xff,
    0xdb, 0xe0, 0xe, 0xf8, 0xed, 0x6, 0x70, 0x19,
    0xee, 0x0, 0x43, 0x9, 0x50, 0x0, 0x0, 0xde,
    0x70, 0x0, 0x0, 0x0, 0x0, 0x0, 0x0, 0x0,

    /* U+8D1F "负" */
    0x0, 0x0, 0x7, 0x50, 0x0, 0x0, 0x0, 0x0,
    0x0, 0x0, 0x6f, 0xc0, 0x0, 0x10, 0x0, 0x0,
    0x0, 0x1, 0xef, 0xff, 0xff, 0xf8, 0x0, 0x0,
    0x0, 0xc, 0xfa, 0x77, 0x7e, 0xf7, 0x0, 0x0,
    0x0, 0xbf, 0xa0, 0x0, 0x5f, 0xc0, 0x0, 0x0,
    0x1c, 0xff, 0xff, 0xff, 0xff, 0xff, 0xfb, 0x0,
    0x9, 0xbf, 0xea, 0xaa, 0xaa, 0xab, 0xfc, 0x0,
    0x0, 0x1f, 0xc0, 0x4, 0x51, 0x2, 0xfc, 0x0,
    0x0, 0x1f, 0xc0, 0xd, 0xf3, 0x2, 0xfc, 0x0,
    0x0, 0x1f, 0xc0, 0xf, 0xf1, 0x2, 0xfc, 0x0,
    0x0, 0x1f, 0xc0, 0x3f, 0xe0, 0x2, 0xfc, 0x0,
    0x0, 0x1f, 0xc0, 0xbf, 0x83, 0x2, 0xfc, 0x0,
    0x0, 0x1, 0x2a, 0xfe, 0x4f, 0xf9, 0x30, 0x0,
    0x4, 0x7b, 0xff, 0xd2, 0x3, 0xbf, 0xfb, 0x30,
    0xd, 0xff, 0xb5, 0x0, 0x0, 0x2, 0xaf, 0xc0,
    0x2, 0x30, 0x0, 0x0, 0x0, 0x0, 0x3, 0x0,

    /* U+8D23 "责" */
    0x0, 0x0, 0x0, 0xc, 0xf1, 0x0, 0x0, 0x0,
    0x0, 0x66, 0x66, 0x6e, 0xf7, 0x66, 0x66, 0x40,
    0x2, 0xff, 0xff, 0xff, 0xff, 0xff, 0xff, 0xa0,
    0x0, 0x26, 0x66, 0x6d, 0xf7, 0x66, 0x65, 0x0,
    0x0, 0x5c, 0xcc, 0xcf, 0xfc, 0xcc, 0xcb, 0x0,
    0x9, 0x99, 0x99, 0x9e, 0xf9, 0x99, 0x99, 0x93,
    0x1d, 0xdd, 0xdd, 0xdd, 0xdd, 0xdd, 0xdd, 0xd4,
    0x0, 0x17, 0x77, 0x77, 0x77, 0x77, 0x76, 0x0,
    0x0, 0x2f, 0xff, 0xff, 0xff, 0xff, 0xfd, 0x0,
    0x0, 0x2f, 0xb0, 0x7, 0x91, 0x1, 0xfd, 0x0,
    0x0, 0x2f, 0xb0, 0xd, 0xf1, 0x1, 0xfd, 0x0,
    0x0, 0x2f, 0xb0, 0x1f, 0xf0, 0x1, 0xfd, 0x0,
    0x0, 0x6, 0x43, 0xdf, 0x9e, 0xd8, 0x62, 0x0,
    0x2, 0x59, 0xdf, 0xf8, 0x17, 0xdf, 0xfc, 0x60,
    0x4, 0xff, 0xd8, 0x10, 0x0, 0x3, 0x9f, 0xd0,
    0x0, 0x31, 0x0, 0x0, 0x0, 0x0, 0x1, 0x20,

    /* U+8D44 "资" */
    0x0, 0x20, 0x0, 0x4, 0x82, 0x0, 0x0, 0x0,
    0x4, 0xfd, 0x50, 0xc, 0xf6, 0x55, 0x56, 0x40,
    0x0, 0x6e, 0xf6, 0x7f, 0xff, 0xff, 0xff, 0xf1,
    0x0, 0x0, 0x75, 0xfd, 0x9, 0xf5, 0x2f, 0xb0,
    0x0, 0x1, 0x69, 0xa2, 0x2f, 0xfe, 0x47, 0x30,
    0x7, 0xcf, 0xfd, 0x3, 0xef, 0x5e, 0xf6, 0x0,
    0xd, 0xfb, 0x52, 0xbf, 0xf5, 0x2, 0xdf, 0xf3,
    0x3, 0x10, 0x0, 0xb9, 0x10, 0x0, 0x6, 0x80,
    0x0, 0x2f, 0xff, 0xff, 0xff, 0xff, 0xfc, 0x0,
    0x0, 0x2f, 0xea, 0xaa, 0xaa, 0xaa, 0xfc, 0x0,
    0x0, 0x2f, 0xa0, 0xa, 0xe1, 0x1, 0xfc, 0x0,
    0x0, 0x2f, 0xa0, 0x2f, 0xc0, 0x1, 0xfc, 0x0,
    0x0, 0x7, 0x43, 0xef, 0x6f, 0xd8, 0x73, 0x0,
    0x2, 0x58, 0xcf, 0xf5, 0x28, 0xdf, 0xfd, 0x70,
    0xd, 0xff, 0xd8, 0x10, 0x0, 0x3, 0xaf, 0xd0,
    0x3, 0x41, 0x0, 0x0, 0x0, 0x0, 0x1, 0x20,

    /* U+8D56 "赖" */
    0x0, 0x0, 0x0, 0x0, 0x0, 0x0, 0x0, 0x0,
    0x0, 0x8, 0xf2, 0x0, 0x3, 0xf6, 0x0, 0x0,
    0x0, 0x8, 0xf2, 0x0, 0xa, 0xfa, 0x98, 0x0,
    0x4f, 0xff, 0xff, 0xfc, 0x2f, 0xff, 0xff, 0x40,
    0x39, 0x9d, 0xfa, 0x97, 0xcf, 0x10, 0xdc, 0x0,
    0x2, 0x29, 0xf4, 0x25, 0xfa, 0x48, 0xf7, 0x30,
    0xe, 0xff, 0xff, 0xf8, 0xbf, 0xff, 0xff, 0xd0,
    0xe, 0xa7, 0xf4, 0xf8, 0xbd, 0x16, 0x2c, 0xd0,
    0xe, 0x95, 0xf1, 0xf8, 0xbd, 0x3f, 0x4c, 0xd0,
    0xe, 0xdc, 0xfa, 0xf8, 0xbd, 0x3f, 0x4c, 0xd0,
    0xb, 0xcf, 0xfe, 0xc6, 0xbd, 0x4f, 0x3c, 0xd0,
    0x0, 0x8f, 0xff, 0x40, 0xbd, 0x6f, 0x1c, 0xd0,
    0x5, 0xfe, 0xfc, 0xf5, 0xbd, 0xbd, 0xc, 0xd0,
    0x4f, 0xc9, 0xf2, 0xa4, 0x5, 0xfb, 0xd6, 0x0,
    0x1c, 0x19, 0xf2, 0x1, 0x8f, 0xb1, 0x8f, 0xc2,
    0x0, 0x9, 0xf2, 0x8, 0xe7, 0x0, 0x3, 0xc2,
    0x0, 0x0, 0x0, 0x0, 0x0, 0x0, 0x0, 0x0,

    /* U+8D77 "起" */
    0x0, 0x5, 0xf7, 0x0, 0x0, 0x0, 0x0, 0x0,
    0x0, 0x5, 0xf7, 0x0, 0xaf, 0xff, 0xff, 0xa0,
    0xd, 0xff, 0xff, 0xfa, 0x59, 0x99, 0xaf, 0xa0,
    0x8, 0xac, 0xfc, 0xa6, 0x0, 0x0, 0x1f, 0xa0,
    0x0, 0x5, 0xf7, 0x0, 0x0, 0x0, 0x1f, 0xa0,
    0x3a, 0xac, 0xfd, 0xaa, 0x5b, 0xa9, 0xaf, 0xa0,
    0x4f, 0xff, 0xff, 0xff, 0x9f, 0xff, 0xff, 0xa0,
    0x0, 0x0, 0xec, 0x0, 0x8f, 0x30, 0x6, 0x40,
    0xb, 0xe0, 0xed, 0x44, 0x8f, 0x30, 0x0, 0x0,
    0xc, 0xe0, 0xef, 0xff, 0xaf, 0x30, 0x0, 0xd4,
    0xd, 0xf1, 0xed, 0x44, 0x8f, 0x50, 0x4, 0xf7,
    0xe, 0xf9, 0xec, 0x0, 0x5f, 0xff, 0xff, 0xf2,
    0xf, 0xff, 0xfc, 0x0, 0x6, 0x99, 0x99, 0x40,
    0x4f, 0x7b, 0xff, 0xec, 0xcb, 0xbc, 0xcc, 0xc6,
    0x9f, 0x30, 0x5b, 0xdf, 0xff, 0xff, 0xff, 0xf3,
    0x5, 0x0, 0x0, 0x0, 0x0, 0x0, 0x0, 0x0,

    /* U+8DEF "路" */
    0x0, 0x0, 0x0, 0x0, 0x5, 0x61, 0x0, 0x0,
    0xd, 0xff, 0xff, 0xa0, 0xe, 0xf1, 0x0, 0x0,
    0xd, 0xe8, 0x8f, 0xa0, 0x7f, 0xff, 0xff, 0x80,
    0xd, 0xc0, 0xf, 0xa2, 0xff, 0x88, 0xdf, 0x50,
    0xd, 0xe7, 0x7f, 0xcd, 0xff, 0x82, 0xfd, 0x0,
    0xd, 0xff, 0xff, 0xca, 0xba, 0xfe, 0xf5, 0x0,
    0x1, 0x19, 0xf2, 0x0, 0x1, 0xff, 0xb0, 0x0,
    0x9, 0x69, 0xf0, 0x0, 0x2d, 0xff, 0xfa, 0x20,
    0xe, 0x99, 0xfe, 0xc9, 0xff, 0x92, 0xdf, 0xf7,
    0xe, 0x99, 0xfc, 0xbe, 0xfd, 0x99, 0x9f, 0xf2,
    0xe, 0x99, 0xf0, 0x2, 0xff, 0xff, 0xff, 0xa0,
    0xe, 0x99, 0xf1, 0x30, 0xfb, 0x0, 0x2f, 0xa0,
    0xe, 0xbc, 0xff, 0xf1, 0xfb, 0x0, 0x1f, 0xa0,
    0x8f, 0xff, 0xfc, 0x81, 0xfe, 0x99, 0xaf, 0xa0,
    0x6b, 0x74, 0x0, 0x0, 0xff, 0xff, 0xff, 0xa0,
    0x0, 0x0, 0x0, 0x0, 0x0, 0x0, 0x0, 0x0,

    /* U+8F6C "转" */
    0x0, 0x8, 0x60, 0x0, 0x0, 0x48, 0x20, 0x0,
    0x0, 0xf, 0xb0, 0x0, 0x0, 0xaf, 0x20, 0x0,
    0x2f, 0xff, 0xff, 0xe6, 0xff, 0xff, 0xff, 0xf1,
    0x2b, 0xef, 0xbb, 0xb4, 0xbc, 0xfe, 0xbb, 0xb1,
    0x0, 0xcd, 0x21, 0x0, 0x6, 0xf6, 0x0, 0x0,
    0x1, 0xf9, 0xf9, 0xe, 0xff, 0xff, 0xff, 0xfa,
    0x7, 0xf3, 0xf9, 0xb, 0xcf, 0xeb, 0xbb, 0xb7,
    0xf, 0xff, 0xff, 0xc0, 0x3f, 0x80, 0x0, 0x0,
    0xb, 0xde, 0xff, 0xb0, 0x8f, 0xdc, 0xcc, 0x91,
    0x0, 0x2, 0xf9, 0x0, 0xcf, 0xff, 0xff, 0xc0,
    0x0, 0x26, 0xfd, 0xa4, 0x0, 0x3, 0xfe, 0x10,
    0x3f, 0xff, 0xff, 0xc4, 0x6e, 0x7e, 0xf3, 0x0,
    0x9, 0x76, 0xf9, 0x0, 0x3c, 0xff, 0x90, 0x0,
    0x0, 0x2, 0xf9, 0x0, 0x0, 0x6f, 0xfb, 0x0,
    0x0, 0x2, 0xf9, 0x0, 0x0, 0x1, 0xb8, 0x0,
    0x0, 0x0, 0x0, 0x0, 0x0, 0x0, 0x0, 0x0,

    /* U+8F7B "轻" */
    0x0, 0xb, 0x70, 0x0, 0x0, 0x0, 0x0, 0x0,
    0x0, 0x1f, 0xa0, 0x8, 0xff, 0xff, 0xff, 0x60,
    0x1c, 0xcf, 0xdc, 0xc5, 0xaa, 0xaa, 0xff, 0x60,
    0x1f, 0xff, 0xff, 0xf0, 0x0, 0x8, 0xfc, 0x0,
    0x0, 0xdd, 0x32, 0x0, 0x0, 0x8f, 0xe2, 0x0,
    0x2, 0xf8, 0xf9, 0x0, 0x3c, 0xff, 0xc3, 0x0,
    0x8, 0xf3, 0xf9, 0x2b, 0xff, 0xa8, 0xff, 0xc1,
    0xf, 0xff, 0xff, 0xeb, 0xc4, 0x0, 0x19, 0xc0,
    0x7, 0x89, 0xfd, 0x75, 0x99, 0x99, 0x99, 0x70,
    0x0, 0x1, 0xf9, 0x8, 0xff, 0xff, 0xff, 0xc0,
    0x3, 0x58, 0xff, 0xf0, 0x0, 0xcf, 0x20, 0x0,
    0x3f, 0xff, 0xff, 0xb0, 0x0, 0xcf, 0x10, 0x0,
    0xb, 0x86, 0xf9, 0x0, 0x0, 0xcf, 0x10, 0x0,
    0x0, 0x1, 0xf9, 0x3a, 0xaa, 0xef, 0xaa, 0xa4,
    0x0, 0x1, 0xf9, 0x5f, 0xff, 0xff, 0xff, 0xf7,

    /* U+8F7D "载" */
    0x0, 0x0, 0xbf, 0x0, 0x7, 0xf4, 0x55, 0x0,
    0x3, 0x77, 0xdf, 0x77, 0x47, 0xf5, 0xef, 0x20,
    0x6, 0xff, 0xff, 0xff, 0xa6, 0xf4, 0x3f, 0xc0,
    0x0, 0x0, 0xbf, 0x0, 0x6, 0xf5, 0x6, 0x20,
    0x4f, 0xff, 0xff, 0xff, 0xff, 0xff, 0xff, 0xf4,
    0x16, 0x6b, 0xe8, 0x66, 0x69, 0xfa, 0x66, 0x62,
    0x6, 0x6d, 0xf7, 0x66, 0x64, 0xf7, 0xc, 0x60,
    0xf, 0xff, 0xff, 0xff, 0xf4, 0xf9, 0x4f, 0x60,
    0x0, 0xde, 0x19, 0x60, 0x0, 0xfb, 0xbf, 0x10,
    0x9, 0xfc, 0x8f, 0xd8, 0x80, 0xee, 0xfa, 0x0,
    0x8, 0xff, 0xff, 0xff, 0xe0, 0xbf, 0xf2, 0x0,
    0x0, 0x0, 0x1f, 0xb3, 0x41, 0x9f, 0xa0, 0x70,
    0xd, 0xef, 0xff, 0xff, 0xf7, 0xff, 0xc0, 0xf7,
    0x9, 0x86, 0x5f, 0xb1, 0x6f, 0xfc, 0xfd, 0xf4,
    0x0, 0x0, 0xf, 0xa0, 0x7e, 0x31, 0xbf, 0xb0,
    0x0, 0x0, 0x1, 0x0, 0x1, 0x0, 0x0, 0x0,

    /* U+8F93 "输" */
    0x0, 0x69, 0x0, 0x0, 0x0, 0x97, 0x0, 0x0,
    0x0, 0xae, 0x0, 0x0, 0x9, 0xfe, 0x10, 0x0,
    0x4f, 0xff, 0xff, 0x1, 0xcf, 0xae, 0xe5, 0x0,
    0x3b, 0xfd, 0xab, 0x8f, 0xf7, 0x2, 0xdf, 0xc4,
    0x3, 0xf6, 0x42, 0xef, 0xff, 0xff, 0xff, 0xf6,
    0x7, 0xfa, 0xe0, 0x23, 0x88, 0x88, 0x87, 0x10,
    0xc, 0xa9, 0xe0, 0x48, 0x89, 0x80, 0x3, 0xc2,
    0x3f, 0xee, 0xfc, 0x8f, 0xef, 0xf6, 0xf4, 0xf2,
    0xe, 0xdf, 0xfd, 0x8f, 0x38, 0xf6, 0xf4, 0xf2,
    0x0, 0x9, 0xe0, 0x8f, 0xff, 0xf6, 0xf4, 0xf2,
    0x0, 0x3c, 0xfc, 0x8f, 0x27, 0xf6, 0xf4, 0xf2,
    0x3f, 0xff, 0xfc, 0x9f, 0xff, 0xf6, 0xf4, 0xf2,
    0x1b, 0x7b, 0xe0, 0x8f, 0x49, 0xf4, 0xd4, 0xf2,
    0x0, 0x9, 0xe0, 0x8f, 0x3a, 0xf0, 0x8a, 0xf2,
    0x0, 0x9, 0xe0, 0x8f, 0x3e, 0x90, 0xbd, 0x90,

    /* U+8FB9 "边" */
    0x0, 0x0, 0x0, 0x0, 0x0, 0x0, 0x0, 0x0,
    0x5, 0xc1, 0x0, 0x0, 0xaf, 0x40, 0x0, 0x0,
    0xa, 0xfb, 0x0, 0x0, 0xbf, 0x30, 0x0, 0x0,
    0x0, 0xdf, 0x70, 0x0, 0xbf, 0x20, 0x0, 0x0,
    0x0, 0x3f, 0x87, 0xcc, 0xff, 0xdc, 0xcd, 0xc0,
    0x0, 0x2, 0x8, 0xff, 0xff, 0xff, 0xff, 0xe0,
    0x0, 0x0, 0x0, 0x0, 0xfe, 0x0, 0xf, 0xe0,
    0x9f, 0xff, 0x10, 0x2, 0xfb, 0x0, 0xf, 0xd0,
    0x6b, 0xef, 0x10, 0x6, 0xf7, 0x0, 0x1f, 0xc0,
    0x0, 0xbf, 0x10, 0xc, 0xf3, 0x0, 0x2f, 0xb0,
    0x0, 0xbf, 0x10, 0x5f, 0xc0, 0x0, 0x4f, 0xa0,
    0x0, 0xbf, 0x12, 0xff, 0x41, 0x22, 0x9f, 0x80,
    0x0, 0xbf, 0x1c, 0xf8, 0x4, 0xff, 0xff, 0x30,
    0x9, 0xff, 0xc5, 0x70, 0x0, 0xaa, 0x94, 0x0,
    0xbf, 0xc9, 0xff, 0xfd, 0xcb, 0xcc, 0xde, 0xe8,
    0x5e, 0x10, 0x29, 0xdf, 0xff, 0xff, 0xff, 0xe3,
    0x1, 0x0, 0x0, 0x0, 0x1, 0x0, 0x0, 0x0,

    /* U+8FC1 "迁" */
    0x0, 0x10, 0x0, 0x0, 0x0, 0x0, 0x34, 0x0,
    0x8, 0xf4, 0x0, 0x24, 0x69, 0xcf, 0xff, 0x30,
    0x2, 0xef, 0x34, 0xff, 0xff, 0xfa, 0x63, 0x0,
    0x0, 0x3f, 0x80, 0x43, 0x1b, 0xf1, 0x0, 0x0,
    0x0, 0x2, 0x0, 0x0, 0xb, 0xf1, 0x0, 0x0,
    0x0, 0x0, 0x4, 0x55, 0x5d, 0xf6, 0x55, 0x51,
    0xa, 0xaa, 0x6d, 0xff, 0xff, 0xff, 0xff, 0xf5,
    0x1f, 0xff, 0xa4, 0x55, 0x5d, 0xf5, 0x55, 0x51,
    0x0, 0x3f, 0xa0, 0x0, 0xb, 0xf1, 0x0, 0x0,
    0x0, 0x2f, 0xa0, 0x0, 0xb, 0xf1, 0x0, 0x0,
    0x0, 0x2f, 0xa0, 0x0, 0xb, 0xf1, 0x0, 0x0,
    0x0, 0x2f, 0xa0, 0x0, 0xb, 0xf1, 0x0, 0x0,
    0x3, 0xef, 0xe5, 0x0, 0xa, 0xe1, 0x0, 0x0,
    0x1f, 0xf6, 0xbf, 0xeb, 0xa9, 0x9a, 0xbc, 0xd6,
    0xb, 0x50, 0x4, 0xae, 0xff, 0xff, 0xfe, 0xd2,
    0x0, 0x0, 0x0, 0x0, 0x0, 0x0, 0x0, 0x0,

    /* U+8FC7 "过" */
    0x0, 0x40, 0x0, 0x0, 0x0, 0xa, 0xf3, 0x0,
    0x8, 0xf7, 0x0, 0x0, 0x0, 0xa, 0xf3, 0x0,
    0x1, 0xef, 0x30, 0x0, 0x0, 0xa, 0xf3, 0x0,
    0x0, 0x4f, 0xb7, 0xcc, 0xcc, 0xce, 0xfc, 0xc2,
    0x0, 0x6, 0x1a, 0xff, 0xff, 0xff, 0xff, 0xf3,
    0x0, 0x0, 0x0, 0x1, 0x0, 0xa, 0xf3, 0x0,
    0xa, 0xaa, 0x60, 0xde, 0x10, 0xa, 0xf3, 0x0,
    0x1f, 0xff, 0xa0, 0x6f, 0xb0, 0xa, 0xf3, 0x0,
    0x0, 0x3f, 0xa0, 0xb, 0xf5, 0xa, 0xf3, 0x0,
    0x0, 0x2f, 0xa0, 0x2, 0x70, 0xa, 0xf3, 0x0,
    0x0, 0x2f, 0xa0, 0x0, 0x24, 0x4c, 0xf3, 0x0,
    0x0, 0x4f, 0xa0, 0x0, 0x4f, 0xff, 0xe0, 0x0,
    0x6, 0xff, 0xf7, 0x10, 0x8, 0x86, 0x10, 0x0,
    0x3f, 0xf6, 0xbf, 0xfe, 0xcc, 0xcc, 0xde, 0xf5,
    0xb, 0x60, 0x5, 0xbe, 0xff, 0xff, 0xff, 0xe1,
    0x1, 0x0, 0x0, 0x0, 0x0, 0x0, 0x0, 0x0,

    /* U+8FD0 "运" */
    0x0, 0x0, 0x0, 0x0, 0x0, 0x0, 0x0, 0x0,
    0xc, 0xc2, 0x2, 0xff, 0xff, 0xff, 0xff, 0x0,
    0xa, 0xff, 0x51, 0xbb, 0xbb, 0xbb, 0xbb, 0x0,
    0x0, 0x7f, 0x30, 0x0, 0x0, 0x0, 0x0, 0x0,
    0x0, 0x1, 0x4, 0x44, 0x44, 0x44, 0x44, 0x40,
    0x0, 0x0, 0x3f, 0xff, 0xff, 0xff, 0xff, 0xf2,
    0xaf, 0xff, 0x38, 0x8b, 0xfe, 0x88, 0x88, 0x81,
    0x6a, 0xdf, 0x20, 0xc, 0xf6, 0x1b, 0x70, 0x0,
    0x0, 0xaf, 0x20, 0x3f, 0xd0, 0xd, 0xf2, 0x0,
    0x0, 0xaf, 0x20, 0xcf, 0x40, 0x6, 0xfb, 0x0,
    0x0, 0xaf, 0x28, 0xff, 0xef, 0xff, 0xff, 0x40,
    0x0, 0xaf, 0x26, 0xff, 0xdb, 0xa8, 0x8f, 0xc0,
    0x3, 0xdf, 0xa3, 0x20, 0x0, 0x0, 0x6, 0x10,
    0x6f, 0xfc, 0xff, 0xec, 0xbb, 0xbc, 0xdd, 0xe4,
    0x4f, 0x40, 0x29, 0xdf, 0xff, 0xff, 0xff, 0xe0,
    0x1, 0x0, 0x0, 0x0, 0x1, 0x0, 0x0, 0x0,

    /* U+8FD1 "近" */
    0x0, 0x70, 0x0, 0x0, 0x12, 0x46, 0x9c, 0x50,
    0x7, 0xfb, 0x0, 0x2f, 0xff, 0xff, 0xfe, 0xa1,
    0x0, 0xcf, 0x90, 0x2f, 0xd6, 0x53, 0x10, 0x0,
    0x0, 0x1e, 0xb0, 0x2f, 0xb0, 0x0, 0x0, 0x0,
    0x0, 0x2, 0x0, 0x2f, 0xb1, 0x11, 0x11, 0x10,
    0x0, 0x0, 0x0, 0x2f, 0xff, 0xff, 0xff, 0xf8,
    0xd, 0xdd, 0x80, 0x2f, 0xea, 0xaf, 0xfa, 0xa5,
    0xf, 0xff, 0xa0, 0x4f, 0x90, 0xf, 0xd0, 0x0,
    0x0, 0x2f, 0xa0, 0x6f, 0x70, 0xf, 0xd0, 0x0,
    0x0, 0x2f, 0xa0, 0x9f, 0x40, 0xf, 0xd0, 0x0,
    0x0, 0x2f, 0xa0, 0xef, 0x10, 0xf, 0xd0, 0x0,
    0x0, 0x2f, 0xa7, 0xfb, 0x0, 0xf, 0xd0, 0x0,
    0x1, 0xbf, 0xe5, 0x83, 0x0, 0xc, 0xa0, 0x0,
    0x2e, 0xfa, 0xef, 0xec, 0xba, 0xab, 0xbc, 0xd8,
    0xc, 0x70, 0x6, 0xcf, 0xff, 0xff, 0xff, 0xe5,
    0x1, 0x0, 0x0, 0x0, 0x0, 0x0, 0x0, 0x0,

    /* U+8FD4 "返" */
    0x0, 0x0, 0x0, 0x0, 0x0, 0x0, 0x24, 0x0,
    0x1b, 0xb0, 0x1, 0x89, 0xac, 0xdf, 0xff, 0x80,
    0xa, 0xfb, 0x1, 0xff, 0xfe, 0xdb, 0x96, 0x20,
    0x0, 0xce, 0x21, 0xfb, 0x0, 0x0, 0x0, 0x0,
    0x0, 0x11, 0x1, 0xfe, 0xbb, 0xbb, 0xba, 0x20,
    0x0, 0x0, 0x1, 0xff, 0xff, 0xff, 0xff, 0x30,
    0x6c, 0xcc, 0x12, 0xfa, 0x21, 0x0, 0xee, 0x0,
    0x8f, 0xff, 0x13, 0xfb, 0xfe, 0x27, 0xf8, 0x0,
    0x0, 0xbf, 0x16, 0xf7, 0x5f, 0xff, 0xe1, 0x0,
    0x0, 0xbf, 0x1a, 0xf4, 0x6, 0xff, 0x80, 0x0,
    0x0, 0xbf, 0x3f, 0xe0, 0x5f, 0xff, 0xf6, 0x0,
    0x0, 0xbf, 0xaf, 0x8b, 0xff, 0x53, 0xef, 0x40,
    0x6, 0xff, 0x88, 0x14, 0x91, 0x0, 0x38, 0x0,
    0x8f, 0xec, 0xff, 0xdb, 0xba, 0xbb, 0xcd, 0xd2,
    0x4e, 0x10, 0x4a, 0xdf, 0xff, 0xff, 0xff, 0xc0,
    0x1, 0x0, 0x0, 0x0, 0x11, 0x10, 0x0, 0x0,

    /* U+8FD8 "还" */
    0x3, 0xa0, 0x0, 0x0, 0x0, 0x0, 0x0, 0x0,
    0xb, 0xfb, 0xe, 0xff, 0xff, 0xff, 0xff, 0xd0,
    0x0, 0xdf, 0x8c, 0xdd, 0xdf, 0xfe, 0xdd, 0xa0,
    0x0, 0x2d, 0x20, 0x0, 0x1e, 0xf2, 0x0, 0x0,
    0x0, 0x0, 0x0, 0x0, 0x9f, 0xb0, 0x0, 0x0,
    0x0, 0x0, 0x0, 0x4, 0xff, 0xa1, 0x0, 0x0,
    0x9f, 0xff, 0x10, 0x2f, 0xff, 0xcd, 0xa0, 0x0,
    0x6b, 0xef, 0x12, 0xef, 0xbf, 0xac, 0xfa, 0x0,
    0x0, 0xbf, 0x6e, 0xf9, 0x4f, 0xa1, 0xdf, 0xa0,
    0x0, 0xbf, 0x6f, 0x90, 0x4f, 0xa0, 0x1e, 0xb0,
    0x0, 0xbf, 0x13, 0x0, 0x4f, 0xa0, 0x2, 0x0,
    0x0, 0xbf, 0x10, 0x0, 0x4f, 0xa0, 0x0, 0x0,
    0x7, 0xff, 0xa2, 0x0, 0x4f, 0x90, 0x0, 0x0,
    0xaf, 0xeb, 0xff, 0xec, 0xcb, 0xcc, 0xde, 0xe5,
    0x6e, 0x10, 0x39, 0xdf, 0xff, 0xff, 0xff, 0xe1,
    0x1, 0x0, 0x0, 0x0, 0x1, 0x0, 0x0, 0x0,

    /* U+8FDB "进" */
    0x0, 0x0, 0x0, 0x0, 0x0, 0x0, 0x0, 0x0,
    0x4, 0xe5, 0x0, 0x1, 0xfb, 0xb, 0xf1, 0x0,
    0x2, 0xef, 0x60, 0x1, 0xfb, 0xb, 0xf1, 0x0,
    0x0, 0x2e, 0xc1, 0xcc, 0xff, 0xcf, 0xfc, 0xb0,
    0x0, 0x3, 0x1, 0xff, 0xff, 0xff, 0xff, 0xe0,
    0x0, 0x0, 0x0, 0x1, 0xfb, 0xb, 0xf1, 0x0,
    0xc, 0xcc, 0x70, 0x1, 0xfb, 0xb, 0xf1, 0x0,
    0x1e, 0xef, 0xa2, 0xbc, 0xfe, 0xbe, 0xfc, 0xb3,
    0x0, 0x2f, 0xa4, 0xff, 0xff, 0xff, 0xff, 0xf4,
    0x0, 0x2f, 0xa0, 0x7, 0xf6, 0xb, 0xf1, 0x0,
    0x0, 0x2f, 0xa0, 0xd, 0xf1, 0xb, 0xf1, 0x0,
    0x0, 0x2f, 0xa0, 0xaf, 0x90, 0xb, 0xf1, 0x0,
    0x1, 0xbf, 0xd4, 0x4b, 0x0, 0xa, 0xe1, 0x0,
    0x2e, 0xfa, 0xef, 0xeb, 0xaa, 0xaa, 0xbc, 0xd6,
    0xc, 0x70, 0x7, 0xcf, 0xff, 0xff, 0xff, 0xe2,
    0x1, 0x0, 0x0, 0x0, 0x1, 0x0, 0x0, 0x0,

    /* U+8FDE "连" */
    0x0, 0x30, 0x0, 0x0, 0x73, 0x0, 0x0, 0x0,
    0xb, 0xf4, 0x0, 0x3, 0xfc, 0x0, 0x0, 0x0,
    0x3, 0xff, 0x2e, 0xff, 0xff, 0xff, 0xff, 0xc0,
    0x0, 0x8f, 0x78, 0x9f, 0xf9, 0x99, 0x99, 0x70,
    0x0, 0x5, 0x0, 0x6f, 0x72, 0xa6, 0x0, 0x0,
    0x0, 0x0, 0x1, 0xee, 0x3, 0xfa, 0x0, 0x0,
    0x8f, 0xff, 0x16, 0xff, 0xff, 0xff, 0xff, 0x70,
    0x59, 0xdf, 0x11, 0xca, 0xab, 0xfe, 0xaa, 0x40,
    0x0, 0xaf, 0x10, 0x0, 0x3, 0xfa, 0x0, 0x0,
    0x0, 0xaf, 0x1c, 0xdd, 0xde, 0xff, 0xdd, 0xd1,
    0x0, 0xaf, 0x1b, 0xcc, 0xcd, 0xfe, 0xcc, 0xc1,
    0x0, 0xaf, 0x10, 0x0, 0x3, 0xfa, 0x0, 0x0,
    0x9, 0xff, 0xc4, 0x0, 0x3, 0xfa, 0x0, 0x0,
    0xaf, 0xc9, 0xff, 0xfd, 0xcc, 0xdd, 0xde, 0xe8,
    0x4e, 0x10, 0x29, 0xdf, 0xff, 0xff, 0xff, 0xe3,
    0x1, 0x0, 0x0, 0x0, 0x1, 0x0, 0x0, 0x0,

    /* U+9009 "选" */
    0x3, 0x10, 0x0, 0x23, 0xc, 0xf1, 0x0, 0x0,
    0x3f, 0xd1, 0x0, 0xbf, 0x2c, 0xf1, 0x0, 0x0,
    0x9, 0xfc, 0x1, 0xff, 0x8e, 0xf9, 0x88, 0x30,
    0x0, 0xcf, 0x39, 0xff, 0xff, 0xff, 0xff, 0x70,
    0x0, 0x22, 0x1e, 0xc0, 0xc, 0xf1, 0x0, 0x0,
    0x0, 0x0, 0x4, 0x53, 0x3c, 0xf4, 0x33, 0x31,
    0x4a, 0xaa, 0x3f, 0xff, 0xff, 0xff, 0xff, 0xf5,
    0x7f, 0xff, 0x14, 0x4a, 0xf8, 0xaf, 0x74, 0x41,
    0x0, 0xaf, 0x10, 0xc, 0xf2, 0x8f, 0x40, 0x0,
    0x0, 0xaf, 0x10, 0x3f, 0xd0, 0x8f, 0x43, 0x82,
    0x0, 0xaf, 0x14, 0xef, 0x50, 0x8f, 0x67, 0xf7,
    0x0, 0xaf, 0x4f, 0xf8, 0x0, 0x6f, 0xff, 0xf3,
    0x1, 0xcf, 0xdb, 0x40, 0x0, 0x7, 0x99, 0x60,
    0x3e, 0xfc, 0xdf, 0xeb, 0xaa, 0xaa, 0xbb, 0xc4,
    0x3f, 0x60, 0x6, 0xcf, 0xff, 0xff, 0xff, 0xf1,
    0x1, 0x0, 0x0, 0x0, 0x1, 0x10, 0x0, 0x0,

    /* U+901A "通" */
    0x0, 0x0, 0x0, 0x0, 0x0, 0x0, 0x0, 0x0,
    0xa, 0x50, 0x8, 0xff, 0xff, 0xff, 0xff, 0x60,
    0x2e, 0xf7, 0x3, 0x69, 0xa6, 0x6d, 0xfc, 0x10,
    0x1, 0xdf, 0x50, 0x1c, 0xfe, 0xdf, 0x80, 0x0,
    0x0, 0x19, 0x5, 0x88, 0xcf, 0xff, 0xb9, 0x70,
    0x0, 0x0, 0xa, 0xfc, 0xcf, 0xfc, 0xcf, 0xd0,
    0x57, 0x77, 0xa, 0xf5, 0x4c, 0xf4, 0x4f, 0xd0,
    0xaf, 0xff, 0x2a, 0xff, 0xff, 0xff, 0xff, 0xd0,
    0x23, 0xbf, 0x2a, 0xf1, 0xb, 0xe0, 0xe, 0xd0,
    0x0, 0x9f, 0x2a, 0xff, 0xff, 0xff, 0xff, 0xd0,
    0x0, 0x9f, 0x2a, 0xf5, 0x4c, 0xf4, 0x4f, 0xd0,
    0x0, 0x9f, 0x2a, 0xf0, 0xb, 0xe4, 0xaf, 0xc0,
    0x5, 0xef, 0xa9, 0xb0, 0x7, 0x91, 0xcb, 0x40,
    0x7f, 0xd7, 0xef, 0xb9, 0x87, 0x88, 0x9a, 0xb5,
    0x4d, 0x10, 0x18, 0xdf, 0xff, 0xff, 0xff, 0xe2,
    0x1, 0x0, 0x0, 0x0, 0x1, 0x0, 0x0, 0x0,

    /* U+901F "速" */
    0x0, 0x10, 0x0, 0x0, 0xa, 0xf1, 0x0, 0x0,
    0x8, 0xe2, 0x0, 0x0, 0xb, 0xf2, 0x0, 0x0,
    0x6, 0xfe, 0x1a, 0xff, 0xff, 0xff, 0xff, 0xf5,
    0x0, 0x8f, 0xb5, 0x77, 0x7d, 0xf8, 0x77, 0x72,
    0x0, 0x9, 0x21, 0x77, 0x7d, 0xf8, 0x77, 0x60,
    0x0, 0x0, 0x3, 0xff, 0xff, 0xff, 0xff, 0xd0,
    0x1b, 0xbb, 0x73, 0xf7, 0xa, 0xf1, 0xf, 0xd0,
    0x1b, 0xbf, 0xa3, 0xff, 0xff, 0xff, 0xff, 0xd0,
    0x0, 0x1f, 0xa1, 0x66, 0xdf, 0xff, 0x86, 0x50,
    0x0, 0x1f, 0xa0, 0x7, 0xff, 0xff, 0xf5, 0x0,
    0x0, 0x1f, 0xa1, 0xaf, 0xbb, 0xf4, 0xdf, 0x90,
    0x0, 0x1f, 0xab, 0xfa, 0xa, 0xf1, 0xb, 0xe1,
    0x0, 0x9f, 0xe6, 0x60, 0x8, 0xc0, 0x0, 0x20,
    0x1d, 0xfb, 0xcf, 0xeb, 0x99, 0x99, 0xab, 0xc8,
    0xc, 0x70, 0x4, 0xae, 0xff, 0xff, 0xff, 0xe4,
    0x1, 0x0, 0x0, 0x0, 0x0, 0x10, 0x0, 0x0,

    /* U+9053 "道" */
    0x0, 0x0, 0x0, 0x6, 0x40, 0x1, 0x61, 0x0,
    0x6, 0xb1, 0x0, 0x1e, 0xe0, 0x9, 0xf3, 0x0,
    0x7, 0xfc, 0x7, 0xad, 0xea, 0xaf, 0xea, 0xa2,
    0x0, 0xaf, 0x7a, 0xdd, 0xdf, 0xfd, 0xdd, 0xd3,
    0x0, 0x7, 0x0, 0x11, 0x2f, 0xb1, 0x11, 0x0,
    0x0, 0x0, 0x0, 0xbf, 0xff, 0xff, 0xff, 0x10,
    0xc, 0xcc, 0x70, 0xbf, 0x33, 0x33, 0xcf, 0x10,
    0xf, 0xff, 0xa0, 0xbf, 0xdd, 0xdd, 0xff, 0x10,
    0x0, 0x1f, 0xa0, 0xbf, 0x44, 0x44, 0xcf, 0x10,
    0x0, 0x1f, 0xa0, 0xbf, 0xff, 0xff, 0xff, 0x10,
    0x0, 0x1f, 0xa0, 0xbf, 0x33, 0x33, 0xcf, 0x10,
    0x0, 0x1f, 0xa0, 0xbf, 0xcc, 0xcc, 0xef, 0x10,
    0x0, 0x8f, 0xd3, 0x69, 0x99, 0x99, 0x99, 0x0,
    0x1c, 0xfb, 0xdf, 0xda, 0x98, 0x88, 0x9a, 0xb5,
    0xd, 0x70, 0x5, 0xbe, 0xff, 0xff, 0xff, 0xf2,
    0x1, 0x0, 0x0, 0x0, 0x1, 0x10, 0x0, 0x0,

    /* U+907F "避" */
    0x0, 0x0, 0x0, 0x0, 0x0, 0x8, 0x60, 0x0,
    0x2c, 0x80, 0xf, 0xff, 0xf4, 0xb, 0xe0, 0x0,
    0xd, 0xf4, 0xf, 0xb9, 0xf9, 0xde, 0xfe, 0xd0,
    0x2, 0xfe, 0x1f, 0x84, 0xf7, 0xbc, 0xad, 0xa0,
    0x0, 0x75, 0xf, 0xb9, 0xf4, 0xab, 0xf, 0x80,
    0x0, 0x0, 0x1f, 0xff, 0xf3, 0x6c, 0x5f, 0x10,
    0x36, 0x64, 0x3f, 0x50, 0x7, 0xee, 0xff, 0xe2,
    0x8f, 0xfb, 0x5f, 0xdc, 0xc8, 0x8c, 0xf9, 0x81,
    0x24, 0xfb, 0x8f, 0xf8, 0xf6, 0x3a, 0xf4, 0x30,
    0x0, 0xec, 0xef, 0xf0, 0xeb, 0xff, 0xff, 0xf0,
    0x0, 0xef, 0xfb, 0xf0, 0xe6, 0x3a, 0xf4, 0x30,
    0x0, 0xeb, 0x85, 0xf8, 0xf5, 0x8, 0xf1, 0x0,
    0x3, 0xfe, 0x64, 0xdd, 0xd4, 0x8, 0xf1, 0x0,
    0x6f, 0xd8, 0xff, 0xb9, 0x98, 0x89, 0xaa, 0xb2,
    0x4d, 0x10, 0x18, 0xcf, 0xff, 0xff, 0xff, 0xe0,
    0x1, 0x0, 0x0, 0x0, 0x1, 0x0, 0x0, 0x0,

    /* U+90E8 "部" */
    0x0, 0x2, 0xa6, 0x0, 0x0, 0x0, 0x0, 0x0,
    0x0, 0x0, 0xfd, 0x0, 0x5, 0xff, 0xff, 0xb1,
    0xa, 0xbb, 0xef, 0xbb, 0x85, 0xfb, 0xaf, 0xf2,
    0xe, 0xff, 0xff, 0xff, 0xb5, 0xf4, 0x1f, 0xc0,
    0x0, 0xcd, 0x0, 0xbe, 0x15, 0xf4, 0x6f, 0x60,
    0x0, 0x7f, 0x41, 0xfa, 0x5, 0xf4, 0xbe, 0x0,
    0x49, 0xbf, 0xbc, 0xfb, 0x95, 0xf5, 0xfa, 0x0,
    0x6f, 0xff, 0xff, 0xff, 0xf6, 0xf4, 0x9f, 0x30,
    0x0, 0x0, 0x0, 0x0, 0x5, 0xf4, 0x1f, 0xb0,
    0x5, 0xaa, 0xaa, 0xaa, 0x55, 0xf4, 0xb, 0xf0,
    0x8, 0xff, 0xff, 0xff, 0x85, 0xf4, 0x9, 0xf1,
    0x8, 0xf2, 0x0, 0x4f, 0x85, 0xf7, 0x7e, 0xf0,
    0x8, 0xf2, 0x0, 0x4f, 0x85, 0xf7, 0xff, 0x70,
    0x8, 0xff, 0xff, 0xff, 0x85, 0xf4, 0x21, 0x0,
    0x8, 0xfb, 0xaa, 0xbf, 0x85, 0xf4, 0x0, 0x0,
    0x0, 0x0, 0x0, 0x0, 0x0, 0x0, 0x0, 0x0,

    /* U+90FD "都" */
    0x0, 0x8, 0xf0, 0x0, 0x0, 0x0, 0x0, 0x0,
    0x0, 0x8, 0xf0, 0x9, 0xec, 0xff, 0xff, 0xc1,
    0xa, 0xff, 0xff, 0xef, 0xcb, 0xfb, 0xbe, 0xf5,
    0x6, 0xad, 0xfa, 0xef, 0x4b, 0xf1, 0xf, 0xe0,
    0x0, 0x8, 0xf4, 0xfb, 0xb, 0xf1, 0x4f, 0x80,
    0x5f, 0xff, 0xff, 0xff, 0xcb, 0xf1, 0xaf, 0x20,
    0x3a, 0xaa, 0xff, 0xba, 0x8b, 0xf2, 0xfb, 0x0,
    0x0, 0x1c, 0xf9, 0x11, 0xb, 0xf1, 0xcf, 0x20,
    0x5, 0xef, 0xff, 0xff, 0xb, 0xf1, 0x1f, 0xc0,
    0x8f, 0xfd, 0x66, 0xdf, 0xb, 0xf1, 0xa, 0xf1,
    0x1c, 0xfe, 0x66, 0xdf, 0xb, 0xf1, 0x8, 0xf3,
    0x0, 0xef, 0xff, 0xff, 0xb, 0xf3, 0x3c, 0xf2,
    0x0, 0xec, 0x0, 0xbf, 0xb, 0xf7, 0xff, 0xc0,
    0x0, 0xef, 0xff, 0xff, 0xb, 0xf2, 0x65, 0x0,
    0x0, 0xee, 0x88, 0xdf, 0xb, 0xf1, 0x0, 0x0,
    0x0, 0x0, 0x0, 0x0, 0x0, 0x0, 0x0, 0x0,

    /* U+91C7 "采" */
    0x0, 0x0, 0x0, 0x0, 0x0, 0x24, 0x72, 0x0,
    0x5, 0x89, 0xab, 0xcd, 0xff, 0xff, 0xfd, 0x10,
    0x8, 0xff, 0xff, 0xff, 0xdc, 0xa8, 0x74, 0x10,
    0x1, 0x35, 0x21, 0x4b, 0x20, 0x0, 0xca, 0x10,
    0x0, 0xaf, 0x20, 0x5f, 0x90, 0x4, 0xfd, 0x0,
    0x0, 0x3f, 0xb0, 0xf, 0xf0, 0xd, 0xf3, 0x0,
    0x0, 0xc, 0xe1, 0xc, 0x90, 0x7f, 0x90, 0x0,
    0x0, 0x2, 0x10, 0x1f, 0xe0, 0x17, 0x10, 0x0,
    0x2f, 0xff, 0xff, 0xff, 0xff, 0xff, 0xff, 0xf2,
    0x1c, 0xcc, 0xce, 0xff, 0xff, 0xdc, 0xcc, 0xc1,
    0x0, 0x0, 0x4f, 0xff, 0xff, 0xe4, 0x0, 0x0,
    0x0, 0x8, 0xff, 0x4f, 0xe5, 0xff, 0x80, 0x0,
    0x6, 0xef, 0xe3, 0xf, 0xe0, 0x3e, 0xfe, 0x70,
    0x3f, 0xfa, 0x10, 0xf, 0xe0, 0x1, 0xaf, 0xf2,
    0x4, 0x30, 0x0, 0xf, 0xe0, 0x0, 0x3, 0x30,

    /* U+91CF "量" */
    0x0, 0x3f, 0xff, 0xff, 0xff, 0xff, 0xf3, 0x0,
    0x0, 0x3f, 0xc7, 0x77, 0x77, 0x7c, 0xf3, 0x0,
    0x0, 0x3f, 0xb6, 0x66, 0x66, 0x6c, 0xf3, 0x0,
    0x0, 0x3f, 0xff, 0xff, 0xff, 0xff, 0xf3, 0x0,
    0x9, 0x99, 0x99, 0x99, 0x99, 0x99, 0x99, 0x94,
    0x9, 0x99, 0x99, 0x99, 0x99, 0x99, 0x99, 0x94,
    0x0, 0x8f, 0xff, 0xff, 0xff, 0xff, 0xf9, 0x0,
    0x0, 0x8f, 0x86, 0x6f, 0xe6, 0x68, 0xf9, 0x0,
    0x0, 0x8f, 0x98, 0x8f, 0xe8, 0x89, 0xf9, 0x0,
    0x0, 0x8f, 0xee, 0xef, 0xfe, 0xee, 0xf9, 0x0,
    0x0, 0x34, 0x44, 0x4f, 0xe4, 0x44, 0x43, 0x0,
    0x0, 0xdf, 0xff, 0xff, 0xff, 0xff, 0xfe, 0x0,
    0x1, 0x34, 0x44, 0x4f, 0xe4, 0x44, 0x44, 0x10,
    0x2f, 0xff, 0xff, 0xff, 0xff, 0xff, 0xff, 0xf8,

    /* U+9332 "録" */
    0x0, 0x5, 0x20, 0x0, 0x0, 0x0, 0x0, 0x0,
    0x0, 0x2f, 0xc0, 0x9, 0xff, 0xff, 0xff, 0xa0,
    0x1, 0xdf, 0xfc, 0x25, 0x88, 0x88, 0x8f, 0xa0,
    0x1c, 0xf5, 0x6f, 0xe2, 0x77, 0x77, 0x7f, 0xa0,
    0x7f, 0xd8, 0x8a, 0x73, 0xee, 0xee, 0xef, 0xa0,
    0x2b, 0xff, 0xfe, 0x2, 0x22, 0x22, 0x2f, 0xb1,
    0x0, 0xf, 0x70, 0x5f, 0xff, 0xff, 0xff, 0xf9,
    0x19, 0x9f, 0xc9, 0x7a, 0xaa, 0xfe, 0xaa, 0xa5,
    0x1f, 0xff, 0xff, 0x68, 0x90, 0xeb, 0x4, 0xa2,
    0x5, 0x1f, 0x77, 0x26, 0xf7, 0xee, 0x8f, 0xc2,
    0xc, 0x6f, 0x8f, 0x30, 0x6a, 0xff, 0xf7, 0x0,
    0x9, 0x9f, 0xbd, 0x4, 0xee, 0xfd, 0xfc, 0x20,
    0x3, 0x5f, 0xdd, 0xdf, 0xb1, 0xeb, 0x3e, 0xf8,
    0x3f, 0xff, 0xc8, 0x36, 0x28, 0xfb, 0x1, 0x82,
    0x6, 0x30, 0x0, 0x0, 0xf, 0xe5, 0x0, 0x0,

    /* U+9488 "针" */
    0x0, 0x6b, 0x20, 0x0, 0x0, 0xcf, 0x10, 0x0,
    0x0, 0xdf, 0x0, 0x0, 0x0, 0xcf, 0x10, 0x0,
    0x6, 0xff, 0xff, 0xb0, 0x0, 0xcf, 0x10, 0x0,
    0x2f, 0xec, 0xcc, 0x90, 0x0, 0xcf, 0x10, 0x0,
    0x7f, 0x30, 0x0, 0x0, 0x0, 0xcf, 0x10, 0x0,
    0x9, 0xff, 0xff, 0x8b, 0xbb, 0xff, 0xbb, 0xb3,
    0x1, 0x6f, 0xd6, 0x6f, 0xff, 0xff, 0xff, 0xf5,
    0x0, 0xf, 0xc0, 0x1, 0x11, 0xdf, 0x21, 0x10,
    0x1b, 0xbf, 0xfb, 0x70, 0x0, 0xcf, 0x10, 0x0,
    0x1f, 0xff, 0xff, 0xa0, 0x0, 0xcf, 0x10, 0x0,
    0x0, 0xf, 0xc0, 0x0, 0x0, 0xcf, 0x10, 0x0,
    0x0, 0xf, 0xc0, 0x30, 0x0, 0xcf, 0x10, 0x0,
    0x0, 0xf, 0xed, 0xf0, 0x0, 0xcf, 0x10, 0x0,
    0x0, 0x8f, 0xfc, 0x40, 0x0, 0xcf, 0x10, 0x0,
    0x0, 0x3c, 0x30, 0x0, 0x0, 0xcf, 0x10, 0x0,
    0x0, 0x0, 0x0, 0x0, 0x0, 0x0, 0x0, 0x0,

    /* U+94AE "钮" */
    0x0, 0x85, 0x0, 0x0, 0x0, 0x0, 0x0, 0x0,
    0x2, 0xfa, 0x0, 0xf, 0xff, 0xff, 0xff, 0xd0,
    0x9, 0xff, 0xff, 0xaa, 0xbe, 0xfc, 0xbf, 0xc0,
    0x3f, 0xeb, 0xbb, 0x70, 0xb, 0xf1, 0xf, 0xb0,
    0x7f, 0x73, 0x33, 0x0, 0xc, 0xf0, 0x1f, 0xa0,
    0xb, 0xff, 0xff, 0x40, 0xe, 0xd0, 0x2f, 0x90,
    0x2, 0x6f, 0xb6, 0x18, 0xaf, 0xea, 0xbf, 0x80,
    0x0, 0x1f, 0x80, 0xd, 0xff, 0xff, 0xff, 0x70,
    0x2a, 0xbf, 0xda, 0x65, 0x8f, 0xa6, 0xaf, 0x50,
    0x3f, 0xff, 0xff, 0x90, 0x5f, 0x60, 0x7f, 0x40,
    0x0, 0x1f, 0x80, 0x0, 0x7f, 0x30, 0x9f, 0x30,
    0x0, 0x1f, 0x85, 0x30, 0xaf, 0x10, 0xbf, 0x10,
    0x0, 0x1f, 0xff, 0x80, 0xcf, 0x0, 0xdf, 0x0,
    0x0, 0x8f, 0xf8, 0xff, 0xff, 0xff, 0xff, 0xf9,
    0x0, 0xab, 0x11, 0xdd, 0xdd, 0xdd, 0xdd, 0xd7,
    0x0, 0x0, 0x0, 0x0, 0x0, 0x0, 0x0, 0x0,

    /* U+94FE "链" */
    0x0, 0x93, 0x0, 0x20, 0x0, 0x79, 0x0, 0x0,
    0x5, 0xf6, 0x25, 0xf6, 0x0, 0xde, 0x0, 0x0,
    0xb, 0xff, 0xf7, 0xfb, 0x8f, 0xff, 0xff, 0xf6,
    0x3f, 0xb7, 0x73, 0xbf, 0x5c, 0xfa, 0x99, 0x93,
    0x7f, 0x10, 0x0, 0x32, 0xa, 0xd6, 0xa0, 0x0,
    0xd, 0xee, 0xe4, 0x33, 0x2f, 0x69, 0xf0, 0x0,
    0x5, 0xef, 0xac, 0xff, 0x8f, 0xff, 0xfe, 0xe1,
    0x0, 0xbe, 0x4, 0xbf, 0x39, 0x9d, 0xf9, 0x90,
    0x2a, 0xef, 0xa5, 0x8f, 0x10, 0x9, 0xf0, 0x0,
    0x3e, 0xff, 0xe7, 0x8f, 0x7f, 0xff, 0xff, 0xf5,
    0x0, 0xbe, 0x0, 0x8f, 0x59, 0x9d, 0xf9, 0x93,
    0x0, 0xbe, 0x42, 0x8f, 0x10, 0x9, 0xf0, 0x0,
    0x0, 0xbf, 0xf8, 0xcf, 0x91, 0x8, 0xe0, 0x0,
    0x1, 0xff, 0x7d, 0xfb, 0xff, 0xcb, 0xbb, 0xc7,
    0x2, 0xd3, 0x8, 0x70, 0x29, 0xef, 0xff, 0xf5,
    0x0, 0x0, 0x0, 0x0, 0x0, 0x0, 0x0, 0x0,

    /* U+9519 "错" */
    0x0, 0x59, 0x10, 0x0, 0x8f, 0x11, 0xf9, 0x0,
    0x0, 0xde, 0x0, 0x0, 0x8f, 0x11, 0xf9, 0x0,
    0x5, 0xfe, 0xcc, 0x6a, 0xdf, 0xaa, 0xfd, 0xa2,
    0x1e, 0xff, 0xff, 0x7f, 0xff, 0xff, 0xff, 0xf3,
    0x6f, 0x60, 0x0, 0x0, 0x8f, 0x11, 0xf9, 0x0,
    0xd, 0xcc, 0xcc, 0x54, 0xaf, 0x55, 0xfb, 0x42,
    0x3, 0xdf, 0xed, 0x9f, 0xff, 0xff, 0xff, 0xf9,
    0x0, 0x1f, 0x90, 0x14, 0x44, 0x44, 0x44, 0x42,
    0x1c, 0xcf, 0xec, 0x75, 0xff, 0xff, 0xff, 0x70,
    0x1d, 0xef, 0xfd, 0x86, 0xfa, 0x88, 0x8f, 0x80,
    0x0, 0x1f, 0x90, 0x6, 0xf7, 0x44, 0x4f, 0x80,
    0x0, 0x1f, 0x90, 0x16, 0xff, 0xff, 0xff, 0x80,
    0x0, 0x1f, 0xde, 0x66, 0xf6, 0x22, 0x3f, 0x80,
    0x0, 0x6f, 0xfd, 0x46, 0xf9, 0x77, 0x8f, 0x80,
    0x0, 0x7b, 0x30, 0x6, 0xff, 0xff, 0xff, 0x80,
    0x0, 0x0, 0x0, 0x0, 0x10, 0x0, 0x0, 0x0,

    /* U+957F "长" */
    0x0, 0x2f, 0xc0, 0x0, 0x0, 0x18, 0x20, 0x0,
    0x2, 0xfc, 0x0, 0x0, 0x2d, 0xfb, 0x0, 0x0,
    0x2f, 0xc0, 0x0, 0x7f, 0xfa, 0x0, 0x0, 0x2,
    0xfc, 0x6, 0xdf, 0xf7, 0x0, 0x0, 0x0, 0x2f,
    0xc1, 0xdf, 0xc2, 0x0, 0x0, 0x0, 0x2, 0xfc,
    0x2, 0x50, 0x0, 0x0, 0x0, 0xab, 0xcf, 0xeb,
    0xbb, 0xbb, 0xbb, 0xbb, 0x4f, 0xff, 0xff, 0xff,
    0xff, 0xff, 0xff, 0xf6, 0x11, 0x4f, 0xc1, 0x2f,
    0xe1, 0x11, 0x11, 0x0, 0x2, 0xfc, 0x0, 0x8f,
    0x90, 0x0, 0x0, 0x0, 0x2f, 0xc0, 0x0, 0xef,
    0x60, 0x0, 0x0, 0x2, 0xfc, 0x0, 0x25, 0xff,
    0x90, 0x0, 0x0, 0x3f, 0xeb, 0xef, 0x44, 0xff,
    0xe7, 0x20, 0xb, 0xff, 0xfe, 0xa2, 0x2, 0xcf,
    0xf5, 0x0, 0x6b, 0x62, 0x0, 0x0, 0x0, 0x47,
    0x0, 0x0, 0x0, 0x0, 0x0, 0x0, 0x0, 0x0,

    /* U+95ED "闭" */
    0x7, 0x20, 0x0, 0x0, 0x0, 0x0, 0x0, 0x5f,
    0xd1, 0x8f, 0xff, 0xff, 0xff, 0xfd, 0x8, 0xfa,
    0x6b, 0xbb, 0xbb, 0xbb, 0xfd, 0x22, 0x81, 0x0,
    0x0, 0x32, 0x0, 0xed, 0xef, 0x0, 0x0, 0x1,
    0xfd, 0x0, 0xed, 0xef, 0x1, 0x11, 0x12, 0xfd,
    0x11, 0xed, 0xef, 0xf, 0xff, 0xff, 0xff, 0xfb,
    0xed, 0xef, 0x9, 0x99, 0xcf, 0xfe, 0x96, 0xed,
    0xef, 0x0, 0x2, 0xef, 0xfd, 0x0, 0xed, 0xef,
    0x0, 0x4e, 0xf7, 0xfd, 0x0, 0xed, 0xef, 0x19,
    0xff, 0x51, 0xfd, 0x0, 0xed, 0xef, 0x7f, 0xd3,
    0x1, 0xfd, 0x0, 0xed, 0xef, 0x4, 0x5, 0xab,
    0xfc, 0x0, 0xed, 0xef, 0x0, 0x3, 0xff, 0xd5,
    0x4a, 0xfd, 0xef, 0x0, 0x0, 0x0, 0x0, 0x2f,
    0xe5,

    /* U+95EE "问" */
    0x7, 0x10, 0x0, 0x0, 0x0, 0x0, 0x0, 0x4f,
    0xc1, 0x7f, 0xff, 0xff, 0xff, 0xfc, 0x6, 0xfc,
    0x5b, 0xbb, 0xbb, 0xbb, 0xfc, 0x12, 0x76, 0x0,
    0x0, 0x0, 0x0, 0xfc, 0xcf, 0x0, 0x0, 0x0,
    0x0, 0x0, 0xfc, 0xcf, 0x0, 0x9b, 0xaa, 0xa9,
    0x0, 0xfc, 0xcf, 0x0, 0xef, 0xff, 0xfe, 0x0,
    0xfc, 0xcf, 0x0, 0xeb, 0x0, 0xde, 0x0, 0xfc,
    0xcf, 0x0, 0xeb, 0x0, 0xde, 0x0, 0xfc, 0xcf,
    0x0, 0xeb, 0x0, 0xde, 0x0, 0xfc, 0xcf, 0x0,
    0xef, 0xff, 0xfe, 0x0, 0xfc, 0xcf, 0x0, 0xee,
    0x99, 0x98, 0x0, 0xfc, 0xcf, 0x0, 0x75, 0x0,
    0x0, 0x0, 0xfc, 0xcf, 0x0, 0x0, 0x0, 0x4,
    0xcc, 0xfb, 0xcf, 0x0, 0x0, 0x0, 0x1, 0xff,
    0xd4,

    /* U+95F4 "间" */
    0x7, 0x20, 0x0, 0x0, 0x0, 0x0, 0x0, 0x3f,
    0xe2, 0x8f, 0xff, 0xff, 0xff, 0xff, 0x6, 0xfb,
    0x6b, 0xbb, 0xbb, 0xbb, 0xff, 0x12, 0x50, 0x0,
    0x0, 0x0, 0x0, 0xef, 0xdf, 0x10, 0x11, 0x11,
    0x11, 0x0, 0xef, 0xdf, 0x11, 0xff, 0xff, 0xff,
    0x10, 0xef, 0xdf, 0x11, 0xfb, 0x66, 0xcf, 0x10,
    0xef, 0xdf, 0x11, 0xf8, 0x0, 0xaf, 0x10, 0xef,
    0xdf, 0x11, 0xff, 0xff, 0xff, 0x10, 0xef, 0xdf,
    0x11, 0xfc, 0x77, 0xcf, 0x10, 0xef, 0xdf, 0x11,
    0xf8, 0x0, 0xaf, 0x10, 0xef, 0xdf, 0x11, 0xff,
    0xff, 0xff, 0x10, 0xef, 0xdf, 0x10, 0x88, 0x88,
    0x88, 0x0, 0xef, 0xdf, 0x10, 0x0, 0x0, 0x0,
    0x59, 0xfe, 0xdf, 0x10, 0x0, 0x0, 0x0, 0x4f,
    0xe7,

    /* U+9635 "阵" */
    0x0, 0x0, 0x0, 0x0, 0x96, 0x0, 0x0, 0xe,
    0xff, 0xfa, 0x0, 0x2f, 0xc0, 0x0, 0x0, 0xee,
    0x9f, 0xd9, 0xbc, 0xfe, 0xbb, 0xbb, 0xe, 0xb2,
    0xf8, 0xdf, 0xff, 0xff, 0xff, 0xf0, 0xeb, 0x7f,
    0x30, 0x2f, 0xb2, 0x30, 0x0, 0xe, 0xbc, 0xd0,
    0x9, 0xf4, 0xbf, 0x10, 0x0, 0xeb, 0x9f, 0x21,
    0xfd, 0xb, 0xf1, 0x0, 0xe, 0xb1, 0xf9, 0x9f,
    0xff, 0xff, 0xff, 0xe0, 0xeb, 0xc, 0xd4, 0xcb,
    0xbe, 0xfb, 0xba, 0xe, 0xb0, 0xbe, 0x0, 0x0,
    0xbf, 0x10, 0x0, 0xec, 0xbf, 0xd0, 0x0, 0xb,
    0xf2, 0x0, 0xe, 0xbc, 0xd5, 0xff, 0xff, 0xff,
    0xff, 0xf4, 0xeb, 0x0, 0x1a, 0xaa, 0xae, 0xfa,
    0xaa, 0x3e, 0xb0, 0x0, 0x0, 0x0, 0xbf, 0x10,
    0x0, 0xeb, 0x0, 0x0, 0x0, 0xb, 0xf1, 0x0,
    0x0,

    /* U+9636 "阶" */
    0x0, 0x0, 0x0, 0x0, 0x1b, 0x70, 0x0, 0xd,
    0xff, 0xff, 0x60, 0x8, 0xfc, 0x0, 0x0, 0xdf,
    0xbd, 0xf7, 0x1, 0xff, 0xf6, 0x0, 0xd, 0xe0,
    0xbf, 0x10, 0xcf, 0x8d, 0xf6, 0x0, 0xde, 0x1f,
    0x81, 0xbf, 0xb0, 0x1d, 0xfa, 0x1d, 0xe7, 0xf3,
    0xdf, 0xb0, 0x0, 0x1c, 0xf8, 0xde, 0x1e, 0xc5,
    0x98, 0x50, 0x18, 0x55, 0xd, 0xe0, 0x7f, 0x51,
    0xfb, 0x2, 0xfa, 0x0, 0xde, 0x2, 0xf8, 0x1f,
    0xb0, 0x2f, 0xa0, 0xd, 0xe0, 0x3f, 0x91, 0xfa,
    0x2, 0xfa, 0x0, 0xde, 0x9f, 0xf5, 0x3f, 0x90,
    0x2f, 0xa0, 0xd, 0xe4, 0xb7, 0x6, 0xf7, 0x2,
    0xfa, 0x0, 0xde, 0x0, 0x0, 0xcf, 0x30, 0x2f,
    0xa0, 0xd, 0xe0, 0x0, 0x7f, 0xd0, 0x2, 0xfa,
    0x0, 0xde, 0x0, 0x7, 0xe3, 0x0, 0x2f, 0xa0,
    0x1, 0x10, 0x0, 0x0, 0x0, 0x0, 0x0, 0x0,

    /* U+9644 "附" */
    0x0, 0x0, 0x0, 0x4, 0x0, 0x0, 0x0, 0xe,
    0xff, 0xf9, 0x4, 0xf6, 0x0, 0xaf, 0x10, 0xed,
    0xaf, 0xb0, 0xaf, 0x10, 0xa, 0xf1, 0xe, 0xa3,
    0xf7, 0x2f, 0xa0, 0x0, 0xbf, 0x10, 0xea, 0x6f,
    0x2a, 0xf9, 0xff, 0xff, 0xff, 0x4e, 0xaa, 0xd5,
    0xff, 0x9a, 0xaa, 0xef, 0xa2, 0xea, 0xbd, 0xbf,
    0xf8, 0x0, 0xa, 0xf1, 0xe, 0xa3, 0xf7, 0x7f,
    0x8c, 0xa0, 0xaf, 0x10, 0xea, 0xf, 0xa1, 0xf8,
    0x9f, 0x1a, 0xf1, 0xe, 0xa0, 0xeb, 0x1f, 0x83,
    0xf8, 0xaf, 0x10, 0xea, 0x8f, 0xa1, 0xf8, 0xc,
    0x6a, 0xf1, 0xe, 0xad, 0xe3, 0x1f, 0x80, 0x0,
    0xaf, 0x10, 0xea, 0x0, 0x1, 0xf8, 0x0, 0xa,
    0xf1, 0xe, 0xa0, 0x0, 0x1f, 0x80, 0x6c, 0xff,
    0x0, 0xea, 0x0, 0x1, 0xf8, 0x3, 0xfe, 0x70,
    0x0, 0x0, 0x0, 0x0, 0x0, 0x0, 0x0, 0x0,

    /* U+9650 "限" */
    0x0, 0x0, 0x0, 0x0, 0x0, 0x0, 0x0, 0xa,
    0xff, 0xff, 0x5d, 0xff, 0xff, 0xff, 0x80, 0xaf,
    0xac, 0xf5, 0xdf, 0x99, 0x9a, 0xf9, 0xa, 0xe0,
    0xaf, 0xd, 0xe0, 0x0, 0x3f, 0x90, 0xae, 0xe,
    0xa0, 0xdf, 0xff, 0xff, 0xf9, 0xa, 0xe2, 0xf5,
    0xd, 0xf7, 0x77, 0x8f, 0x90, 0xae, 0x1f, 0x90,
    0xde, 0x0, 0x3, 0xf9, 0xa, 0xe0, 0x8f, 0x1d,
    0xff, 0xff, 0xff, 0x90, 0xae, 0x4, 0xf5, 0xdf,
    0x8f, 0xd8, 0x87, 0xa, 0xe0, 0x4f, 0x5d, 0xe0,
    0xbf, 0x1a, 0xf3, 0xae, 0x6f, 0xf3, 0xde, 0x5,
    0xff, 0xfa, 0xa, 0xe3, 0xa5, 0xd, 0xe0, 0xd,
    0xf7, 0x0, 0xae, 0x0, 0x0, 0xee, 0x36, 0x6f,
    0xe3, 0xa, 0xe0, 0x0, 0x4f, 0xff, 0xf4, 0x6f,
    0xf7, 0xae, 0x0, 0x2, 0xe9, 0x51, 0x0, 0x4c,
    0x10, 0x0, 0x0, 0x0, 0x0, 0x0, 0x0, 0x0,

    /* U+9664 "除" */
    0x0, 0x0, 0x0, 0x0, 0xa, 0x50, 0x0, 0xe,
    0xff, 0xfb, 0x0, 0x8, 0xfb, 0x0, 0x0, 0xed,
    0xaf, 0xc0, 0x6, 0xfe, 0xf9, 0x0, 0xe, 0xa2,
    0xf7, 0x7, 0xfd, 0x1a, 0xfb, 0x10, 0xea, 0x6f,
    0x4b, 0xfd, 0x10, 0xa, 0xfe, 0x5e, 0xaa, 0xc2,
    0xef, 0xa9, 0x99, 0x9e, 0xe2, 0xea, 0x9e, 0x11,
    0xaf, 0xff, 0xff, 0xb0, 0xe, 0xa1, 0xf7, 0x0,
    0x1, 0xfa, 0x0, 0x0, 0xea, 0xd, 0xba, 0xbb,
    0xbf, 0xeb, 0xbb, 0x3e, 0xa0, 0xdc, 0xde, 0xee,
    0xff, 0xee, 0xe4, 0xeb, 0xef, 0x90, 0x63, 0x1f,
    0xa2, 0x70, 0xe, 0xa9, 0x81, 0x5f, 0x91, 0xfa,
    0x5f, 0x80, 0xea, 0x0, 0x2f, 0xd0, 0x1f, 0xa0,
    0xaf, 0x4e, 0xa0, 0x5, 0xe3, 0x8a, 0xfa, 0x1,
    0xc4, 0xea, 0x0, 0x0, 0x9, 0xfd, 0x40, 0x0,
    0x0, 0x0, 0x0, 0x0, 0x0, 0x0, 0x0, 0x0,

    /* U+9690 "隐" */
    0x0, 0x0, 0x0, 0x7, 0x50, 0x0, 0x0, 0xe,
    0xff, 0xfa, 0x5, 0xfb, 0x44, 0x40, 0x0, 0xed,
    0x9f, 0xe2, 0xff, 0xff, 0xff, 0x60, 0xe, 0xa1,
    0xfb, 0xee, 0x20, 0x2f, 0xc0, 0x0, 0xea, 0x5f,
    0x4c, 0xc9, 0x9d, 0xfb, 0x95, 0xe, 0xaa, 0xe0,
    0x7c, 0xcc, 0xcc, 0xcf, 0x90, 0xea, 0xbe, 0x11,
    0x55, 0x55, 0x57, 0xf9, 0xe, 0xa1, 0xf8, 0x4f,
    0xff, 0xff, 0xff, 0x90, 0xea, 0xc, 0xd1, 0x22,
    0x22, 0x24, 0xf9, 0xe, 0xa0, 0xce, 0xbf, 0xff,
    0xff, 0xff, 0x90, 0xeb, 0xdf, 0xb1, 0x23, 0xeb,
    0x22, 0x21, 0xe, 0xa9, 0x94, 0xa9, 0xe7, 0xfc,
    0x3f, 0x50, 0xea, 0x0, 0x8f, 0x9f, 0x14, 0x74,
    0xdd, 0xe, 0xa0, 0xf, 0xa8, 0xf8, 0x78, 0xfb,
    0xf5, 0xea, 0x0, 0x53, 0x2e, 0xff, 0xfd, 0x16,
    0x0,

    /* U+96C6 "集" */
    0x0, 0x0, 0x85, 0x2, 0x72, 0x0, 0x0, 0x0,
    0x0, 0x7, 0xf9, 0x3, 0xfa, 0x0, 0x0, 0x0,
    0x0, 0x4f, 0xff, 0xff, 0xff, 0xff, 0xff, 0x60,
    0x4, 0xff, 0xa5, 0x58, 0xfa, 0x55, 0x55, 0x20,
    0x4f, 0xff, 0xff, 0xff, 0xff, 0xff, 0xfa, 0x0,
    0x9, 0x9f, 0x94, 0x47, 0xf9, 0x44, 0x43, 0x0,
    0x0, 0x6f, 0xff, 0xff, 0xff, 0xff, 0xfb, 0x0,
    0x0, 0x6f, 0x83, 0x36, 0xf9, 0x33, 0x32, 0x0,
    0x0, 0x6f, 0xff, 0xff, 0xff, 0xff, 0xff, 0xc0,
    0x0, 0x5d, 0x96, 0x6b, 0xb6, 0x66, 0x66, 0x50,
    0x18, 0x88, 0x88, 0x8f, 0xf8, 0x88, 0x88, 0x81,
    0x3f, 0xff, 0xff, 0xff, 0xff, 0xff, 0xff, 0xf3,
    0x0, 0x3, 0xaf, 0xdf, 0xfd, 0xfa, 0x40, 0x0,
    0x3a, 0xef, 0xd7, 0xe, 0xe0, 0x6d, 0xfe, 0xa3,
    0xc, 0xa4, 0x0, 0xe, 0xe0, 0x0, 0x39, 0xa0,

    /* U+9700 "需" */
    0x0, 0xff, 0xff, 0xff, 0xff, 0xff, 0xfe, 0x0,
    0x0, 0x56, 0x66, 0x6f, 0xe6, 0x66, 0x65, 0x0,
    0xf, 0xff, 0xff, 0xff, 0xff, 0xff, 0xff, 0xf0,
    0xf, 0xb6, 0x66, 0x5e, 0xd5, 0x66, 0x6b, 0xf0,
    0xf, 0x9b, 0xee, 0x7e, 0xd8, 0xee, 0xaa, 0xf0,
    0x2, 0x3c, 0xcc, 0x6e, 0xd7, 0xcc, 0xc3, 0x20,
    0x0, 0x5, 0x55, 0x2a, 0x92, 0x55, 0x50, 0x0,
    0xa, 0xaa, 0xaa, 0xaa, 0xaa, 0xaa, 0xaa, 0xa1,
    0x1c, 0xcc, 0xcc, 0xdf, 0xfc, 0xcc, 0xcc, 0xc1,
    0x0, 0x89, 0x99, 0xaf, 0xd9, 0x99, 0xa9, 0x20,
    0x0, 0xef, 0xde, 0xfe, 0xdf, 0xfd, 0xef, 0x40,
    0x0, 0xed, 0x7, 0xf3, 0xf, 0xa0, 0x7f, 0x40,
    0x0, 0xed, 0x7, 0xf3, 0xf, 0xa4, 0xaf, 0x40,
    0x0, 0xed, 0x7, 0xf3, 0xf, 0xa8, 0xfe, 0x10,
    0x0, 0x11, 0x0, 0x0, 0x0, 0x0, 0x10, 0x0,

    /* U+9752 "青" */
    0x0, 0x0, 0x0, 0xf, 0xe0, 0x0, 0x0, 0x0,
    0x2, 0xff, 0xff, 0xff, 0xff, 0xff, 0xff, 0x40,
    0x0, 0x55, 0x55, 0x5f, 0xe5, 0x55, 0x55, 0x10,
    0x0, 0x7d, 0xdd, 0xdf, 0xfd, 0xdd, 0xd7, 0x0,
    0x0, 0x47, 0x77, 0x7f, 0xf7, 0x77, 0x74, 0x0,
    0x1b, 0xbb, 0xbb, 0xbf, 0xfb, 0xbb, 0xbb, 0xb1,
    0x1a, 0xaa, 0xaa, 0xaa, 0xaa, 0xaa, 0xaa, 0xa1,
    0x0, 0x5, 0x55, 0x55, 0x55, 0x56, 0x50, 0x0,
    0x0, 0xf, 0xff, 0xff, 0xff, 0xff, 0xf1, 0x0,
    0x0, 0xf, 0xd4, 0x44, 0x44, 0x4d, 0xf1, 0x0,
    0x0, 0xf, 0xff, 0xff, 0xff, 0xff, 0xf1, 0x0,
    0x0, 0xf, 0xd3, 0x33, 0x33, 0x3c, 0xf1, 0x0,
    0x0, 0xf, 0xff, 0xff, 0xff, 0xff, 0xf1, 0x0,
    0x0, 0xf, 0xc0, 0x0, 0x8, 0x7e, 0xf1, 0x0,
    0x0, 0xf, 0xc0, 0x0, 0xb, 0xed, 0x80, 0x0,

    /* U+9762 "面" */
    0x3f, 0xff, 0xff, 0xff, 0xff, 0xff, 0xff, 0xf4,
    0x2b, 0xbb, 0xbb, 0xdf, 0xfb, 0xbb, 0xbb, 0xb2,
    0x0, 0x0, 0x0, 0x6f, 0x90, 0x0, 0x0, 0x0,
    0x5, 0x99, 0x99, 0xdf, 0xc9, 0x99, 0x99, 0x40,
    0x8, 0xff, 0xff, 0xff, 0xff, 0xff, 0xff, 0x80,
    0x8, 0xf4, 0x1f, 0x90, 0xd, 0xd0, 0x6f, 0x80,
    0x8, 0xf4, 0xf, 0xc7, 0x7e, 0xd0, 0x5f, 0x80,
    0x8, 0xf4, 0xf, 0xff, 0xff, 0xd0, 0x5f, 0x80,
    0x8, 0xf4, 0xf, 0x90, 0xd, 0xd0, 0x5f, 0x80,
    0x8, 0xf4, 0xf, 0xff, 0xff, 0xd0, 0x5f, 0x80,
    0x8, 0xf4, 0xf, 0xc7, 0x7e, 0xd0, 0x5f, 0x80,
    0x8, 0xf4, 0xf, 0x90, 0xd, 0xd0, 0x5f, 0x80,
    0x8, 0xff, 0xff, 0xff, 0xff, 0xff, 0xff, 0x80,
    0x8, 0xfc, 0xbb, 0xbb, 0xbb, 0xbb, 0xcf, 0x80,

    /* U+97F3 "音" */
    0x0, 0x0, 0x0, 0x16, 0x50, 0x0, 0x0, 0x0,
    0x0, 0x0, 0x0, 0x1f, 0xf2, 0x0, 0x0, 0x0,
    0x4, 0xff, 0xff, 0xff, 0xff, 0xff, 0xff, 0x70,
    0x2, 0x99, 0xdd, 0x99, 0x99, 0xdf, 0xa9, 0x40,
    0x0, 0x0, 0xef, 0x10, 0x0, 0xdf, 0x30, 0x0,
    0x19, 0x99, 0xdf, 0xb9, 0x9a, 0xfe, 0x99, 0x91,
    0x3f, 0xff, 0xff, 0xff, 0xff, 0xff, 0xff, 0xf3,
    0x0, 0x0, 0x0, 0x0, 0x0, 0x0, 0x0, 0x0,
    0x0, 0x2f, 0xff, 0xff, 0xff, 0xff, 0xf5, 0x0,
    0x0, 0x2f, 0xd8, 0x88, 0x88, 0x8c, 0xf5, 0x0,
    0x0, 0x2f, 0xb4, 0x44, 0x44, 0x4a, 0xf5, 0x0,
    0x0, 0x2f, 0xff, 0xff, 0xff, 0xff, 0xf5, 0x0,
    0x0, 0x2f, 0xb2, 0x22, 0x22, 0x2a, 0xf5, 0x0,
    0x0, 0x2f, 0xd9, 0x99, 0x99, 0x9d, 0xf5, 0x0,
    0x0, 0x2f, 0xff, 0xff, 0xff, 0xff, 0xf5, 0x0,
    0x0, 0x0, 0x0, 0x0, 0x0, 0x0, 0x0, 0x0,

    /* U+9875 "页" */
    0xe, 0xff, 0xff, 0xff, 0xff, 0xff, 0xff, 0xf1,
    0x9, 0xaa, 0xaa, 0xcf, 0xea, 0xaa, 0xaa, 0xa0,
    0x0, 0x0, 0x0, 0x8f, 0x60, 0x0, 0x0, 0x0,
    0x0, 0x5a, 0xaa, 0xef, 0xaa, 0xaa, 0xa8, 0x0,
    0x0, 0x9f, 0xff, 0xff, 0xff, 0xff, 0xfd, 0x0,
    0x0, 0x9f, 0x50, 0x4, 0x40, 0x2, 0xfd, 0x0,
    0x0, 0x9f, 0x40, 0xe, 0xf0, 0x2, 0xfd, 0x0,
    0x0, 0x9f, 0x40, 0xe, 0xf0, 0x2, 0xfd, 0x0,
    0x0, 0x9f, 0x40, 0xe, 0xf0, 0x2, 0xfd, 0x0,
    0x0, 0x9f, 0x40, 0xf, 0xe0, 0x2, 0xfd, 0x0,
    0x0, 0x7d, 0x30, 0x9f, 0xa8, 0x72, 0xca, 0x0,
    0x0, 0x0, 0x2b, 0xfe, 0x3d, 0xff, 0x81, 0x0,
    0x3, 0x7c, 0xff, 0xb1, 0x0, 0x5d, 0xff, 0x70,
    0xc, 0xff, 0xa4, 0x0, 0x0, 0x0, 0x6e, 0xc0,
    0x1, 0x30, 0x0, 0x0, 0x0, 0x0, 0x1, 0x10,

    /* U+9879 "项" */
    0x0, 0x0, 0x1, 0xff, 0xff, 0xff, 0xff, 0xf3,
    0x7d, 0xdd, 0xda, 0xaa, 0xaf, 0xfb, 0xaa, 0xa2,
    0x8e, 0xff, 0xea, 0x0, 0x1f, 0xe0, 0x0, 0x0,
    0x0, 0xbf, 0x10, 0x9f, 0xff, 0xff, 0xff, 0x60,
    0x0, 0xbf, 0x10, 0x9f, 0xa9, 0x99, 0xcf, 0x60,
    0x0, 0xbf, 0x10, 0x9f, 0x26, 0xc3, 0x7f, 0x60,
    0x0, 0xbf, 0x10, 0x9f, 0x28, 0xf4, 0x7f, 0x60,
    0x0, 0xbf, 0x10, 0x9f, 0x28, 0xf4, 0x7f, 0x60,
    0x0, 0xbf, 0x89, 0x9f, 0x28, 0xf4, 0x7f, 0x60,
    0x5a, 0xff, 0xfd, 0x9f, 0x2a, 0xf3, 0x7f, 0x60,
    0xaf, 0xf9, 0x40, 0x58, 0x3f, 0xe1, 0x47, 0x20,
    0x44, 0x0, 0x0, 0x1, 0xcf, 0x7d, 0xe4, 0x0,
    0x0, 0x0, 0x3, 0x9f, 0xf8, 0x4, 0xef, 0x90,
    0x0, 0x0, 0x1d, 0xfc, 0x40, 0x0, 0x1b, 0xe1,
    0x0, 0x0, 0x2, 0x30, 0x0, 0x0, 0x0, 0x10,

    /* U+9898 "题" */
    0x8, 0xff, 0xff, 0xf2, 0xff, 0xff, 0xff, 0xf6,
    0x8, 0xf4, 0x3b, 0xf1, 0x77, 0xcf, 0x97, 0x72,
    0x8, 0xff, 0xff, 0xf0, 0x45, 0xdf, 0x55, 0x40,
    0x8, 0xf4, 0x3b, 0xf0, 0xcf, 0xff, 0xff, 0xc0,
    0x8, 0xff, 0xff, 0xf0, 0xcc, 0x16, 0x1d, 0xc0,
    0x2, 0x44, 0x44, 0x40, 0xcc, 0x4f, 0x4d, 0xc0,
    0x48, 0x88, 0x88, 0x85, 0xcc, 0x5f, 0x3d, 0xc0,
    0x6d, 0xde, 0xfd, 0xd9, 0xcc, 0x6f, 0x1d, 0xc0,
    0x5, 0x98, 0xf1, 0x0, 0xcc, 0xae, 0xd, 0xc0,
    0x8, 0xf7, 0xff, 0xf6, 0x58, 0xf9, 0x77, 0x40,
    0xa, 0xf9, 0xf5, 0x41, 0x4e, 0xe3, 0xdf, 0x50,
    0xd, 0xff, 0xf0, 0x9, 0xfc, 0x20, 0xb, 0xf2,
    0x3f, 0x8d, 0xfc, 0x99, 0xa7, 0x77, 0x77, 0xb3,
    0x8f, 0x10, 0x6b, 0xef, 0xff, 0xff, 0xff, 0xf1,
    0x1, 0x0, 0x0, 0x0, 0x0, 0x0, 0x0, 0x0,

    /* U+989C "颜" */
    0x0, 0x2, 0x71, 0x0, 0x0, 0x0, 0x0, 0x0,
    0x0, 0x3, 0xf7, 0x0, 0x79, 0x99, 0x99, 0x94,
    0xf, 0xff, 0xff, 0xff, 0x9c, 0xcf, 0xec, 0xc5,
    0x6, 0xbc, 0x77, 0xd8, 0x0, 0x2f, 0x40, 0x0,
    0x0, 0xae, 0x7, 0xf2, 0x5a, 0xcf, 0xaa, 0x90,
    0x5, 0xbe, 0x8e, 0xe8, 0x8f, 0xaa, 0xad, 0xe0,
    0xb, 0xff, 0xff, 0xff, 0x8d, 0xc, 0x38, 0xe0,
    0xb, 0xe0, 0x18, 0xd4, 0x8d, 0x1f, 0x48, 0xe0,
    0xb, 0xea, 0xff, 0x70, 0x8d, 0x1f, 0x48, 0xe0,
    0xb, 0xd6, 0x64, 0xc6, 0x8d, 0x2f, 0x38, 0xe0,
    0xc, 0xd4, 0xaf, 0xd2, 0x8d, 0x4f, 0x28, 0xe0,
    0xd, 0xef, 0xe7, 0x74, 0x7b, 0x7f, 0x6, 0xc0,
    0xf, 0x93, 0x3b, 0xfa, 0x1, 0xea, 0x77, 0x0,
    0x3f, 0xbb, 0xff, 0x70, 0x5d, 0xe2, 0x7f, 0xb0,
    0x6f, 0x4d, 0x81, 0xd, 0xfc, 0x20, 0x4, 0xf7,
    0x2, 0x0, 0x0, 0x3, 0x20, 0x0, 0x0, 0x30,

    /* U+98CE "风" */
    0x0, 0xaf, 0xff, 0xff, 0xff, 0xff, 0xfa, 0x0,
    0x0, 0xaf, 0xcb, 0xbb, 0xbb, 0xbc, 0xfa, 0x0,
    0x0, 0xaf, 0x30, 0x0, 0x2, 0x12, 0xfa, 0x0,
    0x0, 0xaf, 0x48, 0x30, 0xc, 0xf3, 0xfa, 0x0,
    0x0, 0xaf, 0x5f, 0xe2, 0x3f, 0xa2, 0xfa, 0x0,
    0x0, 0xbf, 0x24, 0xfd, 0xbf, 0x32, 0xfa, 0x0,
    0x0, 0xbf, 0x10, 0x8f, 0xfb, 0x2, 0xfa, 0x0,
    0x0, 0xdf, 0x0, 0xf, 0xf8, 0x1, 0xfa, 0x0,
    0x0, 0xfe, 0x0, 0xaf, 0xff, 0x30, 0xfa, 0x0,
    0x2, 0xfc, 0x8, 0xfd, 0x6f, 0xd0, 0xfb, 0x0,
    0x6, 0xf9, 0x9f, 0xe2, 0xb, 0xf8, 0xed, 0x36,
    0xb, 0xf4, 0x9e, 0x20, 0x2, 0xb3, 0xbf, 0x6d,
    0x4f, 0xe0, 0x1, 0x0, 0x0, 0x0, 0x7f, 0xfb,
    0x1c, 0x60, 0x0, 0x0, 0x0, 0x0, 0xb, 0xf4,
    0x0, 0x0, 0x0, 0x0, 0x0, 0x0, 0x0, 0x0,

    /* U+9996 "首" */
    0x0, 0x3, 0xb5, 0x0, 0x0, 0x5a, 0x60, 0x0,
    0x0, 0x2, 0xff, 0x30, 0x0, 0xdf, 0x40, 0x0,
    0x2a, 0xaa, 0xdf, 0xba, 0xac, 0xfe, 0xaa, 0xa2,
    0x3f, 0xff, 0xff, 0xff, 0xff, 0xff, 0xff, 0xf4,
    0x0, 0x0, 0x0, 0x3f, 0xf1, 0x0, 0x0, 0x0,
    0x0, 0x59, 0x99, 0xcf, 0xe9, 0x99, 0x95, 0x0,
    0x0, 0x9f, 0xff, 0xff, 0xff, 0xff, 0xf8, 0x0,
    0x0, 0x9f, 0x40, 0x0, 0x0, 0x6, 0xf8, 0x0,
    0x0, 0x9f, 0xff, 0xff, 0xff, 0xff, 0xf8, 0x0,
    0x0, 0x9f, 0x85, 0x55, 0x55, 0x59, 0xf8, 0x0,
    0x0, 0x9f, 0x97, 0x77, 0x77, 0x7a, 0xf8, 0x0,
    0x0, 0x9f, 0xff, 0xff, 0xff, 0xff, 0xf8, 0x0,
    0x0, 0x9f, 0x30, 0x0, 0x0, 0x5, 0xf8, 0x0,
    0x0, 0x9f, 0xff, 0xff, 0xff, 0xff, 0xf8, 0x0,
    0x0, 0x9f, 0xba, 0xaa, 0xaa, 0xac, 0xf8, 0x0,

    /* U+9AD8 "高" */
    0x0, 0x0, 0x0, 0x16, 0x70, 0x0, 0x0, 0x0,
    0x0, 0x0, 0x0, 0x1f, 0xf2, 0x0, 0x0, 0x0,
    0x2f, 0xff, 0xff, 0xff, 0xff, 0xff, 0xff, 0xf1,
    0x17, 0x77, 0x77, 0x77, 0x77, 0x77, 0x77, 0x70,
    0x0, 0xd, 0xee, 0xee, 0xee, 0xee, 0xe1, 0x0,
    0x0, 0xf, 0xe3, 0x33, 0x33, 0x3d, 0xf1, 0x0,
    0x0, 0xf, 0xfe, 0xee, 0xee, 0xef, 0xf1, 0x0,
    0x0, 0x4, 0x55, 0x55, 0x55, 0x55, 0x50, 0x0,
    0xa, 0xff, 0xff, 0xff, 0xff, 0xff, 0xff, 0xa0,
    0xa, 0xf9, 0x88, 0x88, 0x88, 0x88, 0x9f, 0xa0,
    0xa, 0xf2, 0x7e, 0xdd, 0xdd, 0xd5, 0x2f, 0xa0,
    0xa, 0xf2, 0x9f, 0x76, 0x68, 0xf6, 0x2f, 0xa0,
    0xa, 0xf2, 0x9f, 0x65, 0x57, 0xf6, 0x2f, 0xa0,
    0xa, 0xf2, 0x9f, 0xff, 0xff, 0xfa, 0x8f, 0xa0,
    0xa, 0xf2, 0x5a, 0x0, 0x0, 0xa, 0xdc, 0x40,

    /* U+9EA6 "麦" */
    0x0, 0x0, 0x0, 0xf, 0xd0, 0x0, 0x0, 0x0,
    0x3, 0x77, 0x77, 0x7f, 0xe7, 0x77, 0x77, 0x30,
    0x8, 0xff, 0xff, 0xff, 0xff, 0xff, 0xff, 0x80,
    0x0, 0x23, 0x33, 0x3f, 0xe3, 0x33, 0x32, 0x0,
    0x0, 0x8f, 0xff, 0xff, 0xff, 0xff, 0xf9, 0x0,
    0x0, 0x12, 0x22, 0x2f, 0xe2, 0x22, 0x21, 0x0,
    0x4f, 0xff, 0xff, 0xff, 0xff, 0xff, 0xff, 0xf4,
    0x28, 0x88, 0x8f, 0xfb, 0x88, 0x88, 0x88, 0x82,
    0x0, 0x0, 0xaf, 0xe5, 0x44, 0x45, 0x10, 0x0,
    0x0, 0x3d, 0xff, 0xff, 0xff, 0xff, 0xe0, 0x0,
    0xa, 0xff, 0xef, 0x62, 0x24, 0xff, 0x50, 0x0,
    0x6, 0xb3, 0x2e, 0xf7, 0x6e, 0xf7, 0x0, 0x0,
    0x0, 0x0, 0x3, 0xff, 0xff, 0x70, 0x0, 0x0,
    0x4, 0x69, 0xdf, 0xfe, 0xef, 0xfe, 0xa8, 0x62,
    0xd, 0xff, 0xd9, 0x40, 0x5, 0xae, 0xff, 0xe1,
    0x3, 0x41, 0x0, 0x0, 0x0, 0x0, 0x14, 0x30,

    /* U+9EC4 "黄" */
    0x0, 0x0, 0x7f, 0x60, 0x8, 0xf7, 0x0, 0x0,
    0x0, 0x99, 0xcf, 0xb9, 0x9c, 0xfc, 0x99, 0x10,
    0x1, 0xff, 0xff, 0xff, 0xff, 0xff, 0xff, 0x20,
    0x0, 0x0, 0x8f, 0x60, 0x8, 0xf7, 0x0, 0x0,
    0x2c, 0xcc, 0xef, 0xec, 0xce, 0xfe, 0xcc, 0xc3,
    0x2f, 0xff, 0xff, 0xff, 0xff, 0xff, 0xff, 0xf4,
    0x0, 0x23, 0x33, 0x3f, 0xe3, 0x33, 0x32, 0x0,
    0x0, 0xaf, 0xff, 0xff, 0xff, 0xff, 0xfc, 0x0,
    0x0, 0xaf, 0x10, 0x1f, 0xd0, 0x1, 0xfc, 0x0,
    0x0, 0xaf, 0xff, 0xff, 0xff, 0xff, 0xfc, 0x0,
    0x0, 0xaf, 0x43, 0x3f, 0xe3, 0x34, 0xfc, 0x0,
    0x0, 0xaf, 0xdd, 0xdf, 0xfd, 0xdd, 0xfc, 0x0,
    0x0, 0x47, 0x9e, 0x77, 0x79, 0xfa, 0x75, 0x0,
    0x0, 0x5b, 0xff, 0x80, 0x7, 0xff, 0xd7, 0x10,
    0xc, 0xff, 0xa3, 0x0, 0x0, 0x6, 0xcf, 0xb0,
    0x1, 0x50, 0x0, 0x0, 0x0, 0x0, 0x3, 0x0,

    /* U+F001 "" */
    0x0, 0x0, 0x0, 0x0, 0x0, 0x0, 0x0, 0x0,
    0x0, 0x0, 0x0, 0x0, 0x0, 0x0, 0x49, 0xdc,
    0x0, 0x0, 0x0, 0x0, 0x16, 0xbf, 0xff, 0xff,
    0x0, 0x0, 0x3, 0x8d, 0xff, 0xff, 0xff, 0xff,
    0x0, 0x0, 0xcf, 0xff, 0xff, 0xff, 0xff, 0xff,
    0x0, 0x0, 0xff, 0xff, 0xff, 0xff, 0xc7, 0xff,
    0x0, 0x0, 0xff, 0xff, 0xfa, 0x51, 0x0, 0xff,
    0x0, 0x0, 0xff, 0x84, 0x0, 0x0, 0x0, 0xff,
    0x0, 0x0, 0xff, 0x0, 0x0, 0x0, 0x0, 0xff,
    0x0, 0x0, 0xff, 0x0, 0x0, 0x0, 0x0, 0xff,
    0x0, 0x0, 0xff, 0x0, 0x0, 0x0, 0x0, 0xff,
    0x0, 0x0, 0xff, 0x0, 0x0, 0x2b, 0xee, 0xff,
    0x0, 0x0, 0xff, 0x0, 0x0, 0xdf, 0xff, 0xff,
    0x2b, 0xee, 0xff, 0x0, 0x0, 0xdf, 0xff, 0xfd,
    0xdf, 0xff, 0xff, 0x0, 0x0, 0x2b, 0xff, 0xb2,
    0xdf, 0xff, 0xfd, 0x0, 0x0, 0x0, 0x0, 0x0,
    0x2b, 0xff, 0xb2, 0x0, 0x0, 0x0, 0x0, 0x0,

    /* U+F008 "" */
    0xd0, 0xf, 0xff, 0xff, 0xff, 0xff, 0xf0, 0xd,
    0xff, 0xff, 0xc8, 0x88, 0x88, 0x8c, 0xff, 0xff,
    0xf0, 0xf, 0x80, 0x0, 0x0, 0x8, 0xf0, 0xf,
    0xf0, 0xf, 0x80, 0x0, 0x0, 0x8, 0xf0, 0xf,
    0xff, 0xff, 0x80, 0x0, 0x0, 0x8, 0xff, 0xff,
    0xf0, 0xf, 0xec, 0xcc, 0xcc, 0xce, 0xf0, 0xf,
    0xf0, 0xf, 0xec, 0xcc, 0xcc, 0xce, 0xf0, 0xf,
    0xff, 0xff, 0x80, 0x0, 0x0, 0x8, 0xff, 0xff,
    0xf0, 0xf, 0x80, 0x0, 0x0, 0x8, 0xf0, 0xf,
    0xf0, 0xf, 0x80, 0x0, 0x0, 0x8, 0xf0, 0xf,
    0xff, 0xff, 0xc8, 0x88, 0x88, 0x8c, 0xff, 0xff,
    0xd0, 0xf, 0xff, 0xff, 0xff, 0xff, 0xf0, 0xd,

    /* U+F00B "" */
    0xdf, 0xff, 0x73, 0xff, 0xff, 0xff, 0xff, 0xfd,
    0xff, 0xff, 0xa5, 0xff, 0xff, 0xff, 0xff, 0xff,
    0xff, 0xff, 0xa5, 0xff, 0xff, 0xff, 0xff, 0xff,
    0xdf, 0xff, 0x73, 0xff, 0xff, 0xff, 0xff, 0xfd,
    0x0, 0x0, 0x0, 0x0, 0x0, 0x0, 0x0, 0x0,
    0xdf, 0xff, 0x73, 0xff, 0xff, 0xff, 0xff, 0xfd,
    0xff, 0xff, 0xa5, 0xff, 0xff, 0xff, 0xff, 0xff,
    0xff, 0xff, 0xa5, 0xff, 0xff, 0xff, 0xff, 0xff,
    0xdf, 0xff, 0x73, 0xff, 0xff, 0xff, 0xff, 0xfd,
    0x0, 0x0, 0x0, 0x0, 0x0, 0x0, 0x0, 0x0,
    0xdf, 0xff, 0x73, 0xff, 0xff, 0xff, 0xff, 0xfd,
    0xff, 0xff, 0xa5, 0xff, 0xff, 0xff, 0xff, 0xff,
    0xff, 0xff, 0xa5, 0xff, 0xff, 0xff, 0xff, 0xff,
    0xdf, 0xff, 0x73, 0xff, 0xff, 0xff, 0xff, 0xfd,

    /* U+F00C "" */
    0x0, 0x0, 0x0, 0x0, 0x0, 0x0, 0xa, 0xb1,
    0x0, 0x0, 0x0, 0x0, 0x0, 0x0, 0xbf, 0xfc,
    0x0, 0x0, 0x0, 0x0, 0x0, 0xb, 0xff, 0xfb,
    0x0, 0x0, 0x0, 0x0, 0x0, 0xbf, 0xff, 0xc0,
    0x1b, 0xa0, 0x0, 0x0, 0xb, 0xff, 0xfc, 0x0,
    0xcf, 0xfb, 0x0, 0x0, 0xbf, 0xff, 0xc0, 0x0,
    0xbf, 0xff, 0xb0, 0xb, 0xff, 0xfc, 0x0, 0x0,
    0xc, 0xff, 0xfb, 0xbf, 0xff, 0xc0, 0x0, 0x0,
    0x0, 0xcf, 0xff, 0xff, 0xfb, 0x0, 0x0, 0x0,
    0x0, 0xc, 0xff, 0xff, 0xb0, 0x0, 0x0, 0x0,
    0x0, 0x0, 0xbf, 0xfb, 0x0, 0x0, 0x0, 0x0,
    0x0, 0x0, 0xb, 0xb0, 0x0, 0x0, 0x0, 0x0,

    /* U+F00D "" */
    0x3, 0x0, 0x0, 0x0, 0x3, 0x8, 0xfc, 0x10,
    0x0, 0x1c, 0xf8, 0xff, 0xfc, 0x10, 0x1c, 0xff,
    0xf5, 0xff, 0xfc, 0x2c, 0xff, 0xf5, 0x5, 0xff,
    0xff, 0xff, 0xf5, 0x0, 0x5, 0xff, 0xff, 0xf5,
    0x0, 0x0, 0x1d, 0xff, 0xfd, 0x10, 0x0, 0x1c,
    0xff, 0xff, 0xfc, 0x10, 0x1c, 0xff, 0xf9, 0xff,
    0xfc, 0x1c, 0xff, 0xf5, 0x5, 0xff, 0xfc, 0xdf,
    0xf5, 0x0, 0x5, 0xff, 0xd1, 0xa4, 0x0, 0x0,
    0x4, 0xa1,

    /* U+F011 "" */
    0x0, 0x0, 0x0, 0x4f, 0xe0, 0x0, 0x0, 0x0,
    0x0, 0x2, 0x10, 0x6f, 0xf1, 0x3, 0x10, 0x0,
    0x0, 0x5f, 0xd0, 0x6f, 0xf1, 0x3f, 0xd1, 0x0,
    0x3, 0xff, 0xf1, 0x6f, 0xf1, 0x5f, 0xfd, 0x0,
    0xd, 0xff, 0x40, 0x6f, 0xf1, 0x9, 0xff, 0x70,
    0x4f, 0xf7, 0x0, 0x6f, 0xf1, 0x0, 0xcf, 0xe0,
    0x9f, 0xf0, 0x0, 0x6f, 0xf1, 0x0, 0x5f, 0xf3,
    0xbf, 0xc0, 0x0, 0x6f, 0xf1, 0x0, 0x2f, 0xf5,
    0xbf, 0xc0, 0x0, 0x4f, 0xe0, 0x0, 0x1f, 0xf6,
    0xaf, 0xe0, 0x0, 0x0, 0x0, 0x0, 0x4f, 0xf4,
    0x6f, 0xf4, 0x0, 0x0, 0x0, 0x0, 0xaf, 0xf0,
    0xf, 0xfe, 0x10, 0x0, 0x0, 0x5, 0xff, 0xa0,
    0x6, 0xff, 0xd3, 0x0, 0x0, 0x7f, 0xff, 0x20,
    0x0, 0x9f, 0xff, 0xda, 0xbe, 0xff, 0xf4, 0x0,
    0x0, 0x6, 0xff, 0xff, 0xff, 0xfd, 0x30, 0x0,
    0x0, 0x0, 0x17, 0xbd, 0xca, 0x50, 0x0, 0x0,

    /* U+F013 "" */
    0x0, 0x0, 0x0, 0x8b, 0xb8, 0x0, 0x0, 0x0,
    0x0, 0x0, 0x0, 0xff, 0xff, 0x0, 0x0, 0x0,
    0x0, 0x30, 0x6, 0xff, 0xff, 0x60, 0x3, 0x0,
    0x4, 0xfd, 0xdf, 0xff, 0xff, 0xfd, 0xef, 0x40,
    0xd, 0xff, 0xff, 0xff, 0xff, 0xff, 0xff, 0xd0,
    0x4f, 0xff, 0xff, 0xf9, 0x9f, 0xff, 0xff, 0xf4,
    0x8, 0xff, 0xff, 0x20, 0x2, 0xff, 0xff, 0x80,
    0x0, 0xff, 0xf9, 0x0, 0x0, 0x9f, 0xff, 0x0,
    0x0, 0xff, 0xf9, 0x0, 0x0, 0x9f, 0xff, 0x0,
    0x8, 0xff, 0xff, 0x20, 0x2, 0xff, 0xff, 0x80,
    0x4f, 0xff, 0xff, 0xf9, 0x9f, 0xff, 0xff, 0xf4,
    0xd, 0xff, 0xff, 0xff, 0xff, 0xff, 0xff, 0xd0,
    0x4, 0xfe, 0xdf, 0xff, 0xff, 0xfd, 0xdf, 0x40,
    0x0, 0x30, 0x6, 0xff, 0xff, 0x60, 0x3, 0x0,
    0x0, 0x0, 0x0, 0xff, 0xff, 0x0, 0x0, 0x0,
    0x0, 0x0, 0x0, 0x8b, 0xb8, 0x0, 0x0, 0x0,

    /* U+F015 "" */
    0x0, 0x0, 0x0, 0x3, 0xdd, 0x30, 0x3f, 0xf3,
    0x0, 0x0, 0x0, 0x0, 0x6f, 0xff, 0xf5, 0x4f,
    0xf4, 0x0, 0x0, 0x0, 0x9, 0xff, 0x99, 0xff,
    0xbf, 0xf4, 0x0, 0x0, 0x1, 0xbf, 0xf6, 0x22,
    0x6f, 0xff, 0xf4, 0x0, 0x0, 0x2d, 0xfe, 0x35,
    0xff, 0x53, 0xef, 0xf4, 0x0, 0x4, 0xff, 0xc1,
    0x8f, 0xff, 0xf8, 0x1c, 0xfe, 0x40, 0x7f, 0xfa,
    0x1a, 0xff, 0xff, 0xff, 0xa1, 0xaf, 0xf7, 0xcf,
    0x82, 0xdf, 0xff, 0xff, 0xff, 0xfd, 0x28, 0xfc,
    0x14, 0xe, 0xff, 0xff, 0xff, 0xff, 0xff, 0xe0,
    0x41, 0x0, 0xf, 0xff, 0xff, 0xff, 0xff, 0xff,
    0xf0, 0x0, 0x0, 0xf, 0xff, 0xf9, 0x0, 0x8f,
    0xff, 0xf0, 0x0, 0x0, 0xf, 0xff, 0xf8, 0x0,
    0x8f, 0xff, 0xf0, 0x0, 0x0, 0xf, 0xff, 0xf8,
    0x0, 0x8f, 0xff, 0xf0, 0x0, 0x0, 0xe, 0xff,
    0xf6, 0x0, 0x6f, 0xff, 0xe0, 0x0,

    /* U+F019 "" */
    0x0, 0x0, 0x0, 0xdf, 0xfd, 0x0, 0x0, 0x0,
    0x0, 0x0, 0x0, 0xff, 0xff, 0x0, 0x0, 0x0,
    0x0, 0x0, 0x0, 0xff, 0xff, 0x0, 0x0, 0x0,
    0x0, 0x0, 0x0, 0xff, 0xff, 0x0, 0x0, 0x0,
    0x0, 0x0, 0x0, 0xff, 0xff, 0x0, 0x0, 0x0,
    0x0, 0x0, 0x0, 0xff, 0xff, 0x0, 0x0, 0x0,
    0x0, 0x4f, 0xff, 0xff, 0xff, 0xff, 0xf4, 0x0,
    0x0, 0xb, 0xff, 0xff, 0xff, 0xff, 0xb0, 0x0,
    0x0, 0x0, 0xbf, 0xff, 0xff, 0xfb, 0x0, 0x0,
    0x0, 0x0, 0xb, 0xff, 0xff, 0xb0, 0x0, 0x0,
    0x0, 0x0, 0x0, 0xbf, 0xfb, 0x0, 0x0, 0x0,
    0xdf, 0xff, 0xfc, 0x1b, 0xb1, 0xcf, 0xff, 0xfd,
    0xff, 0xff, 0xff, 0xc2, 0x2c, 0xff, 0xff, 0xff,
    0xff, 0xff, 0xff, 0xff, 0xff, 0xff, 0xff, 0xff,
    0xff, 0xff, 0xff, 0xff, 0xff, 0xf0, 0xe0, 0xff,
    0xdf, 0xff, 0xff, 0xff, 0xff, 0xff, 0xff, 0xfd,

    /* U+F01C "" */
    0x0, 0x4, 0xef, 0xff, 0xff, 0xff, 0xfe, 0x40,
    0x0, 0x0, 0x1e, 0xff, 0xff, 0xff, 0xff, 0xff,
    0xe1, 0x0, 0x0, 0xaf, 0xb0, 0x0, 0x0, 0x0,
    0xb, 0xfa, 0x0, 0x5, 0xff, 0x10, 0x0, 0x0,
    0x0, 0x1, 0xff, 0x50, 0x1e, 0xf6, 0x0, 0x0,
    0x0, 0x0, 0x0, 0x6f, 0xe1, 0xaf, 0xb0, 0x0,
    0x0, 0x0, 0x0, 0x0, 0xb, 0xfa, 0xff, 0xff,
    0xff, 0x70, 0x0, 0x8, 0xff, 0xff, 0xff, 0xff,
    0xff, 0xff, 0xe0, 0x0, 0xf, 0xff, 0xff, 0xff,
    0xff, 0xff, 0xff, 0xff, 0xff, 0xff, 0xff, 0xff,
    0xff, 0xff, 0xff, 0xff, 0xff, 0xff, 0xff, 0xff,
    0xff, 0xff, 0xff, 0xff, 0xff, 0xff, 0xff, 0xff,
    0xff, 0xff, 0xff, 0x8f, 0xff, 0xff, 0xff, 0xff,
    0xff, 0xff, 0xff, 0xf8,

    /* U+F021 "" */
    0x0, 0x0, 0x6, 0xbd, 0xda, 0x50, 0x2, 0xff,
    0x0, 0x5, 0xef, 0xff, 0xff, 0xfe, 0x42, 0xff,
    0x0, 0x7f, 0xff, 0xa7, 0x7b, 0xff, 0xf9, 0xff,
    0x5, 0xff, 0xc1, 0x0, 0x0, 0x2c, 0xff, 0xff,
    0xe, 0xfc, 0x0, 0x0, 0x2, 0x22, 0xdf, 0xff,
    0x5f, 0xf2, 0x0, 0x0, 0xf, 0xff, 0xff, 0xff,
    0x8f, 0xb0, 0x0, 0x0, 0xf, 0xff, 0xff, 0xff,
    0x0, 0x0, 0x0, 0x0, 0x0, 0x0, 0x0, 0x0,
    0x0, 0x0, 0x0, 0x0, 0x0, 0x0, 0x0, 0x0,
    0xff, 0xff, 0xff, 0xf0, 0x0, 0x0, 0xb, 0xf8,
    0xff, 0xff, 0xff, 0xf0, 0x0, 0x0, 0x2f, 0xf4,
    0xff, 0xfd, 0x22, 0x20, 0x0, 0x0, 0xcf, 0xe0,
    0xff, 0xff, 0xc2, 0x0, 0x0, 0x2c, 0xff, 0x40,
    0xff, 0x9f, 0xff, 0xb7, 0x6a, 0xff, 0xf7, 0x0,
    0xff, 0x24, 0xdf, 0xff, 0xff, 0xfe, 0x50, 0x0,
    0xff, 0x20, 0x5, 0xac, 0xdb, 0x60, 0x0, 0x0,

    /* U+F026 "" */
    0x0, 0x0, 0x0, 0x0, 0x0, 0x0, 0x0, 0x8d,
    0x0, 0x0, 0x8, 0xff, 0x0, 0x0, 0x8f, 0xff,
    0xdf, 0xff, 0xff, 0xff, 0xff, 0xff, 0xff, 0xff,
    0xff, 0xff, 0xff, 0xff, 0xff, 0xff, 0xff, 0xff,
    0xff, 0xff, 0xff, 0xff, 0xdf, 0xff, 0xff, 0xff,
    0x0, 0x0, 0x9f, 0xff, 0x0, 0x0, 0x9, 0xff,
    0x0, 0x0, 0x0, 0x8d, 0x0, 0x0, 0x0, 0x0,

    /* U+F027 "" */
    0x0, 0x0, 0x0, 0x0, 0x0, 0x0, 0x0, 0x0,
    0x0, 0x8d, 0x0, 0x0, 0x0, 0x0, 0x8, 0xff,
    0x0, 0x0, 0x0, 0x0, 0x8f, 0xff, 0x0, 0x0,
    0xcf, 0xff, 0xff, 0xff, 0x1, 0x50, 0xff, 0xff,
    0xff, 0xff, 0x6, 0xf7, 0xff, 0xff, 0xff, 0xff,
    0x0, 0xbe, 0xff, 0xff, 0xff, 0xff, 0x0, 0xae,
    0xff, 0xff, 0xff, 0xff, 0x5, 0xf8, 0xdf, 0xff,
    0xff, 0xff, 0x2, 0x60, 0x0, 0x0, 0x9f, 0xff,
    0x0, 0x0, 0x0, 0x0, 0x9, 0xff, 0x0, 0x0,
    0x0, 0x0, 0x0, 0x9e, 0x0, 0x0, 0x0, 0x0,
    0x0, 0x0, 0x0, 0x0,

    /* U+F028 "" */
    0x0, 0x0, 0x0, 0x0, 0x0, 0x0, 0x6, 0x10,
    0x0, 0x0, 0x0, 0x0, 0x0, 0x0, 0x0, 0x1f,
    0xd2, 0x0, 0x0, 0x0, 0x0, 0x8d, 0x0, 0x0,
    0x3, 0xee, 0x10, 0x0, 0x0, 0x8, 0xff, 0x0,
    0xa, 0xb1, 0x2f, 0xb0, 0x0, 0x0, 0x8f, 0xff,
    0x0, 0x5, 0xfc, 0x7, 0xf4, 0xdf, 0xff, 0xff,
    0xff, 0x2, 0x50, 0x5f, 0x60, 0xf9, 0xff, 0xff,
    0xff, 0xff, 0x6, 0xf7, 0xd, 0xc0, 0xbd, 0xff,
    0xff, 0xff, 0xff, 0x0, 0xae, 0x9, 0xf0, 0x9f,
    0xff, 0xff, 0xff, 0xff, 0x0, 0xae, 0x9, 0xe0,
    0x8f, 0xff, 0xff, 0xff, 0xff, 0x6, 0xf7, 0xd,
    0xc0, 0xad, 0xdf, 0xff, 0xff, 0xff, 0x2, 0x50,
    0x5f, 0x60, 0xe9, 0x0, 0x0, 0x9f, 0xff, 0x0,
    0x5, 0xfc, 0x6, 0xf4, 0x0, 0x0, 0x9, 0xff,
    0x0, 0xa, 0xb1, 0x2f, 0xb0, 0x0, 0x0, 0x0,
    0x8d, 0x0, 0x0, 0x2, 0xee, 0x10, 0x0, 0x0,
    0x0, 0x0, 0x0, 0x0, 0x1f, 0xd2, 0x0, 0x0,
    0x0, 0x0, 0x0, 0x0, 0x0, 0x6, 0x10, 0x0,

    /* U+F03E "" */
    0x8f, 0xff, 0xff, 0xff, 0xff, 0xff, 0xff, 0xf8,
    0xff, 0xfc, 0xff, 0xff, 0xff, 0xff, 0xff, 0xff,
    0xff, 0x20, 0x2f, 0xff, 0xff, 0xff, 0xff, 0xff,
    0xfc, 0x0, 0xc, 0xff, 0xff, 0xee, 0xff, 0xff,
    0xff, 0x20, 0x2f, 0xff, 0xfe, 0x12, 0xef, 0xff,
    0xff, 0xfc, 0xff, 0xff, 0xe1, 0x0, 0x2e, 0xff,
    0xff, 0xfe, 0x4e, 0xfe, 0x10, 0x0, 0x2, 0xff,
    0xff, 0xe1, 0x2, 0xc1, 0x0, 0x0, 0x0, 0xff,
    0xff, 0x10, 0x0, 0x0, 0x0, 0x0, 0x0, 0xff,
    0xff, 0x0, 0x0, 0x0, 0x0, 0x0, 0x0, 0xff,
    0xff, 0xff, 0xff, 0xff, 0xff, 0xff, 0xff, 0xff,
    0x8f, 0xff, 0xff, 0xff, 0xff, 0xff, 0xff, 0xf8,

    /* U+F043 "" */
    0x0, 0x0, 0x4e, 0x40, 0x0, 0x0, 0x0, 0xb,
    0xfb, 0x0, 0x0, 0x0, 0x1, 0xff, 0xf1, 0x0,
    0x0, 0x0, 0x9f, 0xff, 0x90, 0x0, 0x0, 0x2f,
    0xff, 0xff, 0x30, 0x0, 0xc, 0xff, 0xff, 0xfc,
    0x0, 0x7, 0xff, 0xff, 0xff, 0xf8, 0x2, 0xff,
    0xff, 0xff, 0xff, 0xf2, 0x9f, 0xff, 0xff, 0xff,
    0xff, 0x9e, 0xff, 0xff, 0xff, 0xff, 0xfe, 0xff,
    0x2f, 0xff, 0xff, 0xff, 0xfe, 0xf2, 0xbf, 0xff,
    0xff, 0xfe, 0x9f, 0xa1, 0xbf, 0xff, 0xff, 0x92,
    0xff, 0xa2, 0x2f, 0xff, 0xf2, 0x4, 0xff, 0xff,
    0xff, 0xf4, 0x0, 0x2, 0x9e, 0xfe, 0x92, 0x0,

    /* U+F048 "" */
    0x0, 0x0, 0x0, 0x0, 0x0, 0xff, 0x30, 0x0,
    0x1, 0xcc, 0xff, 0x40, 0x0, 0x2d, 0xff, 0xff,
    0x40, 0x3, 0xef, 0xff, 0xff, 0x40, 0x3f, 0xff,
    0xff, 0xff, 0x44, 0xff, 0xff, 0xff, 0xff, 0x9f,
    0xff, 0xff, 0xff, 0xff, 0xff, 0xff, 0xff, 0xff,
    0xff, 0xff, 0xff, 0xff, 0xff, 0xff, 0xaf, 0xff,
    0xff, 0xff, 0xff, 0x45, 0xff, 0xff, 0xff, 0xff,
    0x40, 0x4f, 0xff, 0xff, 0xff, 0x40, 0x3, 0xef,
    0xff, 0xff, 0x40, 0x0, 0x2d, 0xff, 0xff, 0x30,
    0x0, 0x1, 0xcc, 0x0, 0x0, 0x0, 0x0, 0x0,

    /* U+F04B "" */
    0x0, 0x0, 0x0, 0x0, 0x0, 0x0, 0x0, 0x8f,
    0x91, 0x0, 0x0, 0x0, 0x0, 0x0, 0xff, 0xff,
    0x70, 0x0, 0x0, 0x0, 0x0, 0xff, 0xff, 0xfd,
    0x40, 0x0, 0x0, 0x0, 0xff, 0xff, 0xff, 0xfa,
    0x10, 0x0, 0x0, 0xff, 0xff, 0xff, 0xff, 0xf7,
    0x0, 0x0, 0xff, 0xff, 0xff, 0xff, 0xff, 0xd5,
    0x0, 0xff, 0xff, 0xff, 0xff, 0xff, 0xff, 0xb2,
    0xff, 0xff, 0xff, 0xff, 0xff, 0xff, 0xfd, 0xff,
    0xff, 0xff, 0xff, 0xff, 0xff, 0xfd, 0xff, 0xff,
    0xff, 0xff, 0xff, 0xff, 0xb2, 0xff, 0xff, 0xff,
    0xff, 0xff, 0xd5, 0x0, 0xff, 0xff, 0xff, 0xff,
    0xf7, 0x0, 0x0, 0xff, 0xff, 0xff, 0xfa, 0x20,
    0x0, 0x0, 0xff, 0xff, 0xfd, 0x40, 0x0, 0x0,
    0x0, 0xff, 0xff, 0x70, 0x0, 0x0, 0x0, 0x0,
    0x8e, 0xa1, 0x0, 0x0, 0x0, 0x0, 0x0, 0x0,
    0x0, 0x0, 0x0, 0x0, 0x0, 0x0,

    /* U+F04C "" */
    0x0, 0x0, 0x0, 0x0, 0x0, 0x0, 0x0, 0x8f,
    0xff, 0xf8, 0x0, 0x8f, 0xff, 0xf8, 0xff, 0xff,
    0xff, 0x0, 0xff, 0xff, 0xff, 0xff, 0xff, 0xff,
    0x0, 0xff, 0xff, 0xff, 0xff, 0xff, 0xff, 0x0,
    0xff, 0xff, 0xff, 0xff, 0xff, 0xff, 0x0, 0xff,
    0xff, 0xff, 0xff, 0xff, 0xff, 0x0, 0xff, 0xff,
    0xff, 0xff, 0xff, 0xff, 0x0, 0xff, 0xff, 0xff,
    0xff, 0xff, 0xff, 0x0, 0xff, 0xff, 0xff, 0xff,
    0xff, 0xff, 0x0, 0xff, 0xff, 0xff, 0xff, 0xff,
    0xff, 0x0, 0xff, 0xff, 0xff, 0xff, 0xff, 0xff,
    0x0, 0xff, 0xff, 0xff, 0xff, 0xff, 0xff, 0x0,
    0xff, 0xff, 0xff, 0xff, 0xff, 0xff, 0x0, 0xff,
    0xff, 0xff, 0x7f, 0xff, 0xf7, 0x0, 0x7f, 0xff,
    0xf7,

    /* U+F04D "" */
    0x8f, 0xff, 0xff, 0xff, 0xff, 0xff, 0xf8, 0xff,
    0xff, 0xff, 0xff, 0xff, 0xff, 0xff, 0xff, 0xff,
    0xff, 0xff, 0xff, 0xff, 0xff, 0xff, 0xff, 0xff,
    0xff, 0xff, 0xff, 0xff, 0xff, 0xff, 0xff, 0xff,
    0xff, 0xff, 0xff, 0xff, 0xff, 0xff, 0xff, 0xff,
    0xff, 0xff, 0xff, 0xff, 0xff, 0xff, 0xff, 0xff,
    0xff, 0xff, 0xff, 0xff, 0xff, 0xff, 0xff, 0xff,
    0xff, 0xff, 0xff, 0xff, 0xff, 0xff, 0xff, 0xff,
    0xff, 0xff, 0xff, 0xff, 0xff, 0xff, 0xff, 0xff,
    0xff, 0xff, 0xff, 0xff, 0xff, 0xff, 0xff, 0xff,
    0xff, 0xff, 0xff, 0xff, 0xff, 0xff, 0xff, 0xff,
    0xff, 0xff, 0xff, 0x8f, 0xff, 0xff, 0xff, 0xff,
    0xff, 0xf8,

    /* U+F051 "" */
    0x0, 0x0, 0x0, 0x0, 0x0, 0xcc, 0x10, 0x0,
    0x3, 0xff, 0xff, 0xd2, 0x0, 0x4, 0xff, 0xff,
    0xfe, 0x30, 0x4, 0xff, 0xff, 0xff, 0xf4, 0x4,
    0xff, 0xff, 0xff, 0xff, 0x54, 0xff, 0xff, 0xff,
    0xff, 0xfa, 0xff, 0xff, 0xff, 0xff, 0xff, 0xff,
    0xff, 0xff, 0xff, 0xff, 0xff, 0xff, 0xff, 0xff,
    0xf9, 0xff, 0xff, 0xff, 0xff, 0x44, 0xff, 0xff,
    0xff, 0xf3, 0x4, 0xff, 0xff, 0xfe, 0x30, 0x4,
    0xff, 0xff, 0xd2, 0x0, 0x4, 0xff, 0xcc, 0x10,
    0x0, 0x3, 0xff, 0x0, 0x0, 0x0, 0x0, 0x0,

    /* U+F052 "" */
    0x0, 0x0, 0x0, 0x2d, 0xd2, 0x0, 0x0, 0x0,
    0x0, 0x0, 0x1, 0xef, 0xfe, 0x10, 0x0, 0x0,
    0x0, 0x0, 0x1d, 0xff, 0xff, 0xd1, 0x0, 0x0,
    0x0, 0x0, 0xcf, 0xff, 0xff, 0xfc, 0x0, 0x0,
    0x0, 0xb, 0xff, 0xff, 0xff, 0xff, 0xb0, 0x0,
    0x0, 0xaf, 0xff, 0xff, 0xff, 0xff, 0xfa, 0x0,
    0x9, 0xff, 0xff, 0xff, 0xff, 0xff, 0xff, 0x90,
    0xf, 0xff, 0xff, 0xff, 0xff, 0xff, 0xff, 0xf0,
    0x8, 0xff, 0xff, 0xff, 0xff, 0xff, 0xff, 0x80,
    0x0, 0x0, 0x0, 0x0, 0x0, 0x0, 0x0, 0x0,
    0xc, 0xff, 0xff, 0xff, 0xff, 0xff, 0xff, 0xc0,
    0xf, 0xff, 0xff, 0xff, 0xff, 0xff, 0xff, 0xf0,
    0xf, 0xff, 0xff, 0xff, 0xff, 0xff, 0xff, 0xf0,
    0xc, 0xff, 0xff, 0xff, 0xff, 0xff, 0xff, 0xc0,

    /* U+F053 "" */
    0x0, 0x0, 0x0, 0x1a, 0x40, 0x0, 0x0, 0x1,
    0xdf, 0xf0, 0x0, 0x0, 0x1d, 0xff, 0xa0, 0x0,
    0x1, 0xdf, 0xfa, 0x0, 0x0, 0x1d, 0xff, 0xa0,
    0x0, 0x1, 0xdf, 0xfa, 0x0, 0x0, 0xc, 0xff,
    0xa0, 0x0, 0x0, 0xd, 0xff, 0x80, 0x0, 0x0,
    0x1, 0xdf, 0xf8, 0x0, 0x0, 0x0, 0x1d, 0xff,
    0x80, 0x0, 0x0, 0x1, 0xdf, 0xf8, 0x0, 0x0,
    0x0, 0x1d, 0xff, 0x80, 0x0, 0x0, 0x1, 0xdf,
    0xf0, 0x0, 0x0, 0x0, 0x1b, 0x50,

    /* U+F054 "" */
    0x4, 0xa1, 0x0, 0x0, 0x0, 0xf, 0xfc, 0x10,
    0x0, 0x0, 0xa, 0xff, 0xc1, 0x0, 0x0, 0x0,
    0xaf, 0xfc, 0x10, 0x0, 0x0, 0xa, 0xff, 0xc1,
    0x0, 0x0, 0x0, 0xaf, 0xfc, 0x10, 0x0, 0x0,
    0xa, 0xff, 0xc0, 0x0, 0x0, 0x8, 0xff, 0xd0,
    0x0, 0x0, 0x8f, 0xfd, 0x10, 0x0, 0x8, 0xff,
    0xd1, 0x0, 0x0, 0x8f, 0xfd, 0x10, 0x0, 0x8,
    0xff, 0xd1, 0x0, 0x0, 0xf, 0xfd, 0x10, 0x0,
    0x0, 0x5, 0xb1, 0x0, 0x0, 0x0,

    /* U+F067 "" */
    0x0, 0x0, 0x4, 0xff, 0x40, 0x0, 0x0, 0x0,
    0x0, 0x8, 0xff, 0x80, 0x0, 0x0, 0x0, 0x0,
    0x8, 0xff, 0x80, 0x0, 0x0, 0x0, 0x0, 0x8,
    0xff, 0x80, 0x0, 0x0, 0x0, 0x0, 0x8, 0xff,
    0x80, 0x0, 0x0, 0x48, 0x88, 0x8c, 0xff, 0xc8,
    0x88, 0x84, 0xff, 0xff, 0xff, 0xff, 0xff, 0xff,
    0xff, 0xff, 0xff, 0xff, 0xff, 0xff, 0xff, 0xff,
    0x48, 0x88, 0x8c, 0xff, 0xc8, 0x88, 0x84, 0x0,
    0x0, 0x8, 0xff, 0x80, 0x0, 0x0, 0x0, 0x0,
    0x8, 0xff, 0x80, 0x0, 0x0, 0x0, 0x0, 0x8,
    0xff, 0x80, 0x0, 0x0, 0x0, 0x0, 0x8, 0xff,
    0x80, 0x0, 0x0, 0x0, 0x0, 0x4, 0xff, 0x40,
    0x0, 0x0,

    /* U+F068 "" */
    0x14, 0x44, 0x44, 0x44, 0x44, 0x44, 0x41, 0xef,
    0xff, 0xff, 0xff, 0xff, 0xff, 0xfe, 0xff, 0xff,
    0xff, 0xff, 0xff, 0xff, 0xff, 0x7b, 0xbb, 0xbb,
    0xbb, 0xbb, 0xbb, 0xb7,

    /* U+F06E "" */
    0x0, 0x0, 0x5, 0xad, 0xff, 0xda, 0x50, 0x0,
    0x0, 0x0, 0x4, 0xdf, 0xfc, 0x88, 0xcf, 0xfd,
    0x40, 0x0, 0x0, 0x7f, 0xfe, 0x40, 0x0, 0x4,
    0xef, 0xf7, 0x0, 0x7, 0xff, 0xf4, 0x0, 0x9e,
    0x80, 0x4f, 0xff, 0x70, 0x4f, 0xff, 0xc0, 0x0,
    0xaf, 0xf8, 0xc, 0xff, 0xf4, 0xdf, 0xff, 0x80,
    0x9a, 0xff, 0xfe, 0x8, 0xff, 0xfd, 0xdf, 0xff,
    0x80, 0xef, 0xff, 0xfe, 0x8, 0xff, 0xfd, 0x4f,
    0xff, 0xc0, 0x8f, 0xff, 0xf8, 0xc, 0xff, 0xf4,
    0x7, 0xff, 0xf4, 0x8, 0xee, 0x80, 0x4f, 0xff,
    0x70, 0x0, 0x7f, 0xfe, 0x40, 0x0, 0x4, 0xef,
    0xf8, 0x0, 0x0, 0x4, 0xdf, 0xfc, 0x88, 0xcf,
    0xfd, 0x40, 0x0, 0x0, 0x0, 0x5, 0xad, 0xff,
    0xda, 0x50, 0x0, 0x0,

    /* U+F070 "" */
    0x8c, 0x20, 0x0, 0x0, 0x0, 0x0, 0x0, 0x0,
    0x0, 0x0, 0xdf, 0xe4, 0x0, 0x0, 0x0, 0x0,
    0x0, 0x0, 0x0, 0x0, 0x1b, 0xff, 0x80, 0x49,
    0xdf, 0xfd, 0xa5, 0x0, 0x0, 0x0, 0x0, 0x7f,
    0xff, 0xff, 0xd8, 0x8c, 0xff, 0xd4, 0x0, 0x0,
    0x0, 0x4, 0xef, 0xf8, 0x0, 0x0, 0x4e, 0xff,
    0x70, 0x0, 0x0, 0x0, 0x1c, 0xff, 0x69, 0xe8,
    0x4, 0xff, 0xf7, 0x0, 0x4, 0xe3, 0x0, 0x9f,
    0xfe, 0xff, 0x80, 0xcf, 0xff, 0x40, 0xd, 0xff,
    0x70, 0x5, 0xff, 0xff, 0xe0, 0x8f, 0xff, 0xd0,
    0xd, 0xff, 0xf7, 0x0, 0x2d, 0xff, 0xe0, 0x8f,
    0xff, 0xd0, 0x4, 0xff, 0xfc, 0x0, 0x0, 0xaf,
    0xf8, 0xcf, 0xff, 0x30, 0x0, 0x7f, 0xff, 0x40,
    0x0, 0x6, 0xff, 0xff, 0xf7, 0x0, 0x0, 0x8,
    0xff, 0xf4, 0x0, 0x0, 0x3e, 0xff, 0xa0, 0x0,
    0x0, 0x0, 0x4d, 0xff, 0xc8, 0x82, 0x1, 0xbf,
    0xf7, 0x0, 0x0, 0x0, 0x0, 0x5a, 0xdf, 0xfc,
    0x10, 0x8, 0xff, 0xb0, 0x0, 0x0, 0x0, 0x0,
    0x0, 0x0, 0x0, 0x0, 0x4e, 0xfd, 0x0, 0x0,
    0x0, 0x0, 0x0, 0x0, 0x0, 0x0, 0x2, 0xc8,

    /* U+F071 "" */
    0x0, 0x0, 0x0, 0x0, 0x2d, 0xd2, 0x0, 0x0,
    0x0, 0x0, 0x0, 0x0, 0x0, 0x0, 0xbf, 0xfb,
    0x0, 0x0, 0x0, 0x0, 0x0, 0x0, 0x0, 0x5,
    0xff, 0xff, 0x50, 0x0, 0x0, 0x0, 0x0, 0x0,
    0x0, 0xd, 0xff, 0xff, 0xd0, 0x0, 0x0, 0x0,
    0x0, 0x0, 0x0, 0x7f, 0xff, 0xff, 0xf7, 0x0,
    0x0, 0x0, 0x0, 0x0, 0x1, 0xff, 0xd8, 0x8d,
    0xff, 0x10, 0x0, 0x0, 0x0, 0x0, 0xa, 0xff,
    0xa0, 0xa, 0xff, 0xa0, 0x0, 0x0, 0x0, 0x0,
    0x3f, 0xff, 0xb0, 0xb, 0xff, 0xf3, 0x0, 0x0,
    0x0, 0x0, 0xcf, 0xff, 0xc0, 0xc, 0xff, 0xfc,
    0x0, 0x0, 0x0, 0x5, 0xff, 0xff, 0xd0, 0xd,
    0xff, 0xff, 0x50, 0x0, 0x0, 0xe, 0xff, 0xff,
    0xf9, 0x9f, 0xff, 0xff, 0xe0, 0x0, 0x0, 0x8f,
    0xff, 0xff, 0xe2, 0x2e, 0xff, 0xff, 0xf8, 0x0,
    0x2, 0xff, 0xff, 0xff, 0x90, 0x9, 0xff, 0xff,
    0xff, 0x10, 0xa, 0xff, 0xff, 0xff, 0xe3, 0x3e,
    0xff, 0xff, 0xff, 0xa0, 0xf, 0xff, 0xff, 0xff,
    0xff, 0xff, 0xff, 0xff, 0xff, 0xf0, 0x8, 0xff,
    0xff, 0xff, 0xff, 0xff, 0xff, 0xff, 0xff, 0x80,

    /* U+F074 "" */
    0x0, 0x0, 0x0, 0x0, 0x0, 0x0, 0x0, 0x0,
    0x0, 0x0, 0x0, 0x0, 0x0, 0x0, 0xd8, 0x0,
    0x0, 0x0, 0x0, 0x0, 0x0, 0x0, 0xff, 0x80,
    0xff, 0xff, 0x70, 0x0, 0x7, 0xff, 0xff, 0xf8,
    0xff, 0xff, 0xf6, 0x0, 0x6f, 0xff, 0xff, 0xfd,
    0x78, 0x8e, 0xff, 0x15, 0xff, 0xe8, 0xff, 0xe2,
    0x0, 0x2, 0xe5, 0x4f, 0xfe, 0x20, 0xfe, 0x20,
    0x0, 0x0, 0x13, 0xff, 0xf3, 0x0, 0x52, 0x0,
    0x0, 0x0, 0x3f, 0xff, 0x31, 0x0, 0x52, 0x0,
    0x0, 0x2, 0xef, 0xf4, 0x5e, 0x20, 0xfe, 0x20,
    0x78, 0x8e, 0xff, 0x51, 0xff, 0xe8, 0xff, 0xe2,
    0xff, 0xff, 0xf6, 0x0, 0x6f, 0xff, 0xff, 0xfd,
    0xff, 0xff, 0x70, 0x0, 0x7, 0xff, 0xff, 0xf8,
    0x0, 0x0, 0x0, 0x0, 0x0, 0x0, 0xff, 0x80,
    0x0, 0x0, 0x0, 0x0, 0x0, 0x0, 0xd8, 0x0,
    0x0, 0x0, 0x0, 0x0, 0x0, 0x0, 0x0, 0x0,

    /* U+F077 "" */
    0x0, 0x0, 0x0, 0x0, 0x0, 0x0, 0x0, 0x0,
    0x0, 0x1, 0xdd, 0x10, 0x0, 0x0, 0x0, 0x0,
    0x1d, 0xff, 0xd1, 0x0, 0x0, 0x0, 0x1, 0xdf,
    0xff, 0xfd, 0x10, 0x0, 0x0, 0x1d, 0xff, 0x99,
    0xff, 0xd1, 0x0, 0x1, 0xdf, 0xf9, 0x0, 0x9f,
    0xfd, 0x10, 0x1d, 0xff, 0x90, 0x0, 0x9, 0xff,
    0xd1, 0xbf, 0xf9, 0x0, 0x0, 0x0, 0x9f, 0xfb,
    0x5f, 0x90, 0x0, 0x0, 0x0, 0x9, 0xf5, 0x0,
    0x0, 0x0, 0x0, 0x0, 0x0, 0x0,

    /* U+F078 "" */
    0x0, 0x0, 0x0, 0x0, 0x0, 0x0, 0x0, 0x5f,
    0x90, 0x0, 0x0, 0x0, 0x9, 0xf5, 0xbf, 0xf9,
    0x0, 0x0, 0x0, 0x9f, 0xfb, 0x1d, 0xff, 0x90,
    0x0, 0x9, 0xff, 0xd1, 0x1, 0xdf, 0xf9, 0x0,
    0x9f, 0xfd, 0x10, 0x0, 0x1d, 0xff, 0x99, 0xff,
    0xd1, 0x0, 0x0, 0x1, 0xdf, 0xff, 0xfd, 0x10,
    0x0, 0x0, 0x0, 0x1d, 0xff, 0xd1, 0x0, 0x0,
    0x0, 0x0, 0x1, 0xdd, 0x10, 0x0, 0x0, 0x0,
    0x0, 0x0, 0x0, 0x0, 0x0, 0x0,

    /* U+F079 "" */
    0x0, 0x0, 0x0, 0x0, 0x0, 0x0, 0x0, 0x0,
    0x0, 0x0, 0x0, 0x1d, 0xd1, 0x0, 0x0, 0x0,
    0x0, 0x0, 0x0, 0x0, 0x1, 0xdf, 0xfd, 0x10,
    0xef, 0xff, 0xff, 0xff, 0xd0, 0x0, 0x1d, 0xff,
    0xff, 0xd1, 0xaf, 0xff, 0xff, 0xff, 0xf0, 0x0,
    0xcf, 0xcf, 0xfc, 0xfc, 0x0, 0x0, 0x0, 0xf,
    0xf0, 0x0, 0x6b, 0x1f, 0xf1, 0xb6, 0x0, 0x0,
    0x0, 0xf, 0xf0, 0x0, 0x0, 0xf, 0xf0, 0x0,
    0x0, 0x0, 0x0, 0xf, 0xf0, 0x0, 0x0, 0xf,
    0xf0, 0x0, 0x0, 0x0, 0x0, 0xf, 0xf0, 0x0,
    0x0, 0xf, 0xf0, 0x0, 0x0, 0x0, 0x6b, 0x1f,
    0xf1, 0xb6, 0x0, 0xf, 0xf0, 0x0, 0x0, 0x0,
    0xcf, 0xcf, 0xfc, 0xfc, 0x0, 0xf, 0xff, 0xff,
    0xff, 0xfa, 0x1d, 0xff, 0xff, 0xd1, 0x0, 0xd,
    0xff, 0xff, 0xff, 0xfe, 0x1, 0xdf, 0xfd, 0x10,
    0x0, 0x0, 0x0, 0x0, 0x0, 0x0, 0x0, 0x1d,
    0xd1, 0x0, 0x0, 0x0, 0x0, 0x0, 0x0, 0x0,
    0x0, 0x0, 0x0, 0x0,

    /* U+F07B "" */
    0x8f, 0xff, 0xff, 0xd1, 0x0, 0x0, 0x0, 0x0,
    0xff, 0xff, 0xff, 0xfd, 0x10, 0x0, 0x0, 0x0,
    0xff, 0xff, 0xff, 0xff, 0xff, 0xff, 0xff, 0xf8,
    0xff, 0xff, 0xff, 0xff, 0xff, 0xff, 0xff, 0xff,
    0xff, 0xff, 0xff, 0xff, 0xff, 0xff, 0xff, 0xff,
    0xff, 0xff, 0xff, 0xff, 0xff, 0xff, 0xff, 0xff,
    0xff, 0xff, 0xff, 0xff, 0xff, 0xff, 0xff, 0xff,
    0xff, 0xff, 0xff, 0xff, 0xff, 0xff, 0xff, 0xff,
    0xff, 0xff, 0xff, 0xff, 0xff, 0xff, 0xff, 0xff,
    0xff, 0xff, 0xff, 0xff, 0xff, 0xff, 0xff, 0xff,
    0xff, 0xff, 0xff, 0xff, 0xff, 0xff, 0xff, 0xff,
    0x8f, 0xff, 0xff, 0xff, 0xff, 0xff, 0xff, 0xf8,

    /* U+F093 "" */
    0x0, 0x0, 0x0, 0xb, 0xb0, 0x0, 0x0, 0x0,
    0x0, 0x0, 0x0, 0xbf, 0xfb, 0x0, 0x0, 0x0,
    0x0, 0x0, 0xb, 0xff, 0xff, 0xb0, 0x0, 0x0,
    0x0, 0x0, 0xbf, 0xff, 0xff, 0xfb, 0x0, 0x0,
    0x0, 0xb, 0xff, 0xff, 0xff, 0xff, 0xb0, 0x0,
    0x0, 0x4f, 0xff, 0xff, 0xff, 0xff, 0xf4, 0x0,
    0x0, 0x0, 0x0, 0xff, 0xff, 0x0, 0x0, 0x0,
    0x0, 0x0, 0x0, 0xff, 0xff, 0x0, 0x0, 0x0,
    0x0, 0x0, 0x0, 0xff, 0xff, 0x0, 0x0, 0x0,
    0x0, 0x0, 0x0, 0xff, 0xff, 0x0, 0x0, 0x0,
    0x0, 0x0, 0x0, 0xff, 0xff, 0x0, 0x0, 0x0,
    0xdf, 0xff, 0xf0, 0xdf, 0xfd, 0xf, 0xff, 0xfd,
    0xff, 0xff, 0xf9, 0x0, 0x0, 0x9f, 0xff, 0xff,
    0xff, 0xff, 0xff, 0xff, 0xff, 0xff, 0xff, 0xff,
    0xff, 0xff, 0xff, 0xff, 0xff, 0xf0, 0xe0, 0xff,
    0xdf, 0xff, 0xff, 0xff, 0xff, 0xff, 0xff, 0xfd,

    /* U+F095 "" */
    0x0, 0x0, 0x0, 0x0, 0x0, 0x0, 0x0, 0x0,
    0x0, 0x0, 0x0, 0x0, 0x0, 0x0, 0xa, 0xea,
    0x62, 0x0, 0x0, 0x0, 0x0, 0x0, 0x2, 0xff,
    0xff, 0xf0, 0x0, 0x0, 0x0, 0x0, 0x0, 0x9f,
    0xff, 0xff, 0x0, 0x0, 0x0, 0x0, 0x0, 0xf,
    0xff, 0xff, 0xd0, 0x0, 0x0, 0x0, 0x0, 0x2,
    0xff, 0xff, 0xfb, 0x0, 0x0, 0x0, 0x0, 0x0,
    0x3, 0xef, 0xff, 0x70, 0x0, 0x0, 0x0, 0x0,
    0x0, 0x4, 0xff, 0xf2, 0x0, 0x0, 0x0, 0x0,
    0x0, 0x0, 0xbf, 0xfb, 0x0, 0x0, 0x0, 0x0,
    0x0, 0x0, 0x6f, 0xff, 0x30, 0x0, 0x0, 0x2,
    0x0, 0x0, 0x4f, 0xff, 0x90, 0x0, 0x2, 0x8f,
    0xf3, 0x0, 0x6f, 0xff, 0xd0, 0x0, 0xa, 0xff,
    0xff, 0xe4, 0xbf, 0xff, 0xd1, 0x0, 0x0, 0xef,
    0xff, 0xff, 0xff, 0xff, 0xd1, 0x0, 0x0, 0xa,
    0xff, 0xff, 0xff, 0xff, 0x90, 0x0, 0x0, 0x0,
    0x6f, 0xff, 0xff, 0xfb, 0x30, 0x0, 0x0, 0x0,
    0x2, 0xff, 0xdb, 0x72, 0x0, 0x0, 0x0, 0x0,
    0x0,

    /* U+F0C4 "" */
    0x8, 0xee, 0x80, 0x0, 0x0, 0x6, 0x61, 0x8,
    0xff, 0xff, 0x80, 0x0, 0x2d, 0xff, 0xd0, 0xef,
    0x33, 0xfe, 0x0, 0x2e, 0xff, 0xf3, 0xe, 0xf3,
    0x3f, 0xe0, 0x2e, 0xff, 0xf3, 0x0, 0x8f, 0xff,
    0xff, 0x6e, 0xff, 0xf3, 0x0, 0x0, 0x8e, 0xff,
    0xff, 0xff, 0xf3, 0x0, 0x0, 0x0, 0x2, 0xef,
    0xff, 0xf3, 0x0, 0x0, 0x0, 0x0, 0x2e, 0xff,
    0xff, 0x30, 0x0, 0x0, 0x8, 0xef, 0xff, 0xff,
    0xff, 0x30, 0x0, 0x8, 0xff, 0xff, 0xf6, 0xef,
    0xff, 0x30, 0x0, 0xef, 0x33, 0xfe, 0x2, 0xef,
    0xff, 0x30, 0xe, 0xf3, 0x3f, 0xe0, 0x2, 0xef,
    0xff, 0x30, 0x8f, 0xff, 0xf8, 0x0, 0x2, 0xdf,
    0xfd, 0x0, 0x8e, 0xe8, 0x0, 0x0, 0x0, 0x66,
    0x10,

    /* U+F0C5 "" */
    0x0, 0x0, 0xdf, 0xff, 0xff, 0xd, 0x10, 0x0,
    0x0, 0xff, 0xff, 0xff, 0xf, 0xd1, 0x0, 0x0,
    0xff, 0xff, 0xff, 0xf, 0xfd, 0xdf, 0xf0, 0xff,
    0xff, 0xff, 0x20, 0x0, 0xff, 0xf0, 0xff, 0xff,
    0xff, 0xff, 0xff, 0xff, 0xf0, 0xff, 0xff, 0xff,
    0xff, 0xff, 0xff, 0xf0, 0xff, 0xff, 0xff, 0xff,
    0xff, 0xff, 0xf0, 0xff, 0xff, 0xff, 0xff, 0xff,
    0xff, 0xf0, 0xff, 0xff, 0xff, 0xff, 0xff, 0xff,
    0xf0, 0xff, 0xff, 0xff, 0xff, 0xff, 0xff, 0xf0,
    0xff, 0xff, 0xff, 0xff, 0xff, 0xff, 0xf0, 0xff,
    0xff, 0xff, 0xff, 0xff, 0xff, 0xf0, 0xdf, 0xff,
    0xff, 0xff, 0xfd, 0xff, 0xf9, 0x0, 0x0, 0x0,
    0x0, 0x0, 0xff, 0xff, 0xff, 0xff, 0xff, 0x0,
    0x0, 0xdf, 0xff, 0xff, 0xff, 0xfd, 0x0, 0x0,

    /* U+F0C7 "" */
    0x8f, 0xff, 0xff, 0xff, 0xff, 0xc1, 0x0, 0xff,
    0xff, 0xff, 0xff, 0xff, 0xfd, 0x10, 0xff, 0x0,
    0x0, 0x0, 0x1, 0xff, 0xd1, 0xff, 0x0, 0x0,
    0x0, 0x0, 0xff, 0xfc, 0xff, 0x0, 0x0, 0x0,
    0x0, 0xff, 0xff, 0xff, 0x0, 0x0, 0x0, 0x0,
    0xff, 0xff, 0xff, 0xff, 0xff, 0xff, 0xff, 0xff,
    0xff, 0xff, 0xff, 0xff, 0xff, 0xff, 0xff, 0xff,
    0xff, 0xff, 0xfb, 0x11, 0xbf, 0xff, 0xff, 0xff,
    0xff, 0xf1, 0x0, 0x1f, 0xff, 0xff, 0xff, 0xff,
    0xf1, 0x0, 0x1f, 0xff, 0xff, 0xff, 0xff, 0xfb,
    0x11, 0xbf, 0xff, 0xff, 0xff, 0xff, 0xff, 0xff,
    0xff, 0xff, 0xff, 0x8f, 0xff, 0xff, 0xff, 0xff,
    0xff, 0xf8,

    /* U+F0C9 "" */
    0x12, 0x22, 0x22, 0x22, 0x22, 0x22, 0x21, 0xff,
    0xff, 0xff, 0xff, 0xff, 0xff, 0xff, 0xff, 0xff,
    0xff, 0xff, 0xff, 0xff, 0xff, 0x12, 0x22, 0x22,
    0x22, 0x22, 0x22, 0x21, 0x0, 0x0, 0x0, 0x0,
    0x0, 0x0, 0x0, 0x12, 0x22, 0x22, 0x22, 0x22,
    0x22, 0x21, 0xff, 0xff, 0xff, 0xff, 0xff, 0xff,
    0xff, 0xff, 0xff, 0xff, 0xff, 0xff, 0xff, 0xff,
    0x12, 0x22, 0x22, 0x22, 0x22, 0x22, 0x21, 0x0,
    0x0, 0x0, 0x0, 0x0, 0x0, 0x0, 0x12, 0x22,
    0x22, 0x22, 0x22, 0x22, 0x21, 0xff, 0xff, 0xff,
    0xff, 0xff, 0xff, 0xff, 0xff, 0xff, 0xff, 0xff,
    0xff, 0xff, 0xff, 0x12, 0x22, 0x22, 0x22, 0x22,
    0x22, 0x21,

    /* U+F0E0 "" */
    0x8f, 0xff, 0xff, 0xff, 0xff, 0xff, 0xff, 0xf8,
    0xff, 0xff, 0xff, 0xff, 0xff, 0xff, 0xff, 0xff,
    0xcf, 0xff, 0xff, 0xff, 0xff, 0xff, 0xff, 0xfc,
    0x9, 0xff, 0xff, 0xff, 0xff, 0xff, 0xff, 0x90,
    0xd2, 0x5f, 0xff, 0xff, 0xff, 0xff, 0xf5, 0x2d,
    0xff, 0x62, 0xcf, 0xff, 0xff, 0xfc, 0x26, 0xff,
    0xff, 0xfa, 0x18, 0xff, 0xff, 0x81, 0xaf, 0xff,
    0xff, 0xff, 0xe3, 0x4d, 0xd4, 0x3e, 0xff, 0xff,
    0xff, 0xff, 0xff, 0x81, 0x18, 0xff, 0xff, 0xff,
    0xff, 0xff, 0xff, 0xff, 0xff, 0xff, 0xff, 0xff,
    0xff, 0xff, 0xff, 0xff, 0xff, 0xff, 0xff, 0xff,
    0x8f, 0xff, 0xff, 0xff, 0xff, 0xff, 0xff, 0xf8,

    /* U+F0E7 "" */
    0x0, 0xdf, 0xff, 0xfd, 0x0, 0x0, 0x1, 0xff,
    0xff, 0xfc, 0x0, 0x0, 0x3, 0xff, 0xff, 0xf7,
    0x0, 0x0, 0x6, 0xff, 0xff, 0xf2, 0x0, 0x0,
    0x8, 0xff, 0xff, 0xd0, 0x0, 0x0, 0xa, 0xff,
    0xff, 0xff, 0xff, 0xd0, 0xc, 0xff, 0xff, 0xff,
    0xff, 0xa0, 0xe, 0xff, 0xff, 0xff, 0xff, 0x20,
    0xd, 0xff, 0xff, 0xff, 0xf8, 0x0, 0x0, 0x0,
    0xa, 0xff, 0xe0, 0x0, 0x0, 0x0, 0xe, 0xff,
    0x50, 0x0, 0x0, 0x0, 0x2f, 0xfc, 0x0, 0x0,
    0x0, 0x0, 0x5f, 0xf3, 0x0, 0x0, 0x0, 0x0,
    0x9f, 0xa0, 0x0, 0x0, 0x0, 0x0, 0xdf, 0x10,
    0x0, 0x0, 0x0, 0x0, 0xd7, 0x0, 0x0, 0x0,

    /* U+F0EA "" */
    0x0, 0x4, 0xde, 0x40, 0x0, 0x0, 0x0, 0xdf,
    0xff, 0x99, 0xff, 0xfd, 0x0, 0x0, 0xff, 0xff,
    0x99, 0xff, 0xff, 0x0, 0x0, 0xff, 0xff, 0xff,
    0xff, 0xff, 0x0, 0x0, 0xff, 0xff, 0x90, 0x0,
    0x0, 0x0, 0x0, 0xff, 0xff, 0xd, 0xff, 0xff,
    0xd, 0x10, 0xff, 0xff, 0xf, 0xff, 0xff, 0xf,
    0xd1, 0xff, 0xff, 0xf, 0xff, 0xff, 0xf, 0xfd,
    0xff, 0xff, 0xf, 0xff, 0xff, 0x20, 0x0, 0xff,
    0xff, 0xf, 0xff, 0xff, 0xff, 0xff, 0xff, 0xff,
    0xf, 0xff, 0xff, 0xff, 0xff, 0xff, 0xff, 0xf,
    0xff, 0xff, 0xff, 0xff, 0xdf, 0xff, 0xf, 0xff,
    0xff, 0xff, 0xff, 0x0, 0x0, 0xf, 0xff, 0xff,
    0xff, 0xff, 0x0, 0x0, 0xf, 0xff, 0xff, 0xff,
    0xff, 0x0, 0x0, 0xd, 0xff, 0xff, 0xff, 0xfd,

    /* U+F0F3 "" */
    0x0, 0x0, 0x0, 0xcc, 0x0, 0x0, 0x0, 0x0,
    0x0, 0x2, 0xff, 0x30, 0x0, 0x0, 0x0, 0x1,
    0xbf, 0xff, 0xfc, 0x20, 0x0, 0x0, 0x1e, 0xff,
    0xff, 0xff, 0xe1, 0x0, 0x0, 0x9f, 0xff, 0xff,
    0xff, 0xf8, 0x0, 0x0, 0xef, 0xff, 0xff, 0xff,
    0xfd, 0x0, 0x0, 0xff, 0xff, 0xff, 0xff, 0xff,
    0x0, 0x1, 0xff, 0xff, 0xff, 0xff, 0xff, 0x0,
    0x3, 0xff, 0xff, 0xff, 0xff, 0xff, 0x30, 0x8,
    0xff, 0xff, 0xff, 0xff, 0xff, 0x80, 0x1e, 0xff,
    0xff, 0xff, 0xff, 0xff, 0xe1, 0xcf, 0xff, 0xff,
    0xff, 0xff, 0xff, 0xfc, 0xcf, 0xff, 0xff, 0xff,
    0xff, 0xff, 0xfc, 0x0, 0x0, 0x0, 0x0, 0x0,
    0x0, 0x0, 0x0, 0x0, 0xe, 0xff, 0xe0, 0x0,
    0x0, 0x0, 0x0, 0x4, 0xee, 0x40, 0x0, 0x0,

    /* U+F11C "" */
    0x8f, 0xff, 0xff, 0xff, 0xff, 0xff, 0xff, 0xff,
    0xf8, 0xff, 0xff, 0xff, 0xff, 0xff, 0xff, 0xff,
    0xff, 0xff, 0xff, 0x0, 0xf0, 0xf, 0x0, 0xf0,
    0xf, 0x0, 0xff, 0xff, 0x0, 0xf0, 0xf, 0x0,
    0xf0, 0xf, 0x0, 0xff, 0xff, 0xff, 0xff, 0xff,
    0xff, 0xff, 0xff, 0xff, 0xff, 0xff, 0xf8, 0x8,
    0x80, 0x88, 0x8, 0x80, 0x8f, 0xff, 0xff, 0xf8,
    0x8, 0x80, 0x88, 0x8, 0x80, 0x8f, 0xff, 0xff,
    0xff, 0xff, 0xff, 0xff, 0xff, 0xff, 0xff, 0xff,
    0xff, 0x0, 0xf0, 0x0, 0x0, 0x0, 0xf, 0x0,
    0xff, 0xff, 0x0, 0xf0, 0x0, 0x0, 0x0, 0xf,
    0x0, 0xff, 0xff, 0xff, 0xff, 0xff, 0xff, 0xff,
    0xff, 0xff, 0xff, 0x8f, 0xff, 0xff, 0xff, 0xff,
    0xff, 0xff, 0xff, 0xf8,

    /* U+F124 "" */
    0x0, 0x0, 0x0, 0x0, 0x0, 0x0, 0x0, 0x0,
    0x0, 0x0, 0x0, 0x0, 0x0, 0x0, 0x0, 0x3,
    0xaf, 0x70, 0x0, 0x0, 0x0, 0x0, 0x0, 0x4,
    0xcf, 0xff, 0xf0, 0x0, 0x0, 0x0, 0x0, 0x6,
    0xdf, 0xff, 0xff, 0xa0, 0x0, 0x0, 0x0, 0x17,
    0xef, 0xff, 0xff, 0xff, 0x30, 0x0, 0x0, 0x18,
    0xff, 0xff, 0xff, 0xff, 0xfc, 0x0, 0x0, 0x2a,
    0xff, 0xff, 0xff, 0xff, 0xff, 0xf4, 0x0, 0x8,
    0xff, 0xff, 0xff, 0xff, 0xff, 0xff, 0xd0, 0x0,
    0xf, 0xff, 0xff, 0xff, 0xff, 0xff, 0xff, 0x60,
    0x0, 0x8, 0xff, 0xff, 0xff, 0xff, 0xff, 0xfe,
    0x0, 0x0, 0x0, 0x0, 0x0, 0x0, 0xff, 0xff,
    0xf7, 0x0, 0x0, 0x0, 0x0, 0x0, 0x0, 0xff,
    0xff, 0xf1, 0x0, 0x0, 0x0, 0x0, 0x0, 0x0,
    0xff, 0xff, 0x80, 0x0, 0x0, 0x0, 0x0, 0x0,
    0x0, 0xff, 0xff, 0x10, 0x0, 0x0, 0x0, 0x0,
    0x0, 0x0, 0xff, 0xfa, 0x0, 0x0, 0x0, 0x0,
    0x0, 0x0, 0x0, 0xff, 0xf2, 0x0, 0x0, 0x0,
    0x0, 0x0, 0x0, 0x0, 0x8f, 0x80, 0x0, 0x0,
    0x0, 0x0, 0x0, 0x0, 0x0, 0x0, 0x0, 0x0,
    0x0, 0x0,

    /* U+F15B "" */
    0xdf, 0xff, 0xff, 0xf0, 0xd1, 0x0, 0xff, 0xff,
    0xff, 0xf0, 0xfd, 0x10, 0xff, 0xff, 0xff, 0xf0,
    0xff, 0xd1, 0xff, 0xff, 0xff, 0xf0, 0xff, 0xfd,
    0xff, 0xff, 0xff, 0xf2, 0x0, 0x0, 0xff, 0xff,
    0xff, 0xff, 0xff, 0xff, 0xff, 0xff, 0xff, 0xff,
    0xff, 0xff, 0xff, 0xff, 0xff, 0xff, 0xff, 0xff,
    0xff, 0xff, 0xff, 0xff, 0xff, 0xff, 0xff, 0xff,
    0xff, 0xff, 0xff, 0xff, 0xff, 0xff, 0xff, 0xff,
    0xff, 0xff, 0xff, 0xff, 0xff, 0xff, 0xff, 0xff,
    0xff, 0xff, 0xff, 0xff, 0xff, 0xff, 0xff, 0xff,
    0xff, 0xff, 0xff, 0xff, 0xff, 0xff, 0xff, 0xff,
    0xff, 0xff, 0xdf, 0xff, 0xff, 0xff, 0xff, 0xfd,

    /* U+F1EB "" */
    0x0, 0x0, 0x0, 0x0, 0x0, 0x0, 0x0, 0x0,
    0x0, 0x0, 0x0, 0x0, 0x4, 0x9c, 0xef, 0xfe,
    0xc9, 0x40, 0x0, 0x0, 0x0, 0x7, 0xef, 0xff,
    0xff, 0xff, 0xff, 0xfe, 0x70, 0x0, 0x4, 0xdf,
    0xff, 0xfc, 0xa8, 0x8a, 0xcf, 0xff, 0xfd, 0x40,
    0x6f, 0xff, 0xd5, 0x0, 0x0, 0x0, 0x0, 0x5d,
    0xff, 0xf6, 0xcf, 0xf6, 0x0, 0x0, 0x0, 0x0,
    0x0, 0x0, 0x6f, 0xfc, 0x1a, 0x30, 0x0, 0x5a,
    0xdf, 0xfd, 0xa5, 0x0, 0x3, 0xa1, 0x0, 0x0,
    0x4d, 0xff, 0xff, 0xff, 0xff, 0xd4, 0x0, 0x0,
    0x0, 0x5, 0xff, 0xfe, 0xa8, 0x8a, 0xef, 0xff,
    0x50, 0x0, 0x0, 0x1, 0xdf, 0x70, 0x0, 0x0,
    0x7, 0xfd, 0x10, 0x0, 0x0, 0x0, 0x12, 0x0,
    0x0, 0x0, 0x0, 0x21, 0x0, 0x0, 0x0, 0x0,
    0x0, 0x0, 0x4e, 0xe4, 0x0, 0x0, 0x0, 0x0,
    0x0, 0x0, 0x0, 0x0, 0xef, 0xfe, 0x0, 0x0,
    0x0, 0x0, 0x0, 0x0, 0x0, 0x0, 0xef, 0xfe,
    0x0, 0x0, 0x0, 0x0, 0x0, 0x0, 0x0, 0x0,
    0x4e, 0xe4, 0x0, 0x0, 0x0, 0x0,

    /* U+F240 "" */
    0x8f, 0xff, 0xff, 0xff, 0xff, 0xff, 0xff, 0xff,
    0xff, 0x80, 0xff, 0xff, 0xff, 0xff, 0xff, 0xff,
    0xff, 0xff, 0xff, 0xf0, 0xff, 0x0, 0x0, 0x0,
    0x0, 0x0, 0x0, 0x0, 0xf, 0xfd, 0xff, 0xf,
    0xff, 0xff, 0xff, 0xff, 0xff, 0xff, 0xf, 0xff,
    0xff, 0xf, 0xff, 0xff, 0xff, 0xff, 0xff, 0xff,
    0x0, 0xff, 0xff, 0xf, 0xff, 0xff, 0xff, 0xff,
    0xff, 0xff, 0x0, 0xff, 0xff, 0xf, 0xff, 0xff,
    0xff, 0xff, 0xff, 0xff, 0xf, 0xff, 0xff, 0x0,
    0x0, 0x0, 0x0, 0x0, 0x0, 0x0, 0xf, 0xfd,
    0xff, 0xff, 0xff, 0xff, 0xff, 0xff, 0xff, 0xff,
    0xff, 0xf0, 0x8f, 0xff, 0xff, 0xff, 0xff, 0xff,
    0xff, 0xff, 0xff, 0x80,

    /* U+F241 "" */
    0x8f, 0xff, 0xff, 0xff, 0xff, 0xff, 0xff, 0xff,
    0xff, 0x80, 0xff, 0xff, 0xff, 0xff, 0xff, 0xff,
    0xff, 0xff, 0xff, 0xf0, 0xff, 0x0, 0x0, 0x0,
    0x0, 0x0, 0x0, 0x0, 0xf, 0xfd, 0xff, 0xf,
    0xff, 0xff, 0xff, 0xff, 0xf0, 0x0, 0xf, 0xff,
    0xff, 0xf, 0xff, 0xff, 0xff, 0xff, 0xf0, 0x0,
    0x0, 0xff, 0xff, 0xf, 0xff, 0xff, 0xff, 0xff,
    0xf0, 0x0, 0x0, 0xff, 0xff, 0xf, 0xff, 0xff,
    0xff, 0xff, 0xf0, 0x0, 0xf, 0xff, 0xff, 0x0,
    0x0, 0x0, 0x0, 0x0, 0x0, 0x0, 0xf, 0xfd,
    0xff, 0xff, 0xff, 0xff, 0xff, 0xff, 0xff, 0xff,
    0xff, 0xf0, 0x8f, 0xff, 0xff, 0xff, 0xff, 0xff,
    0xff, 0xff, 0xff, 0x80,

    /* U+F242 "" */
    0x8f, 0xff, 0xff, 0xff, 0xff, 0xff, 0xff, 0xff,
    0xff, 0x80, 0xff, 0xff, 0xff, 0xff, 0xff, 0xff,
    0xff, 0xff, 0xff, 0xf0, 0xff, 0x0, 0x0, 0x0,
    0x0, 0x0, 0x0, 0x0, 0xf, 0xfd, 0xff, 0xf,
    0xff, 0xff, 0xff, 0x0, 0x0, 0x0, 0xf, 0xff,
    0xff, 0xf, 0xff, 0xff, 0xff, 0x0, 0x0, 0x0,
    0x0, 0xff, 0xff, 0xf, 0xff, 0xff, 0xff, 0x0,
    0x0, 0x0, 0x0, 0xff, 0xff, 0xf, 0xff, 0xff,
    0xff, 0x0, 0x0, 0x0, 0xf, 0xff, 0xff, 0x0,
    0x0, 0x0, 0x0, 0x0, 0x0, 0x0, 0xf, 0xfd,
    0xff, 0xff, 0xff, 0xff, 0xff, 0xff, 0xff, 0xff,
    0xff, 0xf0, 0x8f, 0xff, 0xff, 0xff, 0xff, 0xff,
    0xff, 0xff, 0xff, 0x80,

    /* U+F243 "" */
    0x8f, 0xff, 0xff, 0xff, 0xff, 0xff, 0xff, 0xff,
    0xff, 0x80, 0xff, 0xff, 0xff, 0xff, 0xff, 0xff,
    0xff, 0xff, 0xff, 0xf0, 0xff, 0x0, 0x0, 0x0,
    0x0, 0x0, 0x0, 0x0, 0xf, 0xfd, 0xff, 0xf,
    0xff, 0xf0, 0x0, 0x0, 0x0, 0x0, 0xf, 0xff,
    0xff, 0xf, 0xff, 0xf0, 0x0, 0x0, 0x0, 0x0,
    0x0, 0xff, 0xff, 0xf, 0xff, 0xf0, 0x0, 0x0,
    0x0, 0x0, 0x0, 0xff, 0xff, 0xf, 0xff, 0xf0,
    0x0, 0x0, 0x0, 0x0, 0xf, 0xff, 0xff, 0x0,
    0x0, 0x0, 0x0, 0x0, 0x0, 0x0, 0xf, 0xfd,
    0xff, 0xff, 0xff, 0xff, 0xff, 0xff, 0xff, 0xff,
    0xff, 0xf0, 0x8f, 0xff, 0xff, 0xff, 0xff, 0xff,
    0xff, 0xff, 0xff, 0x80,

    /* U+F244 "" */
    0x8f, 0xff, 0xff, 0xff, 0xff, 0xff, 0xff, 0xff,
    0xff, 0x80, 0xff, 0xff, 0xff, 0xff, 0xff, 0xff,
    0xff, 0xff, 0xff, 0xf0, 0xff, 0x0, 0x0, 0x0,
    0x0, 0x0, 0x0, 0x0, 0xf, 0xfd, 0xff, 0x0,
    0x0, 0x0, 0x0, 0x0, 0x0, 0x0, 0xf, 0xff,
    0xff, 0x0, 0x0, 0x0, 0x0, 0x0, 0x0, 0x0,
    0x0, 0xff, 0xff, 0x0, 0x0, 0x0, 0x0, 0x0,
    0x0, 0x0, 0x0, 0xff, 0xff, 0x0, 0x0, 0x0,
    0x0, 0x0, 0x0, 0x0, 0xf, 0xff, 0xff, 0x0,
    0x0, 0x0, 0x0, 0x0, 0x0, 0x0, 0xf, 0xfd,
    0xff, 0xff, 0xff, 0xff, 0xff, 0xff, 0xff, 0xff,
    0xff, 0xf0, 0x8f, 0xff, 0xff, 0xff, 0xff, 0xff,
    0xff, 0xff, 0xff, 0x80,

    /* U+F287 "" */
    0x0, 0x0, 0x0, 0x0, 0x0, 0x1, 0x0, 0x0,
    0x0, 0x0, 0x0, 0x0, 0x0, 0x0, 0x0, 0x7,
    0xfd, 0x10, 0x0, 0x0, 0x0, 0x0, 0x0, 0x0,
    0x1, 0xcf, 0xff, 0xf5, 0x0, 0x0, 0x0, 0x0,
    0x0, 0x0, 0x0, 0xb9, 0x29, 0xfe, 0x10, 0x0,
    0x0, 0x0, 0x0, 0x0, 0x0, 0x3f, 0x10, 0x2,
    0x0, 0x0, 0x0, 0x0, 0x3, 0xdf, 0x80, 0xa,
    0x90, 0x0, 0x0, 0x0, 0x3, 0x70, 0x0, 0xdf,
    0xff, 0x77, 0xf7, 0x55, 0x55, 0x55, 0x55, 0x8f,
    0xd3, 0xf, 0xff, 0xfd, 0xcc, 0xdf, 0xdc, 0xcc,
    0xcc, 0xcd, 0xff, 0xb0, 0x8f, 0xfe, 0x10, 0x0,
    0xaa, 0x0, 0x0, 0x0, 0x4d, 0x40, 0x0, 0x46,
    0x10, 0x0, 0x1, 0xf2, 0x2, 0x33, 0x10, 0x0,
    0x0, 0x0, 0x0, 0x0, 0x0, 0x9, 0xb1, 0xcf,
    0xf9, 0x0, 0x0, 0x0, 0x0, 0x0, 0x0, 0x0,
    0xa, 0xff, 0xff, 0x90, 0x0, 0x0, 0x0, 0x0,
    0x0, 0x0, 0x0, 0x0, 0xbf, 0xf9, 0x0, 0x0,
    0x0, 0x0, 0x0, 0x0, 0x0, 0x0, 0x1, 0x22,
    0x0, 0x0, 0x0,

    /* U+F293 "" */
    0x0, 0x18, 0xdf, 0xfd, 0x92, 0x0, 0x2, 0xef,
    0xfb, 0xef, 0xff, 0x40, 0xd, 0xff, 0xfa, 0x2e,
    0xff, 0xe0, 0x4f, 0xff, 0xfa, 0x3, 0xff, 0xf5,
    0x9f, 0xfa, 0xfa, 0x35, 0x4f, 0xfa, 0xcf, 0xc0,
    0x8a, 0x3d, 0xb, 0xfd, 0xef, 0xfb, 0x3, 0x11,
    0x8f, 0xfe, 0xff, 0xff, 0xb0, 0x6, 0xff, 0xff,
    0xff, 0xff, 0xd1, 0x8, 0xff, 0xff, 0xef, 0xfd,
    0x11, 0x10, 0x9f, 0xff, 0xdf, 0xd1, 0x59, 0x3b,
    0xb, 0xfd, 0xaf, 0xd6, 0xfa, 0x37, 0x1d, 0xfb,
    0x5f, 0xff, 0xfa, 0x1, 0xdf, 0xf7, 0xd, 0xff,
    0xfa, 0x1d, 0xff, 0xf1, 0x3, 0xef, 0xfc, 0xdf,
    0xff, 0x50, 0x0, 0x18, 0xdf, 0xfe, 0xa3, 0x0,

    /* U+F2ED "" */
    0x0, 0x0, 0x7f, 0xff, 0xf7, 0x0, 0x0, 0xef,
    0xff, 0xff, 0xff, 0xff, 0xff, 0xfe, 0xef, 0xff,
    0xff, 0xff, 0xff, 0xff, 0xfe, 0x0, 0x0, 0x0,
    0x0, 0x0, 0x0, 0x0, 0xf, 0xff, 0xff, 0xff,
    0xff, 0xff, 0xf0, 0xf, 0xff, 0xff, 0xff, 0xff,
    0xff, 0xf0, 0xf, 0xf9, 0x9f, 0x99, 0xf9, 0x9f,
    0xf0, 0xf, 0xf8, 0x8f, 0x88, 0xf8, 0x8f, 0xf0,
    0xf, 0xf8, 0x8f, 0x88, 0xf8, 0x8f, 0xf0, 0xf,
    0xf8, 0x8f, 0x88, 0xf8, 0x8f, 0xf0, 0xf, 0xf8,
    0x8f, 0x88, 0xf8, 0x8f, 0xf0, 0xf, 0xf8, 0x8f,
    0x88, 0xf8, 0x8f, 0xf0, 0xf, 0xf8, 0x8f, 0x88,
    0xf8, 0x8f, 0xf0, 0xf, 0xf9, 0x9f, 0x99, 0xf9,
    0x9f, 0xf0, 0xf, 0xff, 0xff, 0xff, 0xff, 0xff,
    0xf0, 0x8, 0xff, 0xff, 0xff, 0xff, 0xff, 0x80,

    /* U+F304 "" */
    0x0, 0x0, 0x0, 0x0, 0x0, 0x0, 0x7f, 0xa0,
    0x0, 0x0, 0x0, 0x0, 0x0, 0x0, 0x7f, 0xff,
    0xb0, 0x0, 0x0, 0x0, 0x0, 0x0, 0xd, 0xff,
    0xff, 0xa0, 0x0, 0x0, 0x0, 0x0, 0x7a, 0x1d,
    0xff, 0xff, 0x0, 0x0, 0x0, 0x0, 0x7f, 0xfa,
    0x1d, 0xff, 0x70, 0x0, 0x0, 0x0, 0x7f, 0xff,
    0xfa, 0x1d, 0x70, 0x0, 0x0, 0x0, 0x7f, 0xff,
    0xff, 0xfa, 0x0, 0x0, 0x0, 0x0, 0x7f, 0xff,
    0xff, 0xff, 0x70, 0x0, 0x0, 0x0, 0x7f, 0xff,
    0xff, 0xff, 0x70, 0x0, 0x0, 0x0, 0x7f, 0xff,
    0xff, 0xff, 0x70, 0x0, 0x0, 0x0, 0x7f, 0xff,
    0xff, 0xff, 0x70, 0x0, 0x0, 0x0, 0x6f, 0xff,
    0xff, 0xff, 0x70, 0x0, 0x0, 0x0, 0xb, 0xff,
    0xff, 0xff, 0x70, 0x0, 0x0, 0x0, 0x0, 0xdf,
    0xff, 0xff, 0x70, 0x0, 0x0, 0x0, 0x0, 0xe,
    0xff, 0xff, 0x70, 0x0, 0x0, 0x0, 0x0, 0x0,
    0xde, 0xdb, 0x60, 0x0, 0x0, 0x0, 0x0, 0x0,
    0x0, 0x0, 0x0, 0x0, 0x0, 0x0, 0x0, 0x0,
    0x0,

    /* U+F55A "" */
    0x0, 0x0, 0x1b, 0xff, 0xff, 0xff, 0xff, 0xff,
    0xff, 0xe4, 0x0, 0x1, 0xdf, 0xff, 0xff, 0xff,
    0xff, 0xff, 0xff, 0xfe, 0x0, 0x1d, 0xff, 0xff,
    0xfa, 0xef, 0xfe, 0xaf, 0xff, 0xff, 0x1, 0xdf,
    0xff, 0xff, 0xa0, 0x2e, 0xe2, 0xa, 0xff, 0xff,
    0x1d, 0xff, 0xff, 0xff, 0xe2, 0x2, 0x20, 0x2e,
    0xff, 0xff, 0xcf, 0xff, 0xff, 0xff, 0xfe, 0x20,
    0x2, 0xef, 0xff, 0xff, 0xcf, 0xff, 0xff, 0xff,
    0xfe, 0x20, 0x2, 0xef, 0xff, 0xff, 0x1d, 0xff,
    0xff, 0xff, 0xe2, 0x2, 0x20, 0x2e, 0xff, 0xff,
    0x1, 0xdf, 0xff, 0xff, 0xa0, 0x2e, 0xe2, 0xa,
    0xff, 0xff, 0x0, 0x1d, 0xff, 0xff, 0xfa, 0xef,
    0xfe, 0xaf, 0xff, 0xff, 0x0, 0x1, 0xdf, 0xff,
    0xff, 0xff, 0xff, 0xff, 0xff, 0xfe, 0x0, 0x0,
    0x1b, 0xff, 0xff, 0xff, 0xff, 0xff, 0xff, 0xe4,

    /* U+F7C2 "" */
    0x0, 0x7, 0xff, 0xff, 0xff, 0xe4, 0x0, 0x7f,
    0xff, 0xff, 0xff, 0xfe, 0x7, 0xf8, 0xf, 0xb,
    0x40, 0xff, 0x7f, 0xf8, 0xf, 0xb, 0x40, 0xff,
    0xff, 0xf8, 0xf, 0xb, 0x40, 0xff, 0xff, 0xff,
    0xff, 0xff, 0xff, 0xff, 0xff, 0xff, 0xff, 0xff,
    0xff, 0xff, 0xff, 0xff, 0xff, 0xff, 0xff, 0xff,
    0xff, 0xff, 0xff, 0xff, 0xff, 0xff, 0xff, 0xff,
    0xff, 0xff, 0xff, 0xff, 0xff, 0xff, 0xff, 0xff,
    0xff, 0xff, 0xff, 0xff, 0xff, 0xff, 0xff, 0xff,
    0xff, 0xff, 0xff, 0xff, 0xff, 0xff, 0xff, 0xff,
    0xff, 0xff, 0xff, 0xff, 0xef, 0xff, 0xff, 0xff,
    0xff, 0xfe, 0x4e, 0xff, 0xff, 0xff, 0xff, 0xe4,

    /* U+F8A2 "" */
    0x0, 0x0, 0x0, 0x0, 0x0, 0x0, 0x0, 0x1,
    0x0, 0x0, 0x0, 0x0, 0x0, 0x0, 0x0, 0x3,
    0xe0, 0x0, 0x0, 0x10, 0x0, 0x0, 0x0, 0x2,
    0xef, 0x10, 0x0, 0xbf, 0x0, 0x0, 0x0, 0x0,
    0x7f, 0xf1, 0x0, 0xcf, 0xf1, 0x0, 0x0, 0x0,
    0x7, 0xff, 0x11, 0xcf, 0xff, 0x77, 0x77, 0x77,
    0x77, 0xbf, 0xf1, 0xcf, 0xff, 0xff, 0xff, 0xff,
    0xff, 0xff, 0xff, 0x17, 0xff, 0xff, 0xff, 0xff,
    0xff, 0xff, 0xff, 0xe0, 0x7, 0xff, 0xf1, 0x0,
    0x0, 0x0, 0x0, 0x0, 0x0, 0x6, 0xff, 0x10,
    0x0, 0x0, 0x0, 0x0, 0x0, 0x0, 0x5, 0xa0,
    0x0, 0x0, 0x0, 0x0, 0x0, 0x0,

    /* U+FF0C "，" */
    0x8, 0xd6, 0x0, 0xff, 0xf0, 0x9, 0xff, 0x10,
    0x9, 0xe0, 0x18, 0xf6, 0x3, 0xe6, 0x0, 0x0,
    0x0, 0x0,

    /* U+FF1A "：" */
    0x7, 0xa2, 0x3f, 0xfa, 0x1e, 0xf7, 0x1, 0x20,
    0x0, 0x0, 0x0, 0x0, 0x0, 0x0, 0x0, 0x0,
    0x9, 0xc3, 0x3f, 0xfa, 0xd, 0xf6, 0x0, 0x0,

    /* U+FF1F "？" */
    0x0, 0x1, 0x10, 0x0, 0x4, 0xdf, 0xfe, 0x50,
    0x3f, 0xfb, 0xcf, 0xf3, 0x6, 0x20, 0xc, 0xf7,
    0x0, 0x0, 0xb, 0xf6, 0x0, 0x0, 0x6f, 0xe1,
    0x0, 0x5, 0xfe, 0x20, 0x0, 0xe, 0xf2, 0x0,
    0x0, 0x2f, 0xc0, 0x0, 0x0, 0x0, 0x0, 0x0,
    0x0, 0x8, 0x60, 0x0, 0x0, 0x7f, 0xf2, 0x0,
    0x0, 0x4f, 0xe0, 0x0, 0x0, 0x1, 0x0, 0x0
};


/*---------------------
 *  GLYPH DESCRIPTION
 *--------------------*/

static const lv_font_fmt_txt_glyph_dsc_t glyph_dsc[] = {
    {.bitmap_index = 0, .adv_w = 0, .box_w = 0, .box_h = 0, .ofs_x = 0, .ofs_y = 0} /* id = 0 reserved */,
    {.bitmap_index = 0, .adv_w = 58, .box_w = 0, .box_h = 0, .ofs_x = 0, .ofs_y = 0},
    {.bitmap_index = 0, .adv_w = 93, .box_w = 4, .box_h = 12, .ofs_x = 1, .ofs_y = 0},
    {.bitmap_index = 24, .adv_w = 143, .box_w = 7, .box_h = 6, .ofs_x = 1, .ofs_y = 7},
    {.bitmap_index = 45, .adv_w = 150, .box_w = 9, .box_h = 12, .ofs_x = 0, .ofs_y = 0},
    {.bitmap_index = 99, .adv_w = 150, .box_w = 9, .box_h = 16, .ofs_x = 0, .ofs_y = -2},
    {.bitmap_index = 171, .adv_w = 245, .box_w = 15, .box_h = 12, .ofs_x = 0, .ofs_y = 0},
    {.bitmap_index = 261, .adv_w = 187, .box_w = 12, .box_h = 12, .ofs_x = 0, .ofs_y = 0},
    {.bitmap_index = 333, .adv_w = 81, .box_w = 3, .box_h = 6, .ofs_x = 1, .ofs_y = 7},
    {.bitmap_index = 342, .adv_w = 95, .box_w = 5, .box_h = 18, .ofs_x = 1, .ofs_y = -4},
    {.bitmap_index = 387, .adv_w = 95, .box_w = 5, .box_h = 18, .ofs_x = 0, .ofs_y = -4},
    {.bitmap_index = 432, .adv_w = 128, .box_w = 8, .box_h = 6, .ofs_x = 0, .ofs_y = 7},
    {.bitmap_index = 456, .adv_w = 150, .box_w = 9, .box_h = 9, .ofs_x = 0, .ofs_y = 2},
    {.bitmap_index = 497, .adv_w = 81, .box_w = 5, .box_h = 7, .ofs_x = 0, .ofs_y = -4},
    {.bitmap_index = 515, .adv_w = 94, .box_w = 6, .box_h = 2, .ofs_x = 0, .ofs_y = 4},
    {.bitmap_index = 521, .adv_w = 81, .box_w = 3, .box_h = 3, .ofs_x = 1, .ofs_y = 0},
    {.bitmap_index = 526, .adv_w = 99, .box_w = 6, .box_h = 16, .ofs_x = 0, .ofs_y = -3},
    {.bitmap_index = 574, .adv_w = 150, .box_w = 9, .box_h = 12, .ofs_x = 0, .ofs_y = 0},
    {.bitmap_index = 628, .adv_w = 150, .box_w = 8, .box_h = 12, .ofs_x = 1, .ofs_y = 0},
    {.bitmap_index = 676, .adv_w = 150, .box_w = 9, .box_h = 12, .ofs_x = 0, .ofs_y = 0},
    {.bitmap_index = 730, .adv_w = 150, .box_w = 9, .box_h = 12, .ofs_x = 0, .ofs_y = 0},
    {.bitmap_index = 784, .adv_w = 150, .box_w = 9, .box_h = 12, .ofs_x = 0, .ofs_y = 0},
    {.bitmap_index = 838, .adv_w = 150, .box_w = 9, .box_h = 12, .ofs_x = 0, .ofs_y = 0},
    {.bitmap_index = 892, .adv_w = 150, .box_w = 9, .box_h = 12, .ofs_x = 0, .ofs_y = 0},
    {.bitmap_index = 946, .adv_w = 150, .box_w = 9, .box_h = 12, .ofs_x = 0, .ofs_y = 0},
    {.bitmap_index = 1000, .adv_w = 150, .box_w = 9, .box_h = 12, .ofs_x = 0, .ofs_y = 0},
    {.bitmap_index = 1054, .adv_w = 150, .box_w = 9, .box_h = 12, .ofs_x = 0, .ofs_y = 0},
    {.bitmap_index = 1108, .adv_w = 81, .box_w = 3, .box_h = 9, .ofs_x = 1, .ofs_y = 0},
    {.bitmap_index = 1122, .adv_w = 81, .box_w = 5, .box_h = 13, .ofs_x = 0, .ofs_y = -4},
    {.bitmap_index = 1155, .adv_w = 150, .box_w = 9, .box_h = 8, .ofs_x = 0, .ofs_y = 2},
    {.bitmap_index = 1191, .adv_w = 150, .box_w = 9, .box_h = 6, .ofs_x = 0, .ofs_y = 3},
    {.bitmap_index = 1218, .adv_w = 150, .box_w = 9, .box_h = 8, .ofs_x = 0, .ofs_y = 2},
    {.bitmap_index = 1254, .adv_w = 130, .box_w = 8, .box_h = 12, .ofs_x = 0, .ofs_y = 0},
    {.bitmap_index = 1302, .adv_w = 255, .box_w = 16, .box_h = 15, .ofs_x = 0, .ofs_y = -3},
    {.bitmap_index = 1422, .adv_w = 163, .box_w = 12, .box_h = 12, .ofs_x = -1, .ofs_y = 0},
    {.bitmap_index = 1494, .adv_w = 174, .box_w = 10, .box_h = 12, .ofs_x = 1, .ofs_y = 0},
    {.bitmap_index = 1554, .adv_w = 167, .box_w = 10, .box_h = 12, .ofs_x = 0, .ofs_y = 0},
    {.bitmap_index = 1614, .adv_w = 182, .box_w = 10, .box_h = 12, .ofs_x = 1, .ofs_y = 0},
    {.bitmap_index = 1674, .adv_w = 156, .box_w = 8, .box_h = 12, .ofs_x = 1, .ofs_y = 0},
    {.bitmap_index = 1722, .adv_w = 148, .box_w = 8, .box_h = 12, .ofs_x = 1, .ofs_y = 0},
    {.bitmap_index = 1770, .adv_w = 183, .box_w = 11, .box_h = 12, .ofs_x = 0, .ofs_y = 0},
    {.bitmap_index = 1836, .adv_w = 193, .box_w = 10, .box_h = 12, .ofs_x = 1, .ofs_y = 0},
    {.bitmap_index = 1896, .adv_w = 83, .box_w = 3, .box_h = 12, .ofs_x = 1, .ofs_y = 0},
    {.bitmap_index = 1914, .adv_w = 144, .box_w = 8, .box_h = 12, .ofs_x = 0, .ofs_y = 0},
    {.bitmap_index = 1962, .adv_w = 174, .box_w = 10, .box_h = 12, .ofs_x = 1, .ofs_y = 0},
    {.bitmap_index = 2022, .adv_w = 147, .box_w = 8, .box_h = 12, .ofs_x = 1, .ofs_y = 0},
    {.bitmap_index = 2070, .adv_w = 217, .box_w = 12, .box_h = 12, .ofs_x = 1, .ofs_y = 0},
    {.bitmap_index = 2142, .adv_w = 191, .box_w = 10, .box_h = 12, .ofs_x = 1, .ofs_y = 0},
    {.bitmap_index = 2202, .adv_w = 196, .box_w = 12, .box_h = 12, .ofs_x = 0, .ofs_y = 0},
    {.bitmap_index = 2274, .adv_w = 170, .box_w = 9, .box_h = 12, .ofs_x = 1, .ofs_y = 0},
    {.bitmap_index = 2328, .adv_w = 196, .box_w = 12, .box_h = 15, .ofs_x = 0, .ofs_y = -3},
    {.bitmap_index = 2418, .adv_w = 173, .box_w = 10, .box_h = 12, .ofs_x = 1, .ofs_y = 0},
    {.bitmap_index = 2478, .adv_w = 159, .box_w = 10, .box_h = 12, .ofs_x = 0, .ofs_y = 0},
    {.bitmap_index = 2538, .adv_w = 159, .box_w = 10, .box_h = 12, .ofs_x = 0, .ofs_y = 0},
    {.bitmap_index = 2598, .adv_w = 190, .box_w = 10, .box_h = 12, .ofs_x = 1, .ofs_y = 0},
    {.bitmap_index = 2658, .adv_w = 157, .box_w = 11, .box_h = 12, .ofs_x = -1, .ofs_y = 0},
    {.bitmap_index = 2724, .adv_w = 233, .box_w = 15, .box_h = 12, .ofs_x = 0, .ofs_y = 0},
    {.bitmap_index = 2814, .adv_w = 158, .box_w = 10, .box_h = 12, .ofs_x = 0, .ofs_y = 0},
    {.bitmap_index = 2874, .adv_w = 147, .box_w = 11, .box_h = 12, .ofs_x = -1, .ofs_y = 0},
    {.bitmap_index = 2940, .adv_w = 157, .box_w = 10, .box_h = 12, .ofs_x = 0, .ofs_y = 0},
    {.bitmap_index = 3000, .adv_w = 95, .box_w = 5, .box_h = 16, .ofs_x = 1, .ofs_y = -3},
    {.bitmap_index = 3040, .adv_w = 99, .box_w = 6, .box_h = 16, .ofs_x = 0, .ofs_y = -3},
    {.bitmap_index = 3088, .adv_w = 95, .box_w = 5, .box_h = 16, .ofs_x = 0, .ofs_y = -3},
    {.bitmap_index = 3128, .adv_w = 150, .box_w = 9, .box_h = 7, .ofs_x = 0, .ofs_y = 5},
    {.bitmap_index = 3160, .adv_w = 145, .box_w = 9, .box_h = 3, .ofs_x = 0, .ofs_y = -3},
    {.bitmap_index = 3174, .adv_w = 159, .box_w = 6, .box_h = 5, .ofs_x = 1, .ofs_y = 10},
    {.bitmap_index = 3189, .adv_w = 150, .box_w = 9, .box_h = 9, .ofs_x = 0, .ofs_y = 0},
    {.bitmap_index = 3230, .adv_w = 164, .box_w = 9, .box_h = 13, .ofs_x = 1, .ofs_y = 0},
    {.bitmap_index = 3289, .adv_w = 134, .box_w = 8, .box_h = 9, .ofs_x = 0, .ofs_y = 0},
    {.bitmap_index = 3325, .adv_w = 164, .box_w = 9, .box_h = 13, .ofs_x = 0, .ofs_y = 0},
    {.bitmap_index = 3384, .adv_w = 148, .box_w = 9, .box_h = 9, .ofs_x = 0, .ofs_y = 0},
    {.bitmap_index = 3425, .adv_w = 93, .box_w = 7, .box_h = 13, .ofs_x = 0, .ofs_y = 0},
    {.bitmap_index = 3471, .adv_w = 152, .box_w = 10, .box_h = 12, .ofs_x = 0, .ofs_y = -3},
    {.bitmap_index = 3531, .adv_w = 163, .box_w = 8, .box_h = 13, .ofs_x = 1, .ofs_y = 0},
    {.bitmap_index = 3583, .adv_w = 77, .box_w = 3, .box_h = 13, .ofs_x = 1, .ofs_y = 0},
    {.bitmap_index = 3603, .adv_w = 77, .box_w = 5, .box_h = 16, .ofs_x = -1, .ofs_y = -3},
    {.bitmap_index = 3643, .adv_w = 153, .box_w = 9, .box_h = 13, .ofs_x = 1, .ofs_y = 0},
    {.bitmap_index = 3702, .adv_w = 80, .box_w = 4, .box_h = 13, .ofs_x = 1, .ofs_y = 0},
    {.bitmap_index = 3728, .adv_w = 246, .box_w = 14, .box_h = 9, .ofs_x = 1, .ofs_y = 0},
    {.bitmap_index = 3791, .adv_w = 163, .box_w = 8, .box_h = 9, .ofs_x = 1, .ofs_y = 0},
    {.bitmap_index = 3827, .adv_w = 159, .box_w = 10, .box_h = 9, .ofs_x = 0, .ofs_y = 0},
    {.bitmap_index = 3872, .adv_w = 164, .box_w = 9, .box_h = 12, .ofs_x = 1, .ofs_y = -3},
    {.bitmap_index = 3926, .adv_w = 164, .box_w = 9, .box_h = 12, .ofs_x = 0, .ofs_y = -3},
    {.bitmap_index = 3980, .adv_w = 110, .box_w = 6, .box_h = 10, .ofs_x = 1, .ofs_y = 0},
    {.bitmap_index = 4010, .adv_w = 126, .box_w = 8, .box_h = 9, .ofs_x = 0, .ofs_y = 0},
    {.bitmap_index = 4046, .adv_w = 106, .box_w = 7, .box_h = 12, .ofs_x = 0, .ofs_y = 0},
    {.bitmap_index = 4088, .adv_w = 162, .box_w = 8, .box_h = 9, .ofs_x = 1, .ofs_y = 0},
    {.bitmap_index = 4124, .adv_w = 145, .box_w = 9, .box_h = 9, .ofs_x = 0, .ofs_y = 0},
    {.bitmap_index = 4165, .adv_w = 219, .box_w = 14, .box_h = 9, .ofs_x = 0, .ofs_y = 0},
    {.bitmap_index = 4228, .adv_w = 142, .box_w = 9, .box_h = 9, .ofs_x = 0, .ofs_y = 0},
    {.bitmap_index = 4269, .adv_w = 145, .box_w = 9, .box_h = 12, .ofs_x = 0, .ofs_y = -3},
    {.bitmap_index = 4323, .adv_w = 130, .box_w = 8, .box_h = 9, .ofs_x = 0, .ofs_y = 0},
    {.bitmap_index = 4359, .adv_w = 95, .box_w = 6, .box_h = 16, .ofs_x = 0, .ofs_y = -3},
    {.bitmap_index = 4407, .adv_w = 75, .box_w = 3, .box_h = 18, .ofs_x = 1, .ofs_y = -4},
    {.bitmap_index = 4434, .adv_w = 95, .box_w = 6, .box_h = 16, .ofs_x = 0, .ofs_y = -3},
    {.bitmap_index = 4482, .adv_w = 150, .box_w = 9, .box_h = 3, .ofs_x = 0, .ofs_y = 4},
    {.bitmap_index = 4496, .adv_w = 256, .box_w = 12, .box_h = 12, .ofs_x = 2, .ofs_y = 0},
    {.bitmap_index = 4568, .adv_w = 150, .box_w = 9, .box_h = 15, .ofs_x = 0, .ofs_y = 0},
    {.bitmap_index = 4636, .adv_w = 134, .box_w = 8, .box_h = 13, .ofs_x = 0, .ofs_y = -4},
    {.bitmap_index = 4688, .adv_w = 148, .box_w = 9, .box_h = 15, .ofs_x = 0, .ofs_y = 0},
    {.bitmap_index = 4756, .adv_w = 148, .box_w = 9, .box_h = 15, .ofs_x = 0, .ofs_y = 0},
    {.bitmap_index = 4824, .adv_w = 163, .box_w = 12, .box_h = 12, .ofs_x = -1, .ofs_y = 0},
    {.bitmap_index = 4896, .adv_w = 172, .box_w = 10, .box_h = 12, .ofs_x = 1, .ofs_y = 0},
    {.bitmap_index = 4956, .adv_w = 174, .box_w = 10, .box_h = 12, .ofs_x = 1, .ofs_y = 0},
    {.bitmap_index = 5016, .adv_w = 148, .box_w = 8, .box_h = 12, .ofs_x = 1, .ofs_y = 0},
    {.bitmap_index = 5064, .adv_w = 191, .box_w = 12, .box_h = 15, .ofs_x = 0, .ofs_y = -3},
    {.bitmap_index = 5154, .adv_w = 156, .box_w = 8, .box_h = 12, .ofs_x = 1, .ofs_y = 0},
    {.bitmap_index = 5202, .adv_w = 163, .box_w = 10, .box_h = 12, .ofs_x = 0, .ofs_y = 0},
    {.bitmap_index = 5262, .adv_w = 194, .box_w = 10, .box_h = 12, .ofs_x = 1, .ofs_y = 0},
    {.bitmap_index = 5322, .adv_w = 187, .box_w = 12, .box_h = 12, .ofs_x = -1, .ofs_y = 0},
    {.bitmap_index = 5394, .adv_w = 193, .box_w = 10, .box_h = 12, .ofs_x = 1, .ofs_y = 0},
    {.bitmap_index = 5454, .adv_w = 196, .box_w = 12, .box_h = 12, .ofs_x = 0, .ofs_y = 0},
    {.bitmap_index = 5526, .adv_w = 190, .box_w = 10, .box_h = 12, .ofs_x = 1, .ofs_y = 0},
    {.bitmap_index = 5586, .adv_w = 170, .box_w = 9, .box_h = 12, .ofs_x = 1, .ofs_y = 0},
    {.bitmap_index = 5640, .adv_w = 167, .box_w = 10, .box_h = 12, .ofs_x = 0, .ofs_y = 0},
    {.bitmap_index = 5700, .adv_w = 159, .box_w = 10, .box_h = 12, .ofs_x = 0, .ofs_y = 0},
    {.bitmap_index = 5760, .adv_w = 156, .box_w = 10, .box_h = 12, .ofs_x = 0, .ofs_y = 0},
    {.bitmap_index = 5820, .adv_w = 191, .box_w = 11, .box_h = 15, .ofs_x = 1, .ofs_y = -3},
    {.bitmap_index = 5903, .adv_w = 259, .box_w = 14, .box_h = 12, .ofs_x = 1, .ofs_y = 0},
    {.bitmap_index = 5987, .adv_w = 175, .box_w = 10, .box_h = 12, .ofs_x = 0, .ofs_y = 0},
    {.bitmap_index = 6047, .adv_w = 150, .box_w = 9, .box_h = 9, .ofs_x = 0, .ofs_y = 0},
    {.bitmap_index = 6088, .adv_w = 161, .box_w = 10, .box_h = 14, .ofs_x = 0, .ofs_y = 0},
    {.bitmap_index = 6158, .adv_w = 151, .box_w = 8, .box_h = 9, .ofs_x = 1, .ofs_y = 0},
    {.bitmap_index = 6194, .adv_w = 123, .box_w = 7, .box_h = 9, .ofs_x = 1, .ofs_y = 0},
    {.bitmap_index = 6226, .adv_w = 164, .box_w = 10, .box_h = 12, .ofs_x = 0, .ofs_y = -3},
    {.bitmap_index = 6286, .adv_w = 148, .box_w = 9, .box_h = 9, .ofs_x = 0, .ofs_y = 0},
    {.bitmap_index = 6327, .adv_w = 212, .box_w = 14, .box_h = 9, .ofs_x = 0, .ofs_y = 0},
    {.bitmap_index = 6390, .adv_w = 136, .box_w = 8, .box_h = 9, .ofs_x = 0, .ofs_y = 0},
    {.bitmap_index = 6426, .adv_w = 167, .box_w = 9, .box_h = 9, .ofs_x = 1, .ofs_y = 0},
    {.bitmap_index = 6467, .adv_w = 167, .box_w = 9, .box_h = 13, .ofs_x = 1, .ofs_y = 0},
    {.bitmap_index = 6526, .adv_w = 153, .box_w = 9, .box_h = 10, .ofs_x = 1, .ofs_y = 0},
    {.bitmap_index = 6571, .adv_w = 162, .box_w = 9, .box_h = 9, .ofs_x = 0, .ofs_y = 0},
    {.bitmap_index = 6612, .adv_w = 188, .box_w = 10, .box_h = 9, .ofs_x = 1, .ofs_y = 0},
    {.bitmap_index = 6657, .adv_w = 167, .box_w = 9, .box_h = 9, .ofs_x = 1, .ofs_y = 0},
    {.bitmap_index = 6698, .adv_w = 159, .box_w = 10, .box_h = 9, .ofs_x = 0, .ofs_y = 0},
    {.bitmap_index = 6743, .adv_w = 164, .box_w = 8, .box_h = 9, .ofs_x = 1, .ofs_y = 0},
    {.bitmap_index = 6779, .adv_w = 164, .box_w = 9, .box_h = 12, .ofs_x = 1, .ofs_y = -3},
    {.bitmap_index = 6833, .adv_w = 134, .box_w = 8, .box_h = 9, .ofs_x = 0, .ofs_y = 0},
    {.bitmap_index = 6869, .adv_w = 139, .box_w = 9, .box_h = 9, .ofs_x = 0, .ofs_y = 0},
    {.bitmap_index = 6910, .adv_w = 145, .box_w = 9, .box_h = 12, .ofs_x = 0, .ofs_y = -3},
    {.bitmap_index = 6964, .adv_w = 142, .box_w = 9, .box_h = 9, .ofs_x = 0, .ofs_y = 0},
    {.bitmap_index = 7005, .adv_w = 168, .box_w = 10, .box_h = 12, .ofs_x = 1, .ofs_y = -3},
    {.bitmap_index = 7065, .adv_w = 155, .box_w = 9, .box_h = 9, .ofs_x = 0, .ofs_y = 0},
    {.bitmap_index = 7106, .adv_w = 227, .box_w = 12, .box_h = 9, .ofs_x = 1, .ofs_y = 0},
    {.bitmap_index = 7160, .adv_w = 232, .box_w = 14, .box_h = 12, .ofs_x = 1, .ofs_y = -3},
    {.bitmap_index = 7244, .adv_w = 207, .box_w = 11, .box_h = 9, .ofs_x = 1, .ofs_y = 0},
    {.bitmap_index = 7294, .adv_w = 147, .box_w = 8, .box_h = 9, .ofs_x = 1, .ofs_y = 0},
    {.bitmap_index = 7330, .adv_w = 221, .box_w = 13, .box_h = 9, .ofs_x = 1, .ofs_y = 0},
    {.bitmap_index = 7389, .adv_w = 154, .box_w = 9, .box_h = 9, .ofs_x = 0, .ofs_y = 0},
    {.bitmap_index = 7430, .adv_w = 148, .box_w = 9, .box_h = 13, .ofs_x = 0, .ofs_y = 0},
    {.bitmap_index = 7489, .adv_w = 256, .box_w = 16, .box_h = 2, .ofs_x = 0, .ofs_y = 5},
    {.bitmap_index = 7505, .adv_w = 256, .box_w = 2, .box_h = 17, .ofs_x = 7, .ofs_y = -2},
    {.bitmap_index = 7522, .adv_w = 256, .box_w = 10, .box_h = 10, .ofs_x = 7, .ofs_y = 5},
    {.bitmap_index = 7572, .adv_w = 256, .box_w = 10, .box_h = 17, .ofs_x = 7, .ofs_y = -2},
    {.bitmap_index = 7657, .adv_w = 256, .box_w = 6, .box_h = 6, .ofs_x = 0, .ofs_y = -2},
    {.bitmap_index = 7675, .adv_w = 256, .box_w = 6, .box_h = 5, .ofs_x = 0, .ofs_y = -1},
    {.bitmap_index = 7690, .adv_w = 256, .box_w = 14, .box_h = 15, .ofs_x = 1, .ofs_y = -1},
    {.bitmap_index = 7795, .adv_w = 256, .box_w = 15, .box_h = 13, .ofs_x = 1, .ofs_y = -1},
    {.bitmap_index = 7893, .adv_w = 256, .box_w = 12, .box_h = 14, .ofs_x = 2, .ofs_y = -1},
    {.bitmap_index = 7977, .adv_w = 256, .box_w = 16, .box_h = 15, .ofs_x = 0, .ofs_y = -1},
    {.bitmap_index = 8097, .adv_w = 256, .box_w = 12, .box_h = 15, .ofs_x = 2, .ofs_y = -1},
    {.bitmap_index = 8187, .adv_w = 256, .box_w = 10, .box_h = 16, .ofs_x = 2, .ofs_y = -2},
    {.bitmap_index = 8267, .adv_w = 256, .box_w = 12, .box_h = 13, .ofs_x = 2, .ofs_y = -1},
    {.bitmap_index = 8345, .adv_w = 256, .box_w = 13, .box_h = 14, .ofs_x = 2, .ofs_y = -1},
    {.bitmap_index = 8436, .adv_w = 256, .box_w = 12, .box_h = 15, .ofs_x = 3, .ofs_y = -1},
    {.bitmap_index = 8526, .adv_w = 256, .box_w = 14, .box_h = 15, .ofs_x = 1, .ofs_y = -2},
    {.bitmap_index = 8631, .adv_w = 256, .box_w = 15, .box_h = 14, .ofs_x = 0, .ofs_y = -1},
    {.bitmap_index = 8736, .adv_w = 256, .box_w = 14, .box_h = 14, .ofs_x = 1, .ofs_y = -1},
    {.bitmap_index = 8834, .adv_w = 256, .box_w = 15, .box_h = 14, .ofs_x = 1, .ofs_y = -1},
    {.bitmap_index = 8939, .adv_w = 256, .box_w = 14, .box_h = 15, .ofs_x = 1, .ofs_y = -1},
    {.bitmap_index = 9044, .adv_w = 256, .box_w = 14, .box_h = 13, .ofs_x = 1, .ofs_y = -1},
    {.bitmap_index = 9135, .adv_w = 256, .box_w = 15, .box_h = 13, .ofs_x = 1, .ofs_y = -1},
    {.bitmap_index = 9233, .adv_w = 256, .box_w = 14, .box_h = 14, .ofs_x = 1, .ofs_y = -1},
    {.bitmap_index = 9331, .adv_w = 256, .box_w = 14, .box_h = 13, .ofs_x = 1, .ofs_y = -1},
    {.bitmap_index = 9422, .adv_w = 256, .box_w = 15, .box_h = 14, .ofs_x = 1, .ofs_y = -1},
    {.bitmap_index = 9527, .adv_w = 256, .box_w = 13, .box_h = 14, .ofs_x = 2, .ofs_y = -1},
    {.bitmap_index = 9618, .adv_w = 256, .box_w = 16, .box_h = 15, .ofs_x = 0, .ofs_y = -2},
    {.bitmap_index = 9738, .adv_w = 256, .box_w = 14, .box_h = 14, .ofs_x = 1, .ofs_y = -1},
    {.bitmap_index = 9836, .adv_w = 256, .box_w = 11, .box_h = 15, .ofs_x = 3, .ofs_y = -1},
    {.bitmap_index = 9919, .adv_w = 256, .box_w = 13, .box_h = 14, .ofs_x = 1, .ofs_y = -1},
    {.bitmap_index = 10010, .adv_w = 256, .box_w = 16, .box_h = 15, .ofs_x = 0, .ofs_y = -1},
    {.bitmap_index = 10130, .adv_w = 256, .box_w = 14, .box_h = 14, .ofs_x = 1, .ofs_y = -1},
    {.bitmap_index = 10228, .adv_w = 256, .box_w = 16, .box_h = 14, .ofs_x = 0, .ofs_y = -1},
    {.bitmap_index = 10340, .adv_w = 256, .box_w = 15, .box_h = 13, .ofs_x = 1, .ofs_y = -1},
    {.bitmap_index = 10438, .adv_w = 256, .box_w = 14, .box_h = 14, .ofs_x = 1, .ofs_y = -1},
    {.bitmap_index = 10536, .adv_w = 256, .box_w = 14, .box_h = 14, .ofs_x = 1, .ofs_y = -1},
    {.bitmap_index = 10634, .adv_w = 256, .box_w = 13, .box_h = 14, .ofs_x = 1, .ofs_y = -1},
    {.bitmap_index = 10725, .adv_w = 256, .box_w = 14, .box_h = 14, .ofs_x = 1, .ofs_y = -1},
    {.bitmap_index = 10823, .adv_w = 256, .box_w = 14, .box_h = 16, .ofs_x = 1, .ofs_y = -2},
    {.bitmap_index = 10935, .adv_w = 256, .box_w = 15, .box_h = 14, .ofs_x = 0, .ofs_y = -1},
    {.bitmap_index = 11040, .adv_w = 256, .box_w = 15, .box_h = 15, .ofs_x = 1, .ofs_y = -1},
    {.bitmap_index = 11153, .adv_w = 256, .box_w = 14, .box_h = 13, .ofs_x = 1, .ofs_y = -1},
    {.bitmap_index = 11244, .adv_w = 256, .box_w = 14, .box_h = 14, .ofs_x = 1, .ofs_y = -1},
    {.bitmap_index = 11342, .adv_w = 256, .box_w = 14, .box_h = 16, .ofs_x = 1, .ofs_y = -2},
    {.bitmap_index = 11454, .adv_w = 256, .box_w = 16, .box_h = 16, .ofs_x = 0, .ofs_y = -2},
    {.bitmap_index = 11582, .adv_w = 256, .box_w = 12, .box_h = 12, .ofs_x = 2, .ofs_y = -2},
    {.bitmap_index = 11654, .adv_w = 256, .box_w = 14, .box_h = 15, .ofs_x = 1, .ofs_y = -2},
    {.bitmap_index = 11759, .adv_w = 256, .box_w = 15, .box_h = 16, .ofs_x = 1, .ofs_y = -2},
    {.bitmap_index = 11879, .adv_w = 256, .box_w = 10, .box_h = 14, .ofs_x = 4, .ofs_y = -1},
    {.bitmap_index = 11949, .adv_w = 256, .box_w = 11, .box_h = 14, .ofs_x = 4, .ofs_y = -1},
    {.bitmap_index = 12026, .adv_w = 256, .box_w = 16, .box_h = 14, .ofs_x = 0, .ofs_y = -1},
    {.bitmap_index = 12138, .adv_w = 256, .box_w = 13, .box_h = 14, .ofs_x = 1, .ofs_y = -1},
    {.bitmap_index = 12229, .adv_w = 256, .box_w = 16, .box_h = 15, .ofs_x = 0, .ofs_y = -1},
    {.bitmap_index = 12349, .adv_w = 256, .box_w = 16, .box_h = 15, .ofs_x = 0, .ofs_y = -1},
    {.bitmap_index = 12469, .adv_w = 256, .box_w = 13, .box_h = 13, .ofs_x = 2, .ofs_y = -1},
    {.bitmap_index = 12554, .adv_w = 256, .box_w = 15, .box_h = 16, .ofs_x = 1, .ofs_y = -2},
    {.bitmap_index = 12674, .adv_w = 256, .box_w = 16, .box_h = 12, .ofs_x = 0, .ofs_y = 0},
    {.bitmap_index = 12770, .adv_w = 256, .box_w = 15, .box_h = 14, .ofs_x = 1, .ofs_y = -2},
    {.bitmap_index = 12875, .adv_w = 256, .box_w = 14, .box_h = 13, .ofs_x = 1, .ofs_y = -1},
    {.bitmap_index = 12966, .adv_w = 256, .box_w = 13, .box_h = 13, .ofs_x = 2, .ofs_y = -2},
    {.bitmap_index = 13051, .adv_w = 256, .box_w = 13, .box_h = 15, .ofs_x = 2, .ofs_y = -2},
    {.bitmap_index = 13149, .adv_w = 256, .box_w = 16, .box_h = 14, .ofs_x = 0, .ofs_y = -1},
    {.bitmap_index = 13261, .adv_w = 256, .box_w = 13, .box_h = 14, .ofs_x = 2, .ofs_y = -1},
    {.bitmap_index = 13352, .adv_w = 256, .box_w = 13, .box_h = 13, .ofs_x = 2, .ofs_y = -1},
    {.bitmap_index = 13437, .adv_w = 256, .box_w = 14, .box_h = 13, .ofs_x = 1, .ofs_y = -1},
    {.bitmap_index = 13528, .adv_w = 256, .box_w = 15, .box_h = 14, .ofs_x = 1, .ofs_y = -1},
    {.bitmap_index = 13633, .adv_w = 256, .box_w = 14, .box_h = 4, .ofs_x = 1, .ofs_y = 4},
    {.bitmap_index = 13661, .adv_w = 256, .box_w = 16, .box_h = 3, .ofs_x = 0, .ofs_y = 5},
    {.bitmap_index = 13685, .adv_w = 256, .box_w = 14, .box_h = 14, .ofs_x = 1, .ofs_y = -1},
    {.bitmap_index = 13783, .adv_w = 256, .box_w = 16, .box_h = 15, .ofs_x = 0, .ofs_y = -1},
    {.bitmap_index = 13903, .adv_w = 256, .box_w = 15, .box_h = 14, .ofs_x = 1, .ofs_y = -1},
    {.bitmap_index = 14008, .adv_w = 256, .box_w = 16, .box_h = 14, .ofs_x = 0, .ofs_y = -1},
    {.bitmap_index = 14120, .adv_w = 256, .box_w = 15, .box_h = 16, .ofs_x = 0, .ofs_y = -2},
    {.bitmap_index = 14240, .adv_w = 256, .box_w = 16, .box_h = 16, .ofs_x = 0, .ofs_y = -2},
    {.bitmap_index = 14368, .adv_w = 256, .box_w = 16, .box_h = 15, .ofs_x = 0, .ofs_y = -1},
    {.bitmap_index = 14488, .adv_w = 256, .box_w = 14, .box_h = 15, .ofs_x = 1, .ofs_y = -1},
    {.bitmap_index = 14593, .adv_w = 256, .box_w = 14, .box_h = 16, .ofs_x = 1, .ofs_y = -2},
    {.bitmap_index = 14705, .adv_w = 256, .box_w = 16, .box_h = 15, .ofs_x = 0, .ofs_y = -1},
    {.bitmap_index = 14825, .adv_w = 256, .box_w = 16, .box_h = 16, .ofs_x = 0, .ofs_y = -2},
    {.bitmap_index = 14953, .adv_w = 256, .box_w = 16, .box_h = 15, .ofs_x = 0, .ofs_y = -1},
    {.bitmap_index = 15073, .adv_w = 256, .box_w = 16, .box_h = 15, .ofs_x = 0, .ofs_y = -1},
    {.bitmap_index = 15193, .adv_w = 256, .box_w = 14, .box_h = 15, .ofs_x = 1, .ofs_y = -2},
    {.bitmap_index = 15298, .adv_w = 256, .box_w = 16, .box_h = 16, .ofs_x = 0, .ofs_y = -2},
    {.bitmap_index = 15426, .adv_w = 256, .box_w = 16, .box_h = 16, .ofs_x = 0, .ofs_y = -2},
    {.bitmap_index = 15554, .adv_w = 256, .box_w = 16, .box_h = 14, .ofs_x = 0, .ofs_y = -1},
    {.bitmap_index = 15666, .adv_w = 256, .box_w = 16, .box_h = 14, .ofs_x = 0, .ofs_y = -1},
    {.bitmap_index = 15778, .adv_w = 256, .box_w = 16, .box_h = 15, .ofs_x = 0, .ofs_y = -1},
    {.bitmap_index = 15898, .adv_w = 256, .box_w = 16, .box_h = 16, .ofs_x = 0, .ofs_y = -2},
    {.bitmap_index = 16026, .adv_w = 256, .box_w = 15, .box_h = 16, .ofs_x = 0, .ofs_y = -2},
    {.bitmap_index = 16146, .adv_w = 256, .box_w = 16, .box_h = 16, .ofs_x = 0, .ofs_y = -2},
    {.bitmap_index = 16274, .adv_w = 256, .box_w = 16, .box_h = 15, .ofs_x = 0, .ofs_y = -1},
    {.bitmap_index = 16394, .adv_w = 256, .box_w = 16, .box_h = 17, .ofs_x = 0, .ofs_y = -2},
    {.bitmap_index = 16530, .adv_w = 256, .box_w = 16, .box_h = 16, .ofs_x = 0, .ofs_y = -2},
    {.bitmap_index = 16658, .adv_w = 256, .box_w = 16, .box_h = 15, .ofs_x = 0, .ofs_y = -1},
    {.bitmap_index = 16778, .adv_w = 256, .box_w = 16, .box_h = 16, .ofs_x = 0, .ofs_y = -2},
    {.bitmap_index = 16906, .adv_w = 256, .box_w = 15, .box_h = 15, .ofs_x = 0, .ofs_y = -1},
    {.bitmap_index = 17019, .adv_w = 256, .box_w = 16, .box_h = 16, .ofs_x = 0, .ofs_y = -1},
    {.bitmap_index = 17147, .adv_w = 256, .box_w = 16, .box_h = 15, .ofs_x = 0, .ofs_y = -1},
    {.bitmap_index = 17267, .adv_w = 256, .box_w = 16, .box_h = 16, .ofs_x = 0, .ofs_y = -2},
    {.bitmap_index = 17395, .adv_w = 256, .box_w = 16, .box_h = 17, .ofs_x = 0, .ofs_y = -2},
    {.bitmap_index = 17531, .adv_w = 256, .box_w = 16, .box_h = 16, .ofs_x = 0, .ofs_y = -2},
    {.bitmap_index = 17659, .adv_w = 256, .box_w = 15, .box_h = 17, .ofs_x = 0, .ofs_y = -2},
    {.bitmap_index = 17787, .adv_w = 256, .box_w = 16, .box_h = 15, .ofs_x = 0, .ofs_y = -1},
    {.bitmap_index = 17907, .adv_w = 256, .box_w = 16, .box_h = 15, .ofs_x = 0, .ofs_y = -1},
    {.bitmap_index = 18027, .adv_w = 256, .box_w = 16, .box_h = 15, .ofs_x = 0, .ofs_y = -1},
    {.bitmap_index = 18147, .adv_w = 256, .box_w = 16, .box_h = 15, .ofs_x = 0, .ofs_y = -1},
    {.bitmap_index = 18267, .adv_w = 256, .box_w = 16, .box_h = 15, .ofs_x = 0, .ofs_y = -1},
    {.bitmap_index = 18387, .adv_w = 256, .box_w = 16, .box_h = 16, .ofs_x = 0, .ofs_y = -1},
    {.bitmap_index = 18515, .adv_w = 256, .box_w = 16, .box_h = 16, .ofs_x = 0, .ofs_y = -2},
    {.bitmap_index = 18643, .adv_w = 256, .box_w = 16, .box_h = 16, .ofs_x = 0, .ofs_y = -2},
    {.bitmap_index = 18771, .adv_w = 256, .box_w = 16, .box_h = 15, .ofs_x = 0, .ofs_y = -1},
    {.bitmap_index = 18891, .adv_w = 256, .box_w = 16, .box_h = 16, .ofs_x = 0, .ofs_y = -2},
    {.bitmap_index = 19019, .adv_w = 256, .box_w = 16, .box_h = 15, .ofs_x = 0, .ofs_y = -1},
    {.bitmap_index = 19139, .adv_w = 256, .box_w = 16, .box_h = 16, .ofs_x = 0, .ofs_y = -1},
    {.bitmap_index = 19267, .adv_w = 256, .box_w = 16, .box_h = 16, .ofs_x = 0, .ofs_y = -2},
    {.bitmap_index = 19395, .adv_w = 256, .box_w = 16, .box_h = 16, .ofs_x = 0, .ofs_y = -2},
    {.bitmap_index = 19523, .adv_w = 256, .box_w = 16, .box_h = 16, .ofs_x = 0, .ofs_y = -2},
    {.bitmap_index = 19651, .adv_w = 256, .box_w = 16, .box_h = 16, .ofs_x = 0, .ofs_y = -2},
    {.bitmap_index = 19779, .adv_w = 256, .box_w = 16, .box_h = 16, .ofs_x = 0, .ofs_y = -2},
    {.bitmap_index = 19907, .adv_w = 256, .box_w = 16, .box_h = 16, .ofs_x = 0, .ofs_y = -2},
    {.bitmap_index = 20035, .adv_w = 256, .box_w = 16, .box_h = 15, .ofs_x = 0, .ofs_y = -1},
    {.bitmap_index = 20155, .adv_w = 256, .box_w = 16, .box_h = 16, .ofs_x = 0, .ofs_y = -2},
    {.bitmap_index = 20283, .adv_w = 256, .box_w = 16, .box_h = 15, .ofs_x = 0, .ofs_y = -2},
    {.bitmap_index = 20403, .adv_w = 256, .box_w = 14, .box_h = 15, .ofs_x = 1, .ofs_y = -1},
    {.bitmap_index = 20508, .adv_w = 256, .box_w = 14, .box_h = 15, .ofs_x = 1, .ofs_y = -2},
    {.bitmap_index = 20613, .adv_w = 256, .box_w = 16, .box_h = 15, .ofs_x = 0, .ofs_y = -1},
    {.bitmap_index = 20733, .adv_w = 256, .box_w = 16, .box_h = 16, .ofs_x = 0, .ofs_y = -2},
    {.bitmap_index = 20861, .adv_w = 256, .box_w = 14, .box_h = 15, .ofs_x = 1, .ofs_y = -1},
    {.bitmap_index = 20966, .adv_w = 256, .box_w = 16, .box_h = 15, .ofs_x = 0, .ofs_y = -1},
    {.bitmap_index = 21086, .adv_w = 256, .box_w = 16, .box_h = 16, .ofs_x = 0, .ofs_y = -2},
    {.bitmap_index = 21214, .adv_w = 256, .box_w = 16, .box_h = 15, .ofs_x = 0, .ofs_y = -2},
    {.bitmap_index = 21334, .adv_w = 256, .box_w = 15, .box_h = 16, .ofs_x = 0, .ofs_y = -1},
    {.bitmap_index = 21454, .adv_w = 256, .box_w = 16, .box_h = 16, .ofs_x = 0, .ofs_y = -2},
    {.bitmap_index = 21582, .adv_w = 256, .box_w = 15, .box_h = 15, .ofs_x = 0, .ofs_y = -2},
    {.bitmap_index = 21695, .adv_w = 256, .box_w = 15, .box_h = 15, .ofs_x = 0, .ofs_y = -1},
    {.bitmap_index = 21808, .adv_w = 256, .box_w = 16, .box_h = 17, .ofs_x = 0, .ofs_y = -2},
    {.bitmap_index = 21944, .adv_w = 256, .box_w = 16, .box_h = 16, .ofs_x = 0, .ofs_y = -2},
    {.bitmap_index = 22072, .adv_w = 256, .box_w = 15, .box_h = 16, .ofs_x = 0, .ofs_y = -2},
    {.bitmap_index = 22192, .adv_w = 256, .box_w = 16, .box_h = 16, .ofs_x = 0, .ofs_y = -2},
    {.bitmap_index = 22320, .adv_w = 256, .box_w = 15, .box_h = 16, .ofs_x = 0, .ofs_y = -2},
    {.bitmap_index = 22440, .adv_w = 256, .box_w = 16, .box_h = 16, .ofs_x = 0, .ofs_y = -2},
    {.bitmap_index = 22568, .adv_w = 256, .box_w = 16, .box_h = 16, .ofs_x = 0, .ofs_y = -2},
    {.bitmap_index = 22696, .adv_w = 256, .box_w = 15, .box_h = 17, .ofs_x = 0, .ofs_y = -2},
    {.bitmap_index = 22824, .adv_w = 256, .box_w = 16, .box_h = 15, .ofs_x = 0, .ofs_y = -1},
    {.bitmap_index = 22944, .adv_w = 256, .box_w = 16, .box_h = 16, .ofs_x = 0, .ofs_y = -1},
    {.bitmap_index = 23072, .adv_w = 256, .box_w = 15, .box_h = 14, .ofs_x = 1, .ofs_y = -1},
    {.bitmap_index = 23177, .adv_w = 256, .box_w = 16, .box_h = 15, .ofs_x = 0, .ofs_y = -1},
    {.bitmap_index = 23297, .adv_w = 256, .box_w = 14, .box_h = 16, .ofs_x = 2, .ofs_y = -2},
    {.bitmap_index = 23409, .adv_w = 256, .box_w = 16, .box_h = 15, .ofs_x = 0, .ofs_y = -1},
    {.bitmap_index = 23529, .adv_w = 256, .box_w = 16, .box_h = 15, .ofs_x = 0, .ofs_y = -2},
    {.bitmap_index = 23649, .adv_w = 256, .box_w = 16, .box_h = 15, .ofs_x = 0, .ofs_y = -2},
    {.bitmap_index = 23769, .adv_w = 256, .box_w = 16, .box_h = 16, .ofs_x = 0, .ofs_y = -2},
    {.bitmap_index = 23897, .adv_w = 256, .box_w = 16, .box_h = 16, .ofs_x = 0, .ofs_y = -2},
    {.bitmap_index = 24025, .adv_w = 256, .box_w = 16, .box_h = 16, .ofs_x = 0, .ofs_y = -2},
    {.bitmap_index = 24153, .adv_w = 256, .box_w = 16, .box_h = 15, .ofs_x = 0, .ofs_y = -2},
    {.bitmap_index = 24273, .adv_w = 256, .box_w = 16, .box_h = 16, .ofs_x = 0, .ofs_y = -2},
    {.bitmap_index = 24401, .adv_w = 256, .box_w = 14, .box_h = 14, .ofs_x = 1, .ofs_y = -2},
    {.bitmap_index = 24499, .adv_w = 256, .box_w = 16, .box_h = 15, .ofs_x = 0, .ofs_y = -2},
    {.bitmap_index = 24619, .adv_w = 256, .box_w = 16, .box_h = 15, .ofs_x = 0, .ofs_y = -2},
    {.bitmap_index = 24739, .adv_w = 256, .box_w = 16, .box_h = 15, .ofs_x = 0, .ofs_y = -2},
    {.bitmap_index = 24859, .adv_w = 256, .box_w = 16, .box_h = 16, .ofs_x = 0, .ofs_y = -2},
    {.bitmap_index = 24987, .adv_w = 256, .box_w = 14, .box_h = 14, .ofs_x = 1, .ofs_y = -1},
    {.bitmap_index = 25085, .adv_w = 256, .box_w = 14, .box_h = 15, .ofs_x = 0, .ofs_y = -1},
    {.bitmap_index = 25190, .adv_w = 256, .box_w = 16, .box_h = 16, .ofs_x = 0, .ofs_y = -2},
    {.bitmap_index = 25318, .adv_w = 256, .box_w = 14, .box_h = 16, .ofs_x = 1, .ofs_y = -2},
    {.bitmap_index = 25430, .adv_w = 256, .box_w = 16, .box_h = 16, .ofs_x = 0, .ofs_y = -2},
    {.bitmap_index = 25558, .adv_w = 256, .box_w = 15, .box_h = 16, .ofs_x = 0, .ofs_y = -2},
    {.bitmap_index = 25678, .adv_w = 256, .box_w = 15, .box_h = 15, .ofs_x = 0, .ofs_y = -1},
    {.bitmap_index = 25791, .adv_w = 256, .box_w = 14, .box_h = 15, .ofs_x = 1, .ofs_y = -2},
    {.bitmap_index = 25896, .adv_w = 256, .box_w = 16, .box_h = 16, .ofs_x = 0, .ofs_y = -2},
    {.bitmap_index = 26024, .adv_w = 256, .box_w = 16, .box_h = 15, .ofs_x = 0, .ofs_y = -2},
    {.bitmap_index = 26144, .adv_w = 256, .box_w = 14, .box_h = 14, .ofs_x = 1, .ofs_y = -1},
    {.bitmap_index = 26242, .adv_w = 256, .box_w = 14, .box_h = 14, .ofs_x = 1, .ofs_y = -1},
    {.bitmap_index = 26340, .adv_w = 256, .box_w = 14, .box_h = 14, .ofs_x = 1, .ofs_y = -1},
    {.bitmap_index = 26438, .adv_w = 256, .box_w = 16, .box_h = 15, .ofs_x = 0, .ofs_y = -1},
    {.bitmap_index = 26558, .adv_w = 256, .box_w = 16, .box_h = 15, .ofs_x = 0, .ofs_y = -1},
    {.bitmap_index = 26678, .adv_w = 256, .box_w = 16, .box_h = 15, .ofs_x = 0, .ofs_y = -1},
    {.bitmap_index = 26798, .adv_w = 256, .box_w = 16, .box_h = 16, .ofs_x = 0, .ofs_y = -2},
    {.bitmap_index = 26926, .adv_w = 256, .box_w = 16, .box_h = 15, .ofs_x = 0, .ofs_y = -1},
    {.bitmap_index = 27046, .adv_w = 256, .box_w = 16, .box_h = 16, .ofs_x = 0, .ofs_y = -1},
    {.bitmap_index = 27174, .adv_w = 256, .box_w = 15, .box_h = 16, .ofs_x = 0, .ofs_y = -1},
    {.bitmap_index = 27294, .adv_w = 256, .box_w = 16, .box_h = 14, .ofs_x = 0, .ofs_y = -1},
    {.bitmap_index = 27406, .adv_w = 256, .box_w = 16, .box_h = 16, .ofs_x = 0, .ofs_y = -2},
    {.bitmap_index = 27534, .adv_w = 256, .box_w = 16, .box_h = 16, .ofs_x = 0, .ofs_y = -2},
    {.bitmap_index = 27662, .adv_w = 256, .box_w = 16, .box_h = 16, .ofs_x = 0, .ofs_y = -2},
    {.bitmap_index = 27790, .adv_w = 256, .box_w = 17, .box_h = 15, .ofs_x = 0, .ofs_y = -1},
    {.bitmap_index = 27918, .adv_w = 256, .box_w = 16, .box_h = 16, .ofs_x = 0, .ofs_y = -2},
    {.bitmap_index = 28046, .adv_w = 256, .box_w = 16, .box_h = 16, .ofs_x = 0, .ofs_y = -2},
    {.bitmap_index = 28174, .adv_w = 256, .box_w = 16, .box_h = 15, .ofs_x = 0, .ofs_y = -2},
    {.bitmap_index = 28294, .adv_w = 256, .box_w = 16, .box_h = 16, .ofs_x = 0, .ofs_y = -2},
    {.bitmap_index = 28422, .adv_w = 256, .box_w = 16, .box_h = 17, .ofs_x = 0, .ofs_y = -2},
    {.bitmap_index = 28558, .adv_w = 256, .box_w = 16, .box_h = 15, .ofs_x = 0, .ofs_y = -1},
    {.bitmap_index = 28678, .adv_w = 256, .box_w = 14, .box_h = 16, .ofs_x = 1, .ofs_y = -2},
    {.bitmap_index = 28790, .adv_w = 256, .box_w = 16, .box_h = 16, .ofs_x = 0, .ofs_y = -2},
    {.bitmap_index = 28918, .adv_w = 256, .box_w = 14, .box_h = 15, .ofs_x = 1, .ofs_y = -1},
    {.bitmap_index = 29023, .adv_w = 256, .box_w = 16, .box_h = 16, .ofs_x = 0, .ofs_y = -2},
    {.bitmap_index = 29151, .adv_w = 256, .box_w = 16, .box_h = 16, .ofs_x = 0, .ofs_y = -2},
    {.bitmap_index = 29279, .adv_w = 256, .box_w = 16, .box_h = 16, .ofs_x = 0, .ofs_y = -2},
    {.bitmap_index = 29407, .adv_w = 256, .box_w = 15, .box_h = 16, .ofs_x = 1, .ofs_y = -2},
    {.bitmap_index = 29527, .adv_w = 256, .box_w = 16, .box_h = 16, .ofs_x = 0, .ofs_y = -2},
    {.bitmap_index = 29655, .adv_w = 256, .box_w = 16, .box_h = 16, .ofs_x = 0, .ofs_y = -2},
    {.bitmap_index = 29783, .adv_w = 256, .box_w = 16, .box_h = 16, .ofs_x = 0, .ofs_y = -1},
    {.bitmap_index = 29911, .adv_w = 256, .box_w = 16, .box_h = 15, .ofs_x = 0, .ofs_y = -1},
    {.bitmap_index = 30031, .adv_w = 256, .box_w = 16, .box_h = 15, .ofs_x = 0, .ofs_y = -2},
    {.bitmap_index = 30151, .adv_w = 256, .box_w = 16, .box_h = 16, .ofs_x = 0, .ofs_y = -2},
    {.bitmap_index = 30279, .adv_w = 256, .box_w = 16, .box_h = 15, .ofs_x = 0, .ofs_y = -2},
    {.bitmap_index = 30399, .adv_w = 256, .box_w = 16, .box_h = 15, .ofs_x = 0, .ofs_y = -2},
    {.bitmap_index = 30519, .adv_w = 256, .box_w = 16, .box_h = 15, .ofs_x = 0, .ofs_y = -2},
    {.bitmap_index = 30639, .adv_w = 256, .box_w = 16, .box_h = 16, .ofs_x = 0, .ofs_y = -2},
    {.bitmap_index = 30767, .adv_w = 256, .box_w = 16, .box_h = 13, .ofs_x = 0, .ofs_y = -1},
    {.bitmap_index = 30871, .adv_w = 256, .box_w = 15, .box_h = 14, .ofs_x = 1, .ofs_y = -1},
    {.bitmap_index = 30976, .adv_w = 256, .box_w = 16, .box_h = 15, .ofs_x = 0, .ofs_y = -1},
    {.bitmap_index = 31096, .adv_w = 256, .box_w = 16, .box_h = 16, .ofs_x = 0, .ofs_y = -2},
    {.bitmap_index = 31224, .adv_w = 256, .box_w = 16, .box_h = 16, .ofs_x = 0, .ofs_y = -2},
    {.bitmap_index = 31352, .adv_w = 256, .box_w = 16, .box_h = 16, .ofs_x = 0, .ofs_y = -2},
    {.bitmap_index = 31480, .adv_w = 256, .box_w = 16, .box_h = 16, .ofs_x = 0, .ofs_y = -2},
    {.bitmap_index = 31608, .adv_w = 256, .box_w = 16, .box_h = 15, .ofs_x = 0, .ofs_y = -2},
    {.bitmap_index = 31728, .adv_w = 256, .box_w = 16, .box_h = 16, .ofs_x = 0, .ofs_y = -1},
    {.bitmap_index = 31856, .adv_w = 256, .box_w = 15, .box_h = 16, .ofs_x = 1, .ofs_y = -2},
    {.bitmap_index = 31976, .adv_w = 256, .box_w = 15, .box_h = 16, .ofs_x = 1, .ofs_y = -2},
    {.bitmap_index = 32096, .adv_w = 256, .box_w = 16, .box_h = 15, .ofs_x = 0, .ofs_y = -2},
    {.bitmap_index = 32216, .adv_w = 256, .box_w = 14, .box_h = 15, .ofs_x = 1, .ofs_y = -1},
    {.bitmap_index = 32321, .adv_w = 256, .box_w = 16, .box_h = 15, .ofs_x = 0, .ofs_y = -1},
    {.bitmap_index = 32441, .adv_w = 256, .box_w = 16, .box_h = 16, .ofs_x = 0, .ofs_y = -2},
    {.bitmap_index = 32569, .adv_w = 256, .box_w = 16, .box_h = 16, .ofs_x = 0, .ofs_y = -2},
    {.bitmap_index = 32697, .adv_w = 256, .box_w = 16, .box_h = 16, .ofs_x = 0, .ofs_y = -2},
    {.bitmap_index = 32825, .adv_w = 256, .box_w = 16, .box_h = 16, .ofs_x = 0, .ofs_y = -2},
    {.bitmap_index = 32953, .adv_w = 256, .box_w = 16, .box_h = 15, .ofs_x = 0, .ofs_y = -1},
    {.bitmap_index = 33073, .adv_w = 256, .box_w = 16, .box_h = 15, .ofs_x = 0, .ofs_y = -1},
    {.bitmap_index = 33193, .adv_w = 256, .box_w = 16, .box_h = 15, .ofs_x = 0, .ofs_y = -1},
    {.bitmap_index = 33313, .adv_w = 256, .box_w = 15, .box_h = 15, .ofs_x = 0, .ofs_y = -1},
    {.bitmap_index = 33426, .adv_w = 256, .box_w = 16, .box_h = 15, .ofs_x = 0, .ofs_y = -1},
    {.bitmap_index = 33546, .adv_w = 256, .box_w = 16, .box_h = 15, .ofs_x = 0, .ofs_y = -1},
    {.bitmap_index = 33666, .adv_w = 256, .box_w = 16, .box_h = 15, .ofs_x = 0, .ofs_y = -1},
    {.bitmap_index = 33786, .adv_w = 256, .box_w = 16, .box_h = 16, .ofs_x = 0, .ofs_y = -1},
    {.bitmap_index = 33914, .adv_w = 256, .box_w = 16, .box_h = 16, .ofs_x = 0, .ofs_y = -2},
    {.bitmap_index = 34042, .adv_w = 256, .box_w = 16, .box_h = 17, .ofs_x = 0, .ofs_y = -2},
    {.bitmap_index = 34178, .adv_w = 256, .box_w = 16, .box_h = 16, .ofs_x = 0, .ofs_y = -2},
    {.bitmap_index = 34306, .adv_w = 256, .box_w = 16, .box_h = 17, .ofs_x = 0, .ofs_y = -2},
    {.bitmap_index = 34442, .adv_w = 256, .box_w = 14, .box_h = 16, .ofs_x = 0, .ofs_y = -2},
    {.bitmap_index = 34554, .adv_w = 256, .box_w = 16, .box_h = 16, .ofs_x = 0, .ofs_y = -2},
    {.bitmap_index = 34682, .adv_w = 256, .box_w = 16, .box_h = 16, .ofs_x = 0, .ofs_y = -2},
    {.bitmap_index = 34810, .adv_w = 256, .box_w = 16, .box_h = 17, .ofs_x = 0, .ofs_y = -2},
    {.bitmap_index = 34946, .adv_w = 256, .box_w = 16, .box_h = 17, .ofs_x = 0, .ofs_y = -2},
    {.bitmap_index = 35082, .adv_w = 256, .box_w = 16, .box_h = 15, .ofs_x = 0, .ofs_y = -1},
    {.bitmap_index = 35202, .adv_w = 256, .box_w = 16, .box_h = 16, .ofs_x = 0, .ofs_y = -2},
    {.bitmap_index = 35330, .adv_w = 256, .box_w = 16, .box_h = 16, .ofs_x = 0, .ofs_y = -2},
    {.bitmap_index = 35458, .adv_w = 256, .box_w = 16, .box_h = 16, .ofs_x = 0, .ofs_y = -2},
    {.bitmap_index = 35586, .adv_w = 256, .box_w = 16, .box_h = 16, .ofs_x = 0, .ofs_y = -2},
    {.bitmap_index = 35714, .adv_w = 256, .box_w = 16, .box_h = 17, .ofs_x = 0, .ofs_y = -2},
    {.bitmap_index = 35850, .adv_w = 256, .box_w = 16, .box_h = 17, .ofs_x = 0, .ofs_y = -2},
    {.bitmap_index = 35986, .adv_w = 256, .box_w = 16, .box_h = 16, .ofs_x = 0, .ofs_y = -2},
    {.bitmap_index = 36114, .adv_w = 256, .box_w = 16, .box_h = 16, .ofs_x = 0, .ofs_y = -2},
    {.bitmap_index = 36242, .adv_w = 256, .box_w = 16, .box_h = 16, .ofs_x = 0, .ofs_y = -2},
    {.bitmap_index = 36370, .adv_w = 256, .box_w = 16, .box_h = 16, .ofs_x = 0, .ofs_y = -2},
    {.bitmap_index = 36498, .adv_w = 256, .box_w = 16, .box_h = 16, .ofs_x = 0, .ofs_y = -2},
    {.bitmap_index = 36626, .adv_w = 256, .box_w = 16, .box_h = 17, .ofs_x = 0, .ofs_y = -2},
    {.bitmap_index = 36762, .adv_w = 256, .box_w = 16, .box_h = 17, .ofs_x = 0, .ofs_y = -2},
    {.bitmap_index = 36898, .adv_w = 256, .box_w = 16, .box_h = 16, .ofs_x = 0, .ofs_y = -2},
    {.bitmap_index = 37026, .adv_w = 256, .box_w = 16, .box_h = 17, .ofs_x = 0, .ofs_y = -2},
    {.bitmap_index = 37162, .adv_w = 256, .box_w = 16, .box_h = 16, .ofs_x = 0, .ofs_y = -2},
    {.bitmap_index = 37290, .adv_w = 256, .box_w = 16, .box_h = 16, .ofs_x = 0, .ofs_y = -2},
    {.bitmap_index = 37418, .adv_w = 256, .box_w = 16, .box_h = 16, .ofs_x = 0, .ofs_y = -2},
    {.bitmap_index = 37546, .adv_w = 256, .box_w = 16, .box_h = 15, .ofs_x = 0, .ofs_y = -1},
    {.bitmap_index = 37666, .adv_w = 256, .box_w = 16, .box_h = 16, .ofs_x = 0, .ofs_y = -2},
    {.bitmap_index = 37794, .adv_w = 256, .box_w = 16, .box_h = 17, .ofs_x = 0, .ofs_y = -2},
    {.bitmap_index = 37930, .adv_w = 256, .box_w = 15, .box_h = 16, .ofs_x = 1, .ofs_y = -2},
    {.bitmap_index = 38050, .adv_w = 256, .box_w = 16, .box_h = 15, .ofs_x = 0, .ofs_y = -1},
    {.bitmap_index = 38170, .adv_w = 256, .box_w = 16, .box_h = 16, .ofs_x = 0, .ofs_y = -2},
    {.bitmap_index = 38298, .adv_w = 256, .box_w = 12, .box_h = 15, .ofs_x = 2, .ofs_y = -2},
    {.bitmap_index = 38388, .adv_w = 256, .box_w = 15, .box_h = 16, .ofs_x = 1, .ofs_y = -2},
    {.bitmap_index = 38508, .adv_w = 256, .box_w = 16, .box_h = 15, .ofs_x = 0, .ofs_y = -2},
    {.bitmap_index = 38628, .adv_w = 256, .box_w = 16, .box_h = 14, .ofs_x = 0, .ofs_y = -1},
    {.bitmap_index = 38740, .adv_w = 256, .box_w = 16, .box_h = 15, .ofs_x = 0, .ofs_y = -2},
    {.bitmap_index = 38860, .adv_w = 256, .box_w = 15, .box_h = 16, .ofs_x = 0, .ofs_y = -2},
    {.bitmap_index = 38980, .adv_w = 256, .box_w = 15, .box_h = 16, .ofs_x = 1, .ofs_y = -2},
    {.bitmap_index = 39100, .adv_w = 256, .box_w = 16, .box_h = 15, .ofs_x = 0, .ofs_y = -2},
    {.bitmap_index = 39220, .adv_w = 256, .box_w = 15, .box_h = 16, .ofs_x = 1, .ofs_y = -2},
    {.bitmap_index = 39340, .adv_w = 256, .box_w = 16, .box_h = 14, .ofs_x = 0, .ofs_y = -1},
    {.bitmap_index = 39452, .adv_w = 256, .box_w = 14, .box_h = 15, .ofs_x = 0, .ofs_y = -2},
    {.bitmap_index = 39557, .adv_w = 256, .box_w = 16, .box_h = 16, .ofs_x = 0, .ofs_y = -2},
    {.bitmap_index = 39685, .adv_w = 256, .box_w = 16, .box_h = 15, .ofs_x = 0, .ofs_y = -2},
    {.bitmap_index = 39805, .adv_w = 256, .box_w = 15, .box_h = 16, .ofs_x = 0, .ofs_y = -2},
    {.bitmap_index = 39925, .adv_w = 256, .box_w = 16, .box_h = 15, .ofs_x = 0, .ofs_y = -1},
    {.bitmap_index = 40045, .adv_w = 256, .box_w = 16, .box_h = 15, .ofs_x = 0, .ofs_y = -1},
    {.bitmap_index = 40165, .adv_w = 256, .box_w = 16, .box_h = 16, .ofs_x = 0, .ofs_y = -2},
    {.bitmap_index = 40293, .adv_w = 256, .box_w = 16, .box_h = 16, .ofs_x = 0, .ofs_y = -2},
    {.bitmap_index = 40421, .adv_w = 256, .box_w = 16, .box_h = 16, .ofs_x = 0, .ofs_y = -2},
    {.bitmap_index = 40549, .adv_w = 256, .box_w = 16, .box_h = 16, .ofs_x = 0, .ofs_y = -2},
    {.bitmap_index = 40677, .adv_w = 256, .box_w = 16, .box_h = 15, .ofs_x = 0, .ofs_y = -1},
    {.bitmap_index = 40797, .adv_w = 256, .box_w = 16, .box_h = 14, .ofs_x = 0, .ofs_y = -1},
    {.bitmap_index = 40909, .adv_w = 256, .box_w = 16, .box_h = 16, .ofs_x = 0, .ofs_y = -2},
    {.bitmap_index = 41037, .adv_w = 256, .box_w = 16, .box_h = 15, .ofs_x = 0, .ofs_y = -1},
    {.bitmap_index = 41157, .adv_w = 256, .box_w = 16, .box_h = 16, .ofs_x = 0, .ofs_y = -2},
    {.bitmap_index = 41285, .adv_w = 256, .box_w = 16, .box_h = 16, .ofs_x = 0, .ofs_y = -2},
    {.bitmap_index = 41413, .adv_w = 256, .box_w = 16, .box_h = 16, .ofs_x = 0, .ofs_y = -2},
    {.bitmap_index = 41541, .adv_w = 256, .box_w = 16, .box_h = 15, .ofs_x = 0, .ofs_y = -1},
    {.bitmap_index = 41661, .adv_w = 256, .box_w = 16, .box_h = 15, .ofs_x = 0, .ofs_y = -1},
    {.bitmap_index = 41781, .adv_w = 256, .box_w = 16, .box_h = 15, .ofs_x = 0, .ofs_y = -1},
    {.bitmap_index = 41901, .adv_w = 256, .box_w = 16, .box_h = 15, .ofs_x = 0, .ofs_y = -1},
    {.bitmap_index = 42021, .adv_w = 256, .box_w = 16, .box_h = 16, .ofs_x = 0, .ofs_y = -2},
    {.bitmap_index = 42149, .adv_w = 256, .box_w = 16, .box_h = 15, .ofs_x = 0, .ofs_y = -1},
    {.bitmap_index = 42269, .adv_w = 256, .box_w = 16, .box_h = 16, .ofs_x = 0, .ofs_y = -2},
    {.bitmap_index = 42397, .adv_w = 256, .box_w = 16, .box_h = 17, .ofs_x = 0, .ofs_y = -2},
    {.bitmap_index = 42533, .adv_w = 256, .box_w = 16, .box_h = 14, .ofs_x = 0, .ofs_y = -1},
    {.bitmap_index = 42645, .adv_w = 256, .box_w = 16, .box_h = 16, .ofs_x = 0, .ofs_y = -2},
    {.bitmap_index = 42773, .adv_w = 256, .box_w = 16, .box_h = 16, .ofs_x = 0, .ofs_y = -2},
    {.bitmap_index = 42901, .adv_w = 256, .box_w = 16, .box_h = 15, .ofs_x = 0, .ofs_y = -1},
    {.bitmap_index = 43021, .adv_w = 256, .box_w = 16, .box_h = 16, .ofs_x = 0, .ofs_y = -2},
    {.bitmap_index = 43149, .adv_w = 256, .box_w = 16, .box_h = 16, .ofs_x = 0, .ofs_y = -2},
    {.bitmap_index = 43277, .adv_w = 256, .box_w = 16, .box_h = 16, .ofs_x = 0, .ofs_y = -2},
    {.bitmap_index = 43405, .adv_w = 256, .box_w = 16, .box_h = 15, .ofs_x = 0, .ofs_y = -1},
    {.bitmap_index = 43525, .adv_w = 256, .box_w = 16, .box_h = 15, .ofs_x = 0, .ofs_y = -1},
    {.bitmap_index = 43645, .adv_w = 256, .box_w = 16, .box_h = 16, .ofs_x = 0, .ofs_y = -2},
    {.bitmap_index = 43773, .adv_w = 256, .box_w = 16, .box_h = 16, .ofs_x = 0, .ofs_y = -2},
    {.bitmap_index = 43901, .adv_w = 256, .box_w = 16, .box_h = 16, .ofs_x = 0, .ofs_y = -2},
    {.bitmap_index = 44029, .adv_w = 256, .box_w = 16, .box_h = 15, .ofs_x = 0, .ofs_y = -1},
    {.bitmap_index = 44149, .adv_w = 256, .box_w = 16, .box_h = 15, .ofs_x = 0, .ofs_y = -1},
    {.bitmap_index = 44269, .adv_w = 256, .box_w = 16, .box_h = 15, .ofs_x = 0, .ofs_y = -1},
    {.bitmap_index = 44389, .adv_w = 256, .box_w = 16, .box_h = 15, .ofs_x = 0, .ofs_y = -1},
    {.bitmap_index = 44509, .adv_w = 256, .box_w = 16, .box_h = 16, .ofs_x = 0, .ofs_y = -2},
    {.bitmap_index = 44637, .adv_w = 256, .box_w = 16, .box_h = 16, .ofs_x = 0, .ofs_y = -2},
    {.bitmap_index = 44765, .adv_w = 256, .box_w = 16, .box_h = 15, .ofs_x = 0, .ofs_y = -1},
    {.bitmap_index = 44885, .adv_w = 256, .box_w = 16, .box_h = 15, .ofs_x = 0, .ofs_y = -2},
    {.bitmap_index = 45005, .adv_w = 256, .box_w = 16, .box_h = 16, .ofs_x = 0, .ofs_y = -2},
    {.bitmap_index = 45133, .adv_w = 256, .box_w = 16, .box_h = 16, .ofs_x = 0, .ofs_y = -2},
    {.bitmap_index = 45261, .adv_w = 256, .box_w = 16, .box_h = 16, .ofs_x = 0, .ofs_y = -2},
    {.bitmap_index = 45389, .adv_w = 256, .box_w = 16, .box_h = 17, .ofs_x = 0, .ofs_y = -2},
    {.bitmap_index = 45525, .adv_w = 256, .box_w = 15, .box_h = 16, .ofs_x = 0, .ofs_y = -2},
    {.bitmap_index = 45645, .adv_w = 256, .box_w = 16, .box_h = 14, .ofs_x = 0, .ofs_y = -1},
    {.bitmap_index = 45757, .adv_w = 256, .box_w = 16, .box_h = 17, .ofs_x = 0, .ofs_y = -2},
    {.bitmap_index = 45893, .adv_w = 256, .box_w = 16, .box_h = 16, .ofs_x = 0, .ofs_y = -2},
    {.bitmap_index = 46021, .adv_w = 256, .box_w = 16, .box_h = 15, .ofs_x = 0, .ofs_y = -2},
    {.bitmap_index = 46141, .adv_w = 256, .box_w = 16, .box_h = 14, .ofs_x = 0, .ofs_y = -1},
    {.bitmap_index = 46253, .adv_w = 256, .box_w = 16, .box_h = 15, .ofs_x = 0, .ofs_y = -1},
    {.bitmap_index = 46373, .adv_w = 256, .box_w = 15, .box_h = 15, .ofs_x = 0, .ofs_y = -2},
    {.bitmap_index = 46486, .adv_w = 256, .box_w = 14, .box_h = 16, .ofs_x = 1, .ofs_y = -2},
    {.bitmap_index = 46598, .adv_w = 256, .box_w = 15, .box_h = 15, .ofs_x = 1, .ofs_y = -1},
    {.bitmap_index = 46711, .adv_w = 256, .box_w = 14, .box_h = 14, .ofs_x = 1, .ofs_y = -1},
    {.bitmap_index = 46809, .adv_w = 256, .box_w = 16, .box_h = 15, .ofs_x = 0, .ofs_y = -2},
    {.bitmap_index = 46929, .adv_w = 256, .box_w = 14, .box_h = 16, .ofs_x = 1, .ofs_y = -2},
    {.bitmap_index = 47041, .adv_w = 256, .box_w = 16, .box_h = 16, .ofs_x = 1, .ofs_y = -2},
    {.bitmap_index = 47169, .adv_w = 256, .box_w = 13, .box_h = 16, .ofs_x = 2, .ofs_y = -2},
    {.bitmap_index = 47273, .adv_w = 256, .box_w = 15, .box_h = 16, .ofs_x = 1, .ofs_y = -2},
    {.bitmap_index = 47393, .adv_w = 256, .box_w = 16, .box_h = 16, .ofs_x = 0, .ofs_y = -2},
    {.bitmap_index = 47521, .adv_w = 256, .box_w = 12, .box_h = 14, .ofs_x = 2, .ofs_y = -1},
    {.bitmap_index = 47605, .adv_w = 256, .box_w = 16, .box_h = 15, .ofs_x = 0, .ofs_y = -1},
    {.bitmap_index = 47725, .adv_w = 256, .box_w = 15, .box_h = 16, .ofs_x = 0, .ofs_y = -2},
    {.bitmap_index = 47845, .adv_w = 256, .box_w = 16, .box_h = 16, .ofs_x = 0, .ofs_y = -2},
    {.bitmap_index = 47973, .adv_w = 256, .box_w = 15, .box_h = 15, .ofs_x = 1, .ofs_y = -2},
    {.bitmap_index = 48086, .adv_w = 256, .box_w = 15, .box_h = 16, .ofs_x = 0, .ofs_y = -2},
    {.bitmap_index = 48206, .adv_w = 256, .box_w = 16, .box_h = 16, .ofs_x = 0, .ofs_y = -2},
    {.bitmap_index = 48334, .adv_w = 256, .box_w = 16, .box_h = 15, .ofs_x = 0, .ofs_y = -1},
    {.bitmap_index = 48454, .adv_w = 256, .box_w = 16, .box_h = 15, .ofs_x = 0, .ofs_y = -2},
    {.bitmap_index = 48574, .adv_w = 256, .box_w = 16, .box_h = 15, .ofs_x = 0, .ofs_y = -1},
    {.bitmap_index = 48694, .adv_w = 256, .box_w = 16, .box_h = 15, .ofs_x = 0, .ofs_y = -2},
    {.bitmap_index = 48814, .adv_w = 256, .box_w = 16, .box_h = 16, .ofs_x = 0, .ofs_y = -2},
    {.bitmap_index = 48942, .adv_w = 256, .box_w = 16, .box_h = 15, .ofs_x = 0, .ofs_y = -1},
    {.bitmap_index = 49062, .adv_w = 256, .box_w = 16, .box_h = 16, .ofs_x = 0, .ofs_y = -2},
    {.bitmap_index = 49190, .adv_w = 256, .box_w = 16, .box_h = 15, .ofs_x = 0, .ofs_y = -1},
    {.bitmap_index = 49310, .adv_w = 256, .box_w = 16, .box_h = 15, .ofs_x = 0, .ofs_y = -1},
    {.bitmap_index = 49430, .adv_w = 256, .box_w = 15, .box_h = 15, .ofs_x = 1, .ofs_y = -1},
    {.bitmap_index = 49543, .adv_w = 256, .box_w = 16, .box_h = 15, .ofs_x = 0, .ofs_y = -1},
    {.bitmap_index = 49663, .adv_w = 256, .box_w = 16, .box_h = 15, .ofs_x = 0, .ofs_y = -1},
    {.bitmap_index = 49783, .adv_w = 256, .box_w = 16, .box_h = 16, .ofs_x = 0, .ofs_y = -2},
    {.bitmap_index = 49911, .adv_w = 256, .box_w = 16, .box_h = 15, .ofs_x = 0, .ofs_y = -1},
    {.bitmap_index = 50031, .adv_w = 256, .box_w = 16, .box_h = 15, .ofs_x = 0, .ofs_y = -1},
    {.bitmap_index = 50151, .adv_w = 256, .box_w = 16, .box_h = 16, .ofs_x = 0, .ofs_y = -2},
    {.bitmap_index = 50279, .adv_w = 256, .box_w = 16, .box_h = 16, .ofs_x = 0, .ofs_y = -2},
    {.bitmap_index = 50407, .adv_w = 256, .box_w = 16, .box_h = 16, .ofs_x = 0, .ofs_y = -2},
    {.bitmap_index = 50535, .adv_w = 256, .box_w = 16, .box_h = 16, .ofs_x = 0, .ofs_y = -2},
    {.bitmap_index = 50663, .adv_w = 256, .box_w = 16, .box_h = 15, .ofs_x = 0, .ofs_y = -1},
    {.bitmap_index = 50783, .adv_w = 256, .box_w = 16, .box_h = 15, .ofs_x = 0, .ofs_y = -1},
    {.bitmap_index = 50903, .adv_w = 256, .box_w = 16, .box_h = 16, .ofs_x = 0, .ofs_y = -2},
    {.bitmap_index = 51031, .adv_w = 256, .box_w = 16, .box_h = 16, .ofs_x = 0, .ofs_y = -2},
    {.bitmap_index = 51159, .adv_w = 256, .box_w = 16, .box_h = 16, .ofs_x = 0, .ofs_y = -2},
    {.bitmap_index = 51287, .adv_w = 256, .box_w = 16, .box_h = 17, .ofs_x = 0, .ofs_y = -2},
    {.bitmap_index = 51423, .adv_w = 256, .box_w = 16, .box_h = 16, .ofs_x = 0, .ofs_y = -2},
    {.bitmap_index = 51551, .adv_w = 256, .box_w = 16, .box_h = 15, .ofs_x = 0, .ofs_y = -1},
    {.bitmap_index = 51671, .adv_w = 256, .box_w = 16, .box_h = 16, .ofs_x = 0, .ofs_y = -2},
    {.bitmap_index = 51799, .adv_w = 256, .box_w = 16, .box_h = 15, .ofs_x = 0, .ofs_y = -1},
    {.bitmap_index = 51919, .adv_w = 256, .box_w = 16, .box_h = 15, .ofs_x = 0, .ofs_y = -1},
    {.bitmap_index = 52039, .adv_w = 256, .box_w = 16, .box_h = 16, .ofs_x = 0, .ofs_y = -2},
    {.bitmap_index = 52167, .adv_w = 256, .box_w = 16, .box_h = 16, .ofs_x = 0, .ofs_y = -2},
    {.bitmap_index = 52295, .adv_w = 256, .box_w = 16, .box_h = 16, .ofs_x = 0, .ofs_y = -2},
    {.bitmap_index = 52423, .adv_w = 256, .box_w = 16, .box_h = 16, .ofs_x = 0, .ofs_y = -2},
    {.bitmap_index = 52551, .adv_w = 256, .box_w = 16, .box_h = 16, .ofs_x = 0, .ofs_y = -1},
    {.bitmap_index = 52679, .adv_w = 256, .box_w = 16, .box_h = 16, .ofs_x = 0, .ofs_y = -2},
    {.bitmap_index = 52807, .adv_w = 256, .box_w = 16, .box_h = 15, .ofs_x = 0, .ofs_y = -1},
    {.bitmap_index = 52927, .adv_w = 256, .box_w = 17, .box_h = 16, .ofs_x = 0, .ofs_y = -2},
    {.bitmap_index = 53063, .adv_w = 256, .box_w = 14, .box_h = 14, .ofs_x = 1, .ofs_y = -1},
    {.bitmap_index = 53161, .adv_w = 256, .box_w = 16, .box_h = 15, .ofs_x = 0, .ofs_y = -2},
    {.bitmap_index = 53281, .adv_w = 256, .box_w = 16, .box_h = 16, .ofs_x = 0, .ofs_y = -2},
    {.bitmap_index = 53409, .adv_w = 256, .box_w = 16, .box_h = 16, .ofs_x = 0, .ofs_y = -2},
    {.bitmap_index = 53537, .adv_w = 256, .box_w = 16, .box_h = 14, .ofs_x = 0, .ofs_y = -1},
    {.bitmap_index = 53649, .adv_w = 256, .box_w = 16, .box_h = 15, .ofs_x = 0, .ofs_y = -1},
    {.bitmap_index = 53769, .adv_w = 256, .box_w = 16, .box_h = 16, .ofs_x = 0, .ofs_y = -1},
    {.bitmap_index = 53897, .adv_w = 256, .box_w = 16, .box_h = 16, .ofs_x = 0, .ofs_y = -2},
    {.bitmap_index = 54025, .adv_w = 256, .box_w = 16, .box_h = 15, .ofs_x = 0, .ofs_y = -1},
    {.bitmap_index = 54145, .adv_w = 256, .box_w = 16, .box_h = 15, .ofs_x = 0, .ofs_y = -1},
    {.bitmap_index = 54265, .adv_w = 256, .box_w = 16, .box_h = 15, .ofs_x = 0, .ofs_y = -1},
    {.bitmap_index = 54385, .adv_w = 256, .box_w = 16, .box_h = 15, .ofs_x = 0, .ofs_y = -1},
    {.bitmap_index = 54505, .adv_w = 256, .box_w = 16, .box_h = 16, .ofs_x = 0, .ofs_y = -2},
    {.bitmap_index = 54633, .adv_w = 256, .box_w = 16, .box_h = 16, .ofs_x = 0, .ofs_y = -2},
    {.bitmap_index = 54761, .adv_w = 256, .box_w = 16, .box_h = 16, .ofs_x = 0, .ofs_y = -2},
    {.bitmap_index = 54889, .adv_w = 256, .box_w = 16, .box_h = 16, .ofs_x = 0, .ofs_y = -2},
    {.bitmap_index = 55017, .adv_w = 256, .box_w = 16, .box_h = 15, .ofs_x = 0, .ofs_y = -2},
    {.bitmap_index = 55137, .adv_w = 256, .box_w = 16, .box_h = 16, .ofs_x = 0, .ofs_y = -2},
    {.bitmap_index = 55265, .adv_w = 256, .box_w = 16, .box_h = 15, .ofs_x = 0, .ofs_y = -2},
    {.bitmap_index = 55385, .adv_w = 256, .box_w = 16, .box_h = 16, .ofs_x = 0, .ofs_y = -2},
    {.bitmap_index = 55513, .adv_w = 256, .box_w = 16, .box_h = 16, .ofs_x = 0, .ofs_y = -2},
    {.bitmap_index = 55641, .adv_w = 256, .box_w = 16, .box_h = 17, .ofs_x = 0, .ofs_y = -2},
    {.bitmap_index = 55777, .adv_w = 256, .box_w = 16, .box_h = 16, .ofs_x = 0, .ofs_y = -2},
    {.bitmap_index = 55905, .adv_w = 256, .box_w = 16, .box_h = 16, .ofs_x = 0, .ofs_y = -2},
    {.bitmap_index = 56033, .adv_w = 256, .box_w = 16, .box_h = 16, .ofs_x = 0, .ofs_y = -2},
    {.bitmap_index = 56161, .adv_w = 256, .box_w = 16, .box_h = 17, .ofs_x = 0, .ofs_y = -2},
    {.bitmap_index = 56297, .adv_w = 256, .box_w = 16, .box_h = 15, .ofs_x = 0, .ofs_y = -1},
    {.bitmap_index = 56417, .adv_w = 256, .box_w = 16, .box_h = 16, .ofs_x = 0, .ofs_y = -2},
    {.bitmap_index = 56545, .adv_w = 256, .box_w = 16, .box_h = 16, .ofs_x = 0, .ofs_y = -2},
    {.bitmap_index = 56673, .adv_w = 256, .box_w = 16, .box_h = 16, .ofs_x = 0, .ofs_y = -2},
    {.bitmap_index = 56801, .adv_w = 256, .box_w = 16, .box_h = 16, .ofs_x = 0, .ofs_y = -2},
    {.bitmap_index = 56929, .adv_w = 256, .box_w = 16, .box_h = 16, .ofs_x = 0, .ofs_y = -2},
    {.bitmap_index = 57057, .adv_w = 256, .box_w = 16, .box_h = 16, .ofs_x = 0, .ofs_y = -2},
    {.bitmap_index = 57185, .adv_w = 256, .box_w = 16, .box_h = 15, .ofs_x = 0, .ofs_y = -1},
    {.bitmap_index = 57305, .adv_w = 256, .box_w = 15, .box_h = 16, .ofs_x = 0, .ofs_y = -2},
    {.bitmap_index = 57425, .adv_w = 256, .box_w = 16, .box_h = 16, .ofs_x = 0, .ofs_y = -2},
    {.bitmap_index = 57553, .adv_w = 256, .box_w = 16, .box_h = 16, .ofs_x = 0, .ofs_y = -2},
    {.bitmap_index = 57681, .adv_w = 256, .box_w = 16, .box_h = 16, .ofs_x = 0, .ofs_y = -2},
    {.bitmap_index = 57809, .adv_w = 256, .box_w = 16, .box_h = 17, .ofs_x = 0, .ofs_y = -2},
    {.bitmap_index = 57945, .adv_w = 256, .box_w = 16, .box_h = 16, .ofs_x = 0, .ofs_y = -2},
    {.bitmap_index = 58073, .adv_w = 256, .box_w = 16, .box_h = 16, .ofs_x = 0, .ofs_y = -2},
    {.bitmap_index = 58201, .adv_w = 256, .box_w = 16, .box_h = 16, .ofs_x = 0, .ofs_y = -2},
    {.bitmap_index = 58329, .adv_w = 256, .box_w = 16, .box_h = 15, .ofs_x = 0, .ofs_y = -1},
    {.bitmap_index = 58449, .adv_w = 256, .box_w = 16, .box_h = 16, .ofs_x = 0, .ofs_y = -2},
    {.bitmap_index = 58577, .adv_w = 256, .box_w = 16, .box_h = 15, .ofs_x = 0, .ofs_y = -1},
    {.bitmap_index = 58697, .adv_w = 256, .box_w = 16, .box_h = 17, .ofs_x = 0, .ofs_y = -2},
    {.bitmap_index = 58833, .adv_w = 256, .box_w = 16, .box_h = 16, .ofs_x = 0, .ofs_y = -2},
    {.bitmap_index = 58961, .adv_w = 256, .box_w = 16, .box_h = 16, .ofs_x = 0, .ofs_y = -2},
    {.bitmap_index = 59089, .adv_w = 256, .box_w = 16, .box_h = 16, .ofs_x = 0, .ofs_y = -2},
    {.bitmap_index = 59217, .adv_w = 256, .box_w = 16, .box_h = 16, .ofs_x = 0, .ofs_y = -2},
    {.bitmap_index = 59345, .adv_w = 256, .box_w = 16, .box_h = 16, .ofs_x = 0, .ofs_y = -2},
    {.bitmap_index = 59473, .adv_w = 256, .box_w = 16, .box_h = 16, .ofs_x = 0, .ofs_y = -2},
    {.bitmap_index = 59601, .adv_w = 256, .box_w = 16, .box_h = 16, .ofs_x = 0, .ofs_y = -2},
    {.bitmap_index = 59729, .adv_w = 256, .box_w = 16, .box_h = 16, .ofs_x = 0, .ofs_y = -2},
    {.bitmap_index = 59857, .adv_w = 256, .box_w = 16, .box_h = 16, .ofs_x = 0, .ofs_y = -2},
    {.bitmap_index = 59985, .adv_w = 256, .box_w = 16, .box_h = 16, .ofs_x = 0, .ofs_y = -2},
    {.bitmap_index = 60113, .adv_w = 256, .box_w = 16, .box_h = 16, .ofs_x = 0, .ofs_y = -2},
    {.bitmap_index = 60241, .adv_w = 256, .box_w = 16, .box_h = 16, .ofs_x = 0, .ofs_y = -2},
    {.bitmap_index = 60369, .adv_w = 256, .box_w = 16, .box_h = 16, .ofs_x = 0, .ofs_y = -2},
    {.bitmap_index = 60497, .adv_w = 256, .box_w = 16, .box_h = 16, .ofs_x = 0, .ofs_y = -2},
    {.bitmap_index = 60625, .adv_w = 256, .box_w = 16, .box_h = 16, .ofs_x = 0, .ofs_y = -2},
    {.bitmap_index = 60753, .adv_w = 256, .box_w = 16, .box_h = 15, .ofs_x = 0, .ofs_y = -1},
    {.bitmap_index = 60873, .adv_w = 256, .box_w = 16, .box_h = 14, .ofs_x = 0, .ofs_y = -1},
    {.bitmap_index = 60985, .adv_w = 256, .box_w = 16, .box_h = 15, .ofs_x = 0, .ofs_y = -1},
    {.bitmap_index = 61105, .adv_w = 256, .box_w = 16, .box_h = 16, .ofs_x = 0, .ofs_y = -2},
    {.bitmap_index = 61233, .adv_w = 256, .box_w = 16, .box_h = 16, .ofs_x = 0, .ofs_y = -2},
    {.bitmap_index = 61361, .adv_w = 256, .box_w = 16, .box_h = 16, .ofs_x = 0, .ofs_y = -2},
    {.bitmap_index = 61489, .adv_w = 256, .box_w = 16, .box_h = 16, .ofs_x = 0, .ofs_y = -2},
    {.bitmap_index = 61617, .adv_w = 256, .box_w = 15, .box_h = 16, .ofs_x = 1, .ofs_y = -2},
    {.bitmap_index = 61737, .adv_w = 256, .box_w = 14, .box_h = 15, .ofs_x = 1, .ofs_y = -1},
    {.bitmap_index = 61842, .adv_w = 256, .box_w = 14, .box_h = 15, .ofs_x = 1, .ofs_y = -1},
    {.bitmap_index = 61947, .adv_w = 256, .box_w = 14, .box_h = 15, .ofs_x = 1, .ofs_y = -1},
    {.bitmap_index = 62052, .adv_w = 256, .box_w = 15, .box_h = 15, .ofs_x = 1, .ofs_y = -1},
    {.bitmap_index = 62165, .adv_w = 256, .box_w = 15, .box_h = 16, .ofs_x = 1, .ofs_y = -2},
    {.bitmap_index = 62285, .adv_w = 256, .box_w = 15, .box_h = 16, .ofs_x = 1, .ofs_y = -2},
    {.bitmap_index = 62405, .adv_w = 256, .box_w = 15, .box_h = 16, .ofs_x = 1, .ofs_y = -2},
    {.bitmap_index = 62525, .adv_w = 256, .box_w = 15, .box_h = 16, .ofs_x = 1, .ofs_y = -2},
    {.bitmap_index = 62645, .adv_w = 256, .box_w = 15, .box_h = 15, .ofs_x = 1, .ofs_y = -1},
    {.bitmap_index = 62758, .adv_w = 256, .box_w = 16, .box_h = 15, .ofs_x = 0, .ofs_y = -1},
    {.bitmap_index = 62878, .adv_w = 256, .box_w = 16, .box_h = 15, .ofs_x = 0, .ofs_y = -2},
    {.bitmap_index = 62998, .adv_w = 256, .box_w = 16, .box_h = 15, .ofs_x = 0, .ofs_y = -1},
    {.bitmap_index = 63118, .adv_w = 256, .box_w = 16, .box_h = 14, .ofs_x = 0, .ofs_y = -1},
    {.bitmap_index = 63230, .adv_w = 256, .box_w = 16, .box_h = 16, .ofs_x = 0, .ofs_y = -2},
    {.bitmap_index = 63358, .adv_w = 256, .box_w = 16, .box_h = 15, .ofs_x = 0, .ofs_y = -2},
    {.bitmap_index = 63478, .adv_w = 256, .box_w = 16, .box_h = 15, .ofs_x = 0, .ofs_y = -2},
    {.bitmap_index = 63598, .adv_w = 256, .box_w = 16, .box_h = 15, .ofs_x = 0, .ofs_y = -2},
    {.bitmap_index = 63718, .adv_w = 256, .box_w = 16, .box_h = 16, .ofs_x = 0, .ofs_y = -2},
    {.bitmap_index = 63846, .adv_w = 256, .box_w = 16, .box_h = 15, .ofs_x = 0, .ofs_y = -2},
    {.bitmap_index = 63966, .adv_w = 256, .box_w = 16, .box_h = 15, .ofs_x = 0, .ofs_y = -1},
    {.bitmap_index = 64086, .adv_w = 256, .box_w = 16, .box_h = 15, .ofs_x = 0, .ofs_y = -1},
    {.bitmap_index = 64206, .adv_w = 256, .box_w = 16, .box_h = 16, .ofs_x = 0, .ofs_y = -2},
    {.bitmap_index = 64334, .adv_w = 256, .box_w = 16, .box_h = 16, .ofs_x = 0, .ofs_y = -2},
    {.bitmap_index = 64462, .adv_w = 256, .box_w = 16, .box_h = 17, .ofs_x = 0, .ofs_y = -2},
    {.bitmap_index = 64598, .adv_w = 256, .box_w = 16, .box_h = 12, .ofs_x = 0, .ofs_y = 0},
    {.bitmap_index = 64694, .adv_w = 256, .box_w = 16, .box_h = 14, .ofs_x = 0, .ofs_y = -1},
    {.bitmap_index = 64806, .adv_w = 256, .box_w = 16, .box_h = 12, .ofs_x = 0, .ofs_y = 0},
    {.bitmap_index = 64902, .adv_w = 176, .box_w = 11, .box_h = 12, .ofs_x = 0, .ofs_y = 0},
    {.bitmap_index = 64968, .adv_w = 256, .box_w = 16, .box_h = 16, .ofs_x = 0, .ofs_y = -2},
    {.bitmap_index = 65096, .adv_w = 256, .box_w = 16, .box_h = 16, .ofs_x = 0, .ofs_y = -2},
    {.bitmap_index = 65224, .adv_w = 288, .box_w = 18, .box_h = 14, .ofs_x = 0, .ofs_y = -1},
    {.bitmap_index = 65350, .adv_w = 256, .box_w = 16, .box_h = 16, .ofs_x = 0, .ofs_y = -2},
    {.bitmap_index = 65478, .adv_w = 288, .box_w = 18, .box_h = 12, .ofs_x = 0, .ofs_y = 0},
    {.bitmap_index = 65586, .adv_w = 256, .box_w = 16, .box_h = 16, .ofs_x = 0, .ofs_y = -2},
    {.bitmap_index = 65714, .adv_w = 128, .box_w = 8, .box_h = 14, .ofs_x = 0, .ofs_y = -1},
    {.bitmap_index = 65770, .adv_w = 192, .box_w = 12, .box_h = 14, .ofs_x = 0, .ofs_y = -1},
    {.bitmap_index = 65854, .adv_w = 288, .box_w = 18, .box_h = 16, .ofs_x = 0, .ofs_y = -2},
    {.bitmap_index = 65998, .adv_w = 256, .box_w = 16, .box_h = 12, .ofs_x = 0, .ofs_y = 0},
    {.bitmap_index = 66094, .adv_w = 176, .box_w = 11, .box_h = 16, .ofs_x = 0, .ofs_y = -2},
    {.bitmap_index = 66182, .adv_w = 224, .box_w = 10, .box_h = 16, .ofs_x = 2, .ofs_y = -2},
    {.bitmap_index = 66262, .adv_w = 224, .box_w = 14, .box_h = 18, .ofs_x = 0, .ofs_y = -3},
    {.bitmap_index = 66388, .adv_w = 224, .box_w = 14, .box_h = 15, .ofs_x = 0, .ofs_y = -1},
    {.bitmap_index = 66493, .adv_w = 224, .box_w = 14, .box_h = 14, .ofs_x = 0, .ofs_y = -1},
    {.bitmap_index = 66591, .adv_w = 224, .box_w = 10, .box_h = 16, .ofs_x = 2, .ofs_y = -2},
    {.bitmap_index = 66671, .adv_w = 224, .box_w = 16, .box_h = 14, .ofs_x = -1, .ofs_y = -1},
    {.bitmap_index = 66783, .adv_w = 160, .box_w = 10, .box_h = 14, .ofs_x = 0, .ofs_y = -1},
    {.bitmap_index = 66853, .adv_w = 160, .box_w = 10, .box_h = 14, .ofs_x = 0, .ofs_y = -1},
    {.bitmap_index = 66923, .adv_w = 224, .box_w = 14, .box_h = 14, .ofs_x = 0, .ofs_y = -1},
    {.bitmap_index = 67021, .adv_w = 224, .box_w = 14, .box_h = 4, .ofs_x = 0, .ofs_y = 4},
    {.bitmap_index = 67049, .adv_w = 288, .box_w = 18, .box_h = 12, .ofs_x = 0, .ofs_y = 0},
    {.bitmap_index = 67157, .adv_w = 320, .box_w = 20, .box_h = 16, .ofs_x = 0, .ofs_y = -2},
    {.bitmap_index = 67317, .adv_w = 288, .box_w = 20, .box_h = 16, .ofs_x = -1, .ofs_y = -2},
    {.bitmap_index = 67477, .adv_w = 256, .box_w = 16, .box_h = 16, .ofs_x = 0, .ofs_y = -2},
    {.bitmap_index = 67605, .adv_w = 224, .box_w = 14, .box_h = 10, .ofs_x = 0, .ofs_y = 1},
    {.bitmap_index = 67675, .adv_w = 224, .box_w = 14, .box_h = 10, .ofs_x = 0, .ofs_y = 1},
    {.bitmap_index = 67745, .adv_w = 320, .box_w = 20, .box_h = 14, .ofs_x = 0, .ofs_y = -1},
    {.bitmap_index = 67885, .adv_w = 256, .box_w = 16, .box_h = 12, .ofs_x = 0, .ofs_y = 0},
    {.bitmap_index = 67981, .adv_w = 256, .box_w = 16, .box_h = 16, .ofs_x = 0, .ofs_y = -2},
    {.bitmap_index = 68109, .adv_w = 256, .box_w = 17, .box_h = 17, .ofs_x = -1, .ofs_y = -2},
    {.bitmap_index = 68254, .adv_w = 224, .box_w = 15, .box_h = 14, .ofs_x = 0, .ofs_y = -1},
    {.bitmap_index = 68359, .adv_w = 224, .box_w = 14, .box_h = 16, .ofs_x = 0, .ofs_y = -2},
    {.bitmap_index = 68471, .adv_w = 224, .box_w = 14, .box_h = 14, .ofs_x = 0, .ofs_y = -1},
    {.bitmap_index = 68569, .adv_w = 224, .box_w = 14, .box_h = 14, .ofs_x = 0, .ofs_y = -1},
    {.bitmap_index = 68667, .adv_w = 256, .box_w = 16, .box_h = 12, .ofs_x = 0, .ofs_y = 0},
    {.bitmap_index = 68763, .adv_w = 160, .box_w = 12, .box_h = 16, .ofs_x = -1, .ofs_y = -2},
    {.bitmap_index = 68859, .adv_w = 224, .box_w = 14, .box_h = 16, .ofs_x = 0, .ofs_y = -2},
    {.bitmap_index = 68971, .adv_w = 224, .box_w = 14, .box_h = 16, .ofs_x = 0, .ofs_y = -2},
    {.bitmap_index = 69083, .adv_w = 288, .box_w = 18, .box_h = 12, .ofs_x = 0, .ofs_y = 0},
    {.bitmap_index = 69191, .adv_w = 256, .box_w = 18, .box_h = 18, .ofs_x = -1, .ofs_y = -3},
    {.bitmap_index = 69353, .adv_w = 192, .box_w = 12, .box_h = 16, .ofs_x = 0, .ofs_y = -2},
    {.bitmap_index = 69449, .adv_w = 320, .box_w = 20, .box_h = 15, .ofs_x = 0, .ofs_y = -1},
    {.bitmap_index = 69599, .adv_w = 320, .box_w = 20, .box_h = 10, .ofs_x = 0, .ofs_y = 1},
    {.bitmap_index = 69699, .adv_w = 320, .box_w = 20, .box_h = 10, .ofs_x = 0, .ofs_y = 1},
    {.bitmap_index = 69799, .adv_w = 320, .box_w = 20, .box_h = 10, .ofs_x = 0, .ofs_y = 1},
    {.bitmap_index = 69899, .adv_w = 320, .box_w = 20, .box_h = 10, .ofs_x = 0, .ofs_y = 1},
    {.bitmap_index = 69999, .adv_w = 320, .box_w = 20, .box_h = 10, .ofs_x = 0, .ofs_y = 1},
    {.bitmap_index = 70099, .adv_w = 320, .box_w = 21, .box_h = 14, .ofs_x = 0, .ofs_y = -1},
    {.bitmap_index = 70246, .adv_w = 224, .box_w = 12, .box_h = 16, .ofs_x = 1, .ofs_y = -2},
    {.bitmap_index = 70342, .adv_w = 224, .box_w = 14, .box_h = 16, .ofs_x = 0, .ofs_y = -2},
    {.bitmap_index = 70454, .adv_w = 256, .box_w = 17, .box_h = 17, .ofs_x = -1, .ofs_y = -3},
    {.bitmap_index = 70599, .adv_w = 320, .box_w = 20, .box_h = 12, .ofs_x = 0, .ofs_y = 0},
    {.bitmap_index = 70719, .adv_w = 192, .box_w = 12, .box_h = 16, .ofs_x = 0, .ofs_y = -2},
    {.bitmap_index = 70815, .adv_w = 258, .box_w = 17, .box_h = 11, .ofs_x = 0, .ofs_y = 1},
    {.bitmap_index = 70909, .adv_w = 256, .box_w = 5, .box_h = 7, .ofs_x = 2, .ofs_y = -3},
    {.bitmap_index = 70927, .adv_w = 256, .box_w = 4, .box_h = 12, .ofs_x = 2, .ofs_y = -1},
    {.bitmap_index = 70951, .adv_w = 256, .box_w = 8, .box_h = 14, .ofs_x = 0, .ofs_y = -1}
};

/*---------------------
 *  CHARACTER MAPPING
 *--------------------*/

static const uint16_t unicode_list_1[] = {
    0x0, 0x9, 0x10, 0x11, 0x12, 0x339, 0x33a, 0x33b,
    0x33c, 0x33d, 0x33e, 0x340, 0x341, 0x344, 0x346, 0x347,
    0x348, 0x349, 0x34a, 0x34b, 0x34c, 0x34f, 0x351
};

static const uint16_t unicode_list_3[] = {
    0x0, 0x1, 0x2, 0x3, 0x4, 0x6, 0x7, 0x9,
    0xa, 0xc, 0x20bb, 0x20bd, 0x20cf, 0x20d7, 0x2bbc, 0x2bbd,
    0x2bfd, 0x2bff, 0x2c01, 0x2c07, 0x2c08, 0x2c0a, 0x2c0e, 0x2c10,
    0x2c12, 0x2c14, 0x2c16, 0x2c1a, 0x2c1b, 0x2c1c, 0x2c21, 0x2c22,
    0x2c26, 0x2c29, 0x2c2a, 0x2c39, 0x2c3a, 0x2c3c, 0x2c45, 0x2c46,
    0x2c47, 0x2c4d, 0x2c4e, 0x2c5d, 0x2c5f, 0x2c65, 0x2c66, 0x2c68,
    0x2c6a, 0x2c70, 0x2c73, 0x2c74, 0x2c76, 0x2c7a, 0x2c7b, 0x2c7e,
    0x2c81, 0x2c82, 0x2c83, 0x2c84, 0x2c88, 0x2c89, 0x2c8b, 0x2c8c,
    0x2c90, 0x2c92, 0x2c95, 0x2c99, 0x2c9d, 0x2c9e, 0x2ca4, 0x2ca6,
    0x2ca7, 0x2ca8, 0x2caa, 0x2cae, 0x2cb7, 0x49bb, 0x49c4, 0x49c5,
    0x49c6, 0x49c8, 0x49c9, 0x49ce, 0x49e5, 0x49e8, 0x49f5, 0x49f6,
    0x4a03, 0x4a1a, 0x4a21, 0x4a41, 0x4a43, 0x4a46, 0x4a49, 0x4a4d,
    0x4a56, 0x4a5f, 0x4a62, 0x4a69, 0x4a75, 0x4a7b, 0x4a85, 0x4a8e,
    0x4aa0, 0x4aa7, 0x4ab1, 0x4ab6, 0x4ab8, 0x4ad3, 0x4adb, 0x4ae5,
    0x4b01, 0x4b08, 0x4b17, 0x4b1b, 0x4b3a, 0x4b56, 0x4b58, 0x4b7a,
    0x4b98, 0x4b9c, 0x4ba9, 0x4c15, 0x4c63, 0x4c8a, 0x4d03, 0x4d06,
    0x4d08, 0x4d20, 0x4d23, 0x4d2e, 0x4d32, 0x4d40, 0x4d54, 0x4d6d,
    0x4d6e, 0x4db5, 0x4db6, 0x4dc1, 0x4dc2, 0x4dcd, 0x4dd2, 0x4de6,
    0x4deb, 0x4df6, 0x4e08, 0x4e56, 0x4e5a, 0x4e5b, 0x4e5c, 0x4e63,
    0x4e74, 0x4ec0, 0x4ed1, 0x4ef5, 0x4f10, 0x4f1b, 0x4f1c, 0x4f41,
    0x4f46, 0x4f76, 0x4f7d, 0x4f8c, 0x4f91, 0x4f93, 0x4f9e, 0x4fa5,
    0x4faa, 0x4fb2, 0x4fbf, 0x4fc7, 0x4fc8, 0x4fc9, 0x4fcc, 0x4fe6,
    0x4fea, 0x5047, 0x507c, 0x513f, 0x5223, 0x5296, 0x5299, 0x52b9,
    0x52e3, 0x52eb, 0x530b, 0x5312, 0x5346, 0x539a, 0x5459, 0x5463,
    0x54c2, 0x54c4, 0x54c8, 0x54d1, 0x54d5, 0x54e2, 0x54e4, 0x5512,
    0x5586, 0x570b, 0x5712, 0x5713, 0x573e, 0x5744, 0x5747, 0x5755,
    0x5759, 0x5774, 0x5778, 0x5781, 0x57b4, 0x57b7, 0x57c1, 0x57fd,
    0x580a, 0x5810, 0x5907, 0x59a0, 0x59ad, 0x59be, 0x5a4e, 0x5a50,
    0x5a61, 0x5ab5, 0x5abb, 0x5aca, 0x5adb, 0x5af4, 0x5af5, 0x5b0e,
    0x5b10, 0x5b1d, 0x5b43, 0x5b69, 0x5ba6, 0x5bb0, 0x5bbc, 0x5bc9,
    0x5be2, 0x5bf6, 0x5c2a, 0x5cae, 0x5cda, 0x5d1d, 0x5dcb, 0x5dcc,
    0x5dd1, 0x5df2, 0x5dfb, 0x5e06, 0x5e22, 0x5e24, 0x5e45, 0x5e60,
    0x5e9a, 0x5ea4, 0x5ea7, 0x5ebc, 0x5ec4, 0x5f1d, 0x5f29, 0x5f4d,
    0x5f60, 0x5f8b, 0x5fd7, 0x60a1, 0x60ea, 0x60f1, 0x60f4, 0x60f9,
    0x612b, 0x612f, 0x6142, 0x6154, 0x6168, 0x616b, 0x6174, 0x61a0,
    0x61b1, 0x61ea, 0x61f9, 0x622a, 0x6235, 0x6252, 0x62af, 0x62b3,
    0x62bb, 0x62c3, 0x62c4, 0x62c8, 0x62da, 0x62e5, 0x62e7, 0x631c,
    0x632a, 0x633a, 0x633f, 0x634b, 0x6357, 0x63c2, 0x63ca, 0x63f2,
    0x63f4, 0x63f7, 0x6401, 0x6403, 0x6407, 0x641e, 0x64d7, 0x65dc,
    0x65e5, 0x661c, 0x671e, 0x671f, 0x6720, 0x6746, 0x6770, 0x678a,
    0x678f, 0x67cf, 0x67ef, 0x685c, 0x6890, 0x68a3, 0x6943, 0x69ac,
    0x69b6, 0x69c0, 0x69c3, 0x6a3b, 0x6a9c, 0x6c30, 0x6c74, 0x6cdc,
    0x6ce1, 0x6cf1, 0x6e02, 0x6e14, 0x6e71, 0x6ea7, 0x6f64, 0x6fc1,
    0x70da, 0x70e3, 0x70ec, 0x70f0, 0x70f6, 0x7107, 0x7114, 0x7120,
    0x7238, 0x723f, 0x7269, 0x72a9, 0x72af, 0x72b3, 0x72da, 0x72f7,
    0x73a0, 0x73bc, 0x7400, 0x7427, 0x7449, 0x74f5, 0x7588, 0x75ab,
    0x75b6, 0x75c6, 0x75ee, 0x7635, 0x7686, 0x7691, 0x76aa, 0x76cf,
    0x76f5, 0x7704, 0x775c, 0x7836, 0x7844, 0x7852, 0x78b6, 0x78d4,
    0x78dd, 0x78e6, 0x790b, 0x7955, 0x7995, 0x7a73, 0x7a7a, 0x7a81,
    0x7a83, 0x7a8e, 0x7a97, 0x7a9a, 0x7aa2, 0x7aa8, 0x7aba, 0x7ace,
    0x7b0c, 0x7b29, 0x7bbe, 0x7c0f, 0x7c15, 0x7c87, 0x7cb8, 0x7de5,
    0x7e2d, 0x7e3d, 0x7e6c, 0x8098, 0x818a, 0x820c, 0x8407, 0x8423,
    0x853c, 0x856e, 0x857d, 0x857f, 0x859e, 0x85a1, 0x85bb, 0x85d3,
    0x8659, 0x8732, 0x875c, 0x8769, 0x876b, 0x8779, 0x877a, 0x8781,
    0x87a8, 0x87b2, 0x87be, 0x88da, 0x88de, 0x88ff, 0x8911, 0x8932,
    0x89aa, 0x8b27, 0x8b36, 0x8b38, 0x8b4e, 0x8b74, 0x8b7c, 0x8b82,
    0x8b8b, 0x8b8c, 0x8b8f, 0x8b93, 0x8b96, 0x8b99, 0x8bc4, 0x8bd5,
    0x8bda, 0x8c0e, 0x8c3a, 0x8ca3, 0x8cb8, 0x8d82, 0x8d8a, 0x8eed,
    0x9043, 0x9069, 0x90b9, 0x90d4, 0x913a, 0x91a8, 0x91a9, 0x91af,
    0x91f0, 0x91f1, 0x91ff, 0x920b, 0x921f, 0x924b, 0x9281, 0x92bb,
    0x930d, 0x931d, 0x93ae, 0x9430, 0x9434, 0x9453, 0x9457, 0x9489,
    0x9551, 0x9693, 0x9a61, 0x9a7f, 0xebbc, 0xebc3, 0xebc6, 0xebc7,
    0xebc8, 0xebcc, 0xebce, 0xebd0, 0xebd4, 0xebd7, 0xebdc, 0xebe1,
    0xebe2, 0xebe3, 0xebf9, 0xebfe, 0xec03, 0xec06, 0xec07, 0xec08,
    0xec0c, 0xec0d, 0xec0e, 0xec0f, 0xec22, 0xec23, 0xec29, 0xec2b,
    0xec2c, 0xec2f, 0xec32, 0xec33, 0xec34, 0xec36, 0xec4e, 0xec50,
    0xec7f, 0xec80, 0xec82, 0xec84, 0xec9b, 0xeca2, 0xeca5, 0xecae,
    0xecd7, 0xecdf, 0xed16, 0xeda6, 0xedfb, 0xedfc, 0xedfd, 0xedfe,
    0xedff, 0xee42, 0xee4e, 0xeea8, 0xeebf, 0xf115, 0xf37d, 0xf45d,
    0xfac7, 0xfad5, 0xfada
};

/*Collect the unicode lists and glyph_id offsets*/
static const lv_font_fmt_txt_cmap_t cmaps[] =
{
    {
        .range_start = 32, .range_length = 95, .glyph_id_start = 1,
        .unicode_list = NULL, .glyph_id_ofs_list = NULL, .list_length = 0, .type = LV_FONT_FMT_TXT_CMAP_FORMAT0_TINY
    },
    {
        .range_start = 215, .range_length = 850, .glyph_id_start = 96,
        .unicode_list = unicode_list_1, .glyph_id_ofs_list = NULL, .list_length = 23, .type = LV_FONT_FMT_TXT_CMAP_SPARSE_TINY
    },
    {
        .range_start = 1071, .range_length = 21, .glyph_id_start = 119,
        .unicode_list = NULL, .glyph_id_ofs_list = NULL, .list_length = 0, .type = LV_FONT_FMT_TXT_CMAP_FORMAT0_TINY
    },
    {
        .range_start = 1093, .range_length = 64219, .glyph_id_start = 140,
        .unicode_list = unicode_list_3, .glyph_id_ofs_list = NULL, .list_length = 555, .type = LV_FONT_FMT_TXT_CMAP_SPARSE_TINY
    }
};

/*-----------------
 *    KERNING
 *----------------*/


/*Map glyph_ids to kern left classes*/
static const uint8_t kern_left_class_mapping[] =
{
    0, 0, 0, 1, 0, 0, 0, 0,
    1, 2, 0, 0, 0, 3, 4, 3,
    5, 0, 0, 0, 0, 0, 0, 0,
    0, 0, 0, 6, 6, 0, 0, 0,
    0, 0, 7, 8, 9, 10, 11, 12,
    13, 0, 0, 14, 15, 16, 0, 0,
    10, 17, 10, 18, 19, 20, 21, 22,
    23, 24, 25, 26, 2, 27, 0, 0,
    0, 0, 28, 29, 30, 0, 31, 32,
    33, 34, 0, 0, 35, 36, 34, 34,
    29, 29, 37, 38, 39, 40, 37, 41,
    42, 43, 44, 45, 2, 0, 0, 0,
    0, 28, 30, 31, 31, 46, 47, 47,
    48, 49, 50, 47, 0, 0, 0, 51,
    0, 52, 53, 54, 55, 49, 0, 0,
    56, 57, 58, 59, 60, 61, 62, 58,
    63, 63, 62, 63, 63, 63, 64, 63,
    64, 65, 66, 67, 68, 60, 63, 63,
    60, 63, 69, 64, 63, 61, 0, 0,
    0, 0, 0, 0, 70, 71, 72, 73,
    74, 75, 76, 0, 77, 78, 0, 79,
    80, 0, 81, 82, 83, 84, 85, 86,
    87, 88, 89, 90, 91, 0, 92, 93,
    94, 95, 96, 97, 98, 99, 100, 101,
    0, 102, 103, 104, 105, 106, 107, 108,
    0, 109, 110, 111, 112, 106, 0, 113,
    0, 114, 115, 116, 0, 0, 117, 118,
    119, 0, 0, 0, 0, 0, 0, 0,
    0, 0, 0, 0, 0, 0, 0, 0,
    0, 0, 0, 0, 0, 0, 0, 0,
    0, 0, 0, 0, 0, 0, 0, 0,
    0, 0, 0, 0, 0, 0, 0, 0,
    0, 0, 0, 0, 0, 0, 0, 0,
    0, 0, 0, 0, 0, 0, 0, 0,
    0, 0, 0, 0, 0, 0, 0, 0,
    0, 0, 0, 0, 0, 0, 0, 0,
    0, 0, 0, 0, 0, 0, 0, 0,
    0, 0, 0, 0, 0, 0, 0, 0,
    0, 0, 0, 0, 0, 0, 0, 0,
    0, 0, 0, 0, 0, 0, 0, 0,
    0, 0, 0, 0, 0, 0, 0, 0,
    0, 0, 0, 0, 0, 0, 0, 0,
    0, 0, 0, 0, 0, 0, 0, 0,
    0, 0, 0, 0, 0, 0, 0, 0,
    0, 0, 0, 0, 0, 0, 0, 0,
    0, 0, 0, 0, 0, 0, 0, 0,
    0, 0, 0, 0, 0, 0, 0, 0,
    0, 0, 0, 0, 0, 0, 0, 0,
    0, 0, 0, 0, 0, 0, 0, 0,
    0, 0, 0, 0, 0, 0, 0, 0,
    0, 0, 0, 0, 0, 0, 0, 0,
    0, 0, 0, 0, 0, 0, 0, 0,
    0, 0, 0, 0, 0, 0, 0, 0,
    0, 0, 0, 0, 0, 0, 0, 0,
    0, 0, 0, 0, 0, 0, 0, 0,
    0, 0, 0, 0, 0, 0, 0, 0,
    0, 0, 0, 0, 0, 0, 0, 0,
    0, 0, 0, 0, 0, 0, 0, 0,
    0, 0, 0, 0, 0, 0, 0, 0,
    0, 0, 0, 0, 0, 0, 0, 0,
    0, 0, 0, 0, 0, 0, 0, 0,
    0, 0, 0, 0, 0, 0, 0, 0,
    0, 0, 0, 0, 0, 0, 0, 0,
    0, 0, 0, 0, 0, 0, 0, 0,
    0, 0, 0, 0, 0, 0, 0, 0,
    0, 0, 0, 0, 0, 0, 0, 0,
    0, 0, 0, 0, 0, 0, 0, 0,
    0, 0, 0, 0, 0, 0, 0, 0,
    0, 0, 0, 0, 0, 0, 0, 0,
    0, 0, 0, 0, 0, 0, 0, 0,
    0, 0, 0, 0, 0, 0, 0, 0,
    0, 0, 0, 0, 0, 0, 0, 0,
    0, 0, 0, 0, 0, 0, 0, 0,
    0, 0, 0, 0, 0, 0, 0, 0,
    0, 0, 0, 0, 0, 0, 0, 0,
    0, 0, 0, 0, 0, 0, 0, 0,
    0, 0, 0, 0, 0, 0, 0, 0,
    0, 0, 0, 0, 0, 0, 0, 0,
    0, 0, 0, 0, 0, 0, 0, 0,
    0, 0, 0, 0, 0, 0, 0, 0,
    0, 0, 0, 0, 0, 0, 0, 0,
    0, 0, 0, 0, 0, 0, 0, 0,
    0, 0, 0, 0, 0, 0, 0, 0,
    0, 0, 0, 0, 0, 0, 0, 0,
    0, 0, 0, 0, 0, 0, 0, 0,
    0, 0, 0, 0, 0, 0, 0, 0,
    0, 0, 0, 0, 0, 0, 0
};

/*Map glyph_ids to kern right classes*/
static const uint8_t kern_right_class_mapping[] =
{
    0, 0, 1, 2, 0, 0, 0, 0,
    2, 0, 3, 4, 0, 5, 6, 7,
    8, 0, 0, 0, 0, 0, 0, 0,
    0, 0, 0, 9, 10, 0, 0, 0,
    11, 0, 12, 0, 13, 0, 0, 0,
    13, 0, 0, 14, 0, 0, 0, 0,
    13, 0, 13, 0, 15, 16, 17, 18,
    19, 20, 21, 22, 0, 23, 3, 0,
    0, 0, 24, 0, 25, 25, 25, 26,
    27, 0, 28, 29, 0, 0, 30, 30,
    25, 30, 25, 30, 31, 32, 33, 34,
    35, 36, 37, 38, 0, 0, 3, 0,
    0, 24, 25, 25, 25, 39, 40, 40,
    40, 41, 40, 42, 40, 43, 40, 44,
    40, 40, 44, 45, 46, 40, 40, 47,
    48, 49, 50, 50, 51, 52, 53, 54,
    50, 50, 50, 55, 50, 50, 52, 50,
    56, 52, 57, 58, 59, 50, 60, 50,
    50, 50, 50, 50, 61, 52, 0, 0,
    0, 0, 62, 63, 64, 0, 65, 66,
    67, 68, 66, 66, 0, 69, 70, 71,
    71, 0, 72, 72, 0, 0, 73, 74,
    75, 0, 0, 65, 0, 73, 0, 76,
    77, 0, 78, 0, 79, 80, 81, 82,
    83, 84, 85, 86, 87, 0, 88, 88,
    89, 90, 91, 92, 93, 94, 95, 96,
    0, 97, 0, 98, 0, 0, 0, 99,
    100, 0, 0, 0, 0, 0, 0, 0,
    0, 0, 0, 0, 0, 0, 0, 0,
    0, 0, 0, 0, 0, 0, 0, 0,
    0, 0, 0, 0, 0, 0, 0, 0,
    0, 0, 0, 0, 0, 0, 0, 0,
    0, 0, 0, 0, 0, 0, 0, 0,
    0, 0, 0, 0, 0, 0, 0, 0,
    0, 0, 0, 0, 0, 0, 0, 0,
    0, 0, 0, 0, 0, 0, 0, 0,
    0, 0, 0, 0, 0, 0, 0, 0,
    0, 0, 0, 0, 0, 0, 0, 0,
    0, 0, 0, 0, 0, 0, 0, 0,
    0, 0, 0, 0, 0, 0, 0, 0,
    0, 0, 0, 0, 0, 0, 0, 0,
    0, 0, 0, 0, 0, 0, 0, 0,
    0, 0, 0, 0, 0, 0, 0, 0,
    0, 0, 0, 0, 0, 0, 0, 0,
    0, 0, 0, 0, 0, 0, 0, 0,
    0, 0, 0, 0, 0, 0, 0, 0,
    0, 0, 0, 0, 0, 0, 0, 0,
    0, 0, 0, 0, 0, 0, 0, 0,
    0, 0, 0, 0, 0, 0, 0, 0,
    0, 0, 0, 0, 0, 0, 0, 0,
    0, 0, 0, 0, 0, 0, 0, 0,
    0, 0, 0, 0, 0, 0, 0, 0,
    0, 0, 0, 0, 0, 0, 0, 0,
    0, 0, 0, 0, 0, 0, 0, 0,
    0, 0, 0, 0, 0, 0, 0, 0,
    0, 0, 0, 0, 0, 0, 0, 0,
    0, 0, 0, 0, 0, 0, 0, 0,
    0, 0, 0, 0, 0, 0, 0, 0,
    0, 0, 0, 0, 0, 0, 0, 0,
    0, 0, 0, 0, 0, 0, 0, 0,
    0, 0, 0, 0, 0, 0, 0, 0,
    0, 0, 0, 0, 0, 0, 0, 0,
    0, 0, 0, 0, 0, 0, 0, 0,
    0, 0, 0, 0, 0, 0, 0, 0,
    0, 0, 0, 0, 0, 0, 0, 0,
    0, 0, 0, 0, 0, 0, 0, 0,
    0, 0, 0, 0, 0, 0, 0, 0,
    0, 0, 0, 0, 0, 0, 0, 0,
    0, 0, 0, 0, 0, 0, 0, 0,
    0, 0, 0, 0, 0, 0, 0, 0,
    0, 0, 0, 0, 0, 0, 0, 0,
    0, 0, 0, 0, 0, 0, 0, 0,
    0, 0, 0, 0, 0, 0, 0, 0,
    0, 0, 0, 0, 0, 0, 0, 0,
    0, 0, 0, 0, 0, 0, 0, 0,
    0, 0, 0, 0, 0, 0, 0, 0,
    0, 0, 0, 0, 0, 0, 0, 0,
    0, 0, 0, 0, 0, 0, 0, 0,
    0, 0, 0, 0, 0, 0, 0, 0,
    0, 0, 0, 0, 0, 0, 0, 0,
    0, 0, 0, 0, 0, 0, 0, 0,
    0, 0, 0, 0, 0, 0, 0, 0,
    0, 0, 0, 0, 0, 0, 0, 0,
    0, 0, 0, 0, 0, 0, 0, 0,
    0, 0, 0, 0, 0, 0, 0, 0,
    0, 0, 0, 0, 0, 0, 0, 0,
    0, 0, 0, 0, 101, 0, 0
};

/*Kern values between classes*/
static const int8_t kern_class_values[] =
{
    0, 0, 0, 0, -38, 0, -38, 0,
    0, 0, 0, -20, 0, -32, -4, 0,
    0, 0, 0, -4, 0, 0, 0, 0,
    -8, 0, 0, 0, 0, 0, -7, 0,
    0, 0, 0, 0, 0, 0, -20, 0,
    -25, 0, -28, 0, 0, -1, 0, 0,
    0, 0, -13, -8, 0, 0, -17, 0,
    0, 0, 0, 0, -9, 0, 0, 0,
    0, 0, 0, 0, 0, 0, 0, 0,
    0, 0, 0, 0, 0, 0, 0, 0,
    0, 0, 0, 0, 0, 0, 0, 0,
    0, 0, 0, 0, 0, 0, 0, 0,
    0, 0, 0, 0, 0, 0, 0, 0,
    0, 0, 0, 0, 0, 0, 0, 0,
    0, 0, -7, 0, 0, 0, 0, 0,
    0, 0, 0, 0, 0, 0, 0, 0,
    0, 22, 0, 0, 0, 0, 0, 0,
    0, 0, 0, 0, 0, 4, 0, 0,
    0, 0, 1, 0, 0, 0, 0, 4,
    0, 0, 0, 0, 0, 0, 0, 0,
    0, 0, 0, 0, 0, 0, 0, 0,
    0, 0, 0, 0, 0, 0, 0, 0,
    0, 0, 0, 0, 0, 0, 0, 0,
    0, 0, 0, 0, 0, 0, 0, 0,
    0, 0, 0, 0, 0, 0, 0, 0,
    0, 0, 0, -34, 0, -46, 0, 0,
    0, 0, 0, 0, 0, 0, 0, 0,
    0, -30, -8, -22, -12, 0, -31, 0,
    0, 0, -5, 0, 0, 0, 8, 0,
    0, -18, 0, -16, -10, 0, -7, 0,
    0, 0, 10, 0, 10, 0, -30, -7,
    0, 0, 0, 0, 10, -5, 0, 0,
    7, 0, -18, -7, 0, -14, 0, 0,
    0, 0, 0, 0, 0, 0, 0, 0,
    0, 0, 0, 0, 0, 0, 0, 0,
    0, 0, 0, 0, 0, 0, 0, 0,
    0, 0, 0, 0, 0, 0, 0, 0,
    0, 0, 0, 0, 0, 0, 0, 0,
    0, 0, 0, 0, 0, 0, 0, 0,
    0, 0, 0, 0, -7, -8, -17, 0,
    -7, -4, -11, -22, -7, 0, 0, 0,
    0, 0, 0, 0, 0, 0, -8, 0,
    -5, 0, -6, 0, 0, 0, 0, -8,
    -7, -8, 0, -17, -11, -9, 0, 0,
    0, -4, 0, -9, -10, -4, 0, -8,
    0, -6, 0, -4, 0, 0, 0, 0,
    0, 0, 0, 0, 0, 0, 0, 0,
    0, 0, 0, 0, 0, 0, 0, 0,
    0, 0, 0, 0, 0, 0, 0, 0,
    0, 0, 0, 0, 0, 0, 0, 0,
    0, 0, 0, 0, 0, 0, 0, 0,
    0, 0, 0, 0, 0, 0, 0, -13,
    -4, -25, 0, 0, 0, 0, 0, 0,
    0, 0, 0, -9, -8, 0, -4, 3,
    3, 0, 0, -1, -7, 0, 0, 0,
    0, 0, -13, 0, 0, 0, 0, -4,
    0, 0, 0, -9, 0, 0, 0, -8,
    0, 0, 0, 0, -1, 0, 0, 0,
    0, 0, 0, 0, 0, 0, 0, 0,
    0, 0, 0, 0, 0, 0, 0, 0,
    0, 0, 0, 0, 0, 0, 0, 0,
    0, 0, 0, 0, 0, 0, 0, 0,
    0, 0, 0, 0, 0, 0, 0, 0,
    0, 0, 0, 0, -12, 0, 0, 0,
    0, 0, 0, 0, 0, 0, 0, 0,
    0, 0, 0, 0, 0, -11, 0, 0,
    0, 0, 0, 0, 0, 0, 0, 0,
    0, 0, 0, 0, 0, 0, 0, 0,
    0, 10, 0, 6, 0, 0, 0, 0,
    0, 0, 0, 7, 0, 0, 0, 7,
    0, 0, 0, 0, 0, 0, 0, 0,
    0, 0, 0, 0, 0, 0, 0, 0,
    0, 0, 0, 0, 0, 0, 0, 0,
    0, 0, 0, 0, 0, 0, 0, 0,
    0, 0, 0, 0, 0, 0, 0, 0,
    0, 0, 0, 0, 0, 0, 0, -20,
    0, -27, 0, 0, 0, 0, 0, 0,
    -11, -2, -4, 0, 0, -20, -5, -6,
    0, -2, -6, -2, -13, 4, 0, -4,
    0, 0, 0, 0, 4, -6, -2, -5,
    -3, -3, -5, 0, 0, 0, 0, 0,
    0, 0, 0, 0, 0, 0, 0, 0,
    0, 0, 0, 0, 0, 0, 0, 0,
    0, 0, 0, 0, 0, 0, 0, 0,
    0, 0, 0, 0, 0, 0, 0, 0,
    0, 0, 0, 0, 0, 0, 0, 0,
    0, 0, 0, 0, 0, 0, 0, 0,
    0, 0, 0, 0, 0, 0, 0, 0,
    0, 0, 0, 0, 0, 0, -10, 0,
    0, 0, 0, 0, 0, 0, 0, 0,
    -6, -6, -9, 0, -4, -3, -3, -6,
    -3, 0, 0, 0, 0, 0, 0, 0,
    0, 0, -4, 0, -6, -4, -4, -6,
    0, 0, 0, 0, 0, 0, 0, 0,
    0, 0, 0, 0, 0, 0, 0, 0,
    0, 0, 0, 0, 0, 0, 0, 0,
    0, 0, 0, 0, 0, 0, 0, 0,
    0, 0, 0, 0, 0, 0, 0, 0,
    0, 0, 0, 0, 0, 0, 0, 0,
    0, 0, 0, 0, 0, 0, 0, 0,
    0, 0, 0, 0, 0, 0, 0, 0,
    0, 0, 0, 0, 0, -11, 0, 0,
    0, 0, 0, 0, -11, -4, -9, -5,
    -6, -3, -3, -3, -5, -4, 0, 0,
    0, 0, -7, 0, 0, 0, 0, -11,
    -4, -6, -4, 0, -6, 0, 0, 0,
    0, 0, 0, 0, 0, 0, 0, 0,
    0, 0, 0, 0, 0, 0, 0, 0,
    0, 0, 0, 0, 0, 0, 0, 0,
    0, 0, 0, 0, 0, 0, 0, 0,
    0, 0, 0, 0, 0, 0, 0, 0,
    0, 0, 0, 0, 0, 0, 0, 0,
    0, 0, 0, 0, 0, 0, 0, 0,
    0, 0, 0, 0, 0, 0, 0, 0,
    -9, 0, 0, 0, -5, 0, 0, 0,
    -4, 0, -15, 0, -9, 0, -4, -2,
    -8, -7, -7, 0, 0, 0, 0, 0,
    0, 0, 0, 0, 0, 0, 0, 0,
    -6, 0, -5, 0, 0, 0, 0, 0,
    0, 0, 0, 0, 0, 0, 0, 0,
    0, 0, 0, 0, 0, 0, 0, 0,
    0, 0, 0, 0, 0, 0, 0, 0,
    0, 0, 0, 0, 0, 0, 0, 0,
    0, 0, 0, 0, 0, 0, 0, 0,
    0, 0, 0, 0, 0, 0, 0, 0,
    0, 0, 0, 0, 0, 0, 0, 0,
    0, 0, 0, 0, 0, 0, 0, 0,
    0, 0, 0, 0, 0, 0, 0, 0,
    0, 0, 0, 0, 0, 0, 0, 0,
    0, 0, -4, 0, 0, 0, 0, 0,
    0, -9, 0, -4, 0, -13, -4, 0,
    0, 0, 0, 0, 0, 0, 0, 0,
    0, 0, 0, 0, 0, 0, 0, 0,
    0, 0, 0, 0, 0, 0, 0, 0,
    0, 0, 0, 0, 0, 0, 0, 0,
    0, 0, 0, 0, 0, 0, 0, 0,
    0, 0, 0, 0, 0, 0, 0, 0,
    0, 0, 0, 0, 0, 0, 0, 0,
    0, 0, 0, 0, 0, 0, 0, 0,
    0, 0, 0, -26, 0, -26, -18, 0,
    0, 0, -13, -4, -41, -8, 0, 0,
    -2, -2, -9, -4, -10, 0, -12, -6,
    0, -9, 0, 0, -7, -8, -4, -6,
    -10, -8, -11, -8, -14, 0, 0, 0,
    0, 0, 0, 0, 0, 0, 0, 0,
    0, 0, 0, 0, 0, 0, 0, 0,
    0, 0, 0, 0, 0, 0, 0, 0,
    0, 0, 0, 0, 0, 0, 0, 0,
    0, 0, 0, 0, 0, 0, 0, 0,
    0, 0, 0, 0, 0, 0, 0, 0,
    0, 0, 0, 0, 0, 0, 0, 0,
    0, 0, 0, 0, 0, 0, 0, -8,
    0, 0, 0, 0, 0, 0, 0, -3,
    0, 0, 0, -7, 0, -6, -3, 0,
    0, 0, 0, 0, 0, 0, 0, 0,
    0, 0, 0, 0, 0, 0, 0, 0,
    0, 0, 0, 0, 0, 0, 0, 0,
    0, 0, 0, 0, 0, 0, 0, 0,
    0, 0, 0, 0, 0, 0, 0, 0,
    0, 0, 0, 0, 0, 0, 0, 0,
    0, 0, 0, 0, 0, 0, 0, 0,
    0, 0, 0, 0, 0, 0, 0, 0,
    0, 0, 0, 0, 0, 0, 0, 0,
    0, 0, 0, 0, 0, 0, 0, 0,
    0, 0, 0, 0, 0, -9, 0, -9,
    0, 0, 0, 0, 0, 0, -13, 0,
    0, 0, 0, 0, 0, 0, 0, 0,
    0, 0, 0, 0, 0, 0, 0, 0,
    0, 0, 0, 0, 0, 0, 0, 0,
    0, 0, 0, 0, 0, 0, 0, 0,
    0, 0, 0, 0, 0, 0, 0, 0,
    0, 0, 0, 0, 0, 0, 0, 0,
    0, 0, 0, 0, 0, 0, 0, 0,
    0, 0, 0, 0, 0, 0, 0, 0,
    0, 0, 0, 0, 0, 0, 0, 0,
    0, 0, 0, 0, 0, 0, 0, 0,
    0, 0, 0, 0, 0, 0, 0, -10,
    0, -13, 0, -14, 0, 0, 0, 0,
    -5, -4, -8, 0, -6, -8, -6, -6,
    -4, 0, -8, 0, 0, 0, -5, 0,
    0, 0, -4, 0, 0, -14, -5, -10,
    -8, -8, -10, -6, 0, 0, 0, 0,
    0, 0, 0, 0, 0, 0, 0, 0,
    0, 0, 0, 0, 0, 0, 0, 0,
    0, 0, 0, 0, 0, 0, 0, 0,
    0, 0, 0, 0, 0, 0, 0, 0,
    0, 0, 0, 0, 0, 0, 0, 0,
    0, 0, 0, 0, 0, 0, 0, 0,
    0, 0, 0, 0, 0, 0, 0, 0,
    0, 0, 0, 0, -35, 0, -49, 0,
    -15, 0, 0, 0, 0, -14, -2, -11,
    0, -9, -36, -11, -24, -18, 0, -25,
    0, -25, 0, -5, -6, -3, 0, 0,
    0, 0, -8, -4, -15, -12, 0, -15,
    0, 0, 0, 0, 0, 0, 0, 0,
    0, 0, 0, 0, 0, 0, 0, 0,
    0, 0, 0, 0, 0, 0, 0, 0,
    0, 0, 0, 0, 0, 0, 0, 0,
    0, 0, 0, 0, 0, 0, 0, 0,
    0, 0, 0, 0, 0, 0, 0, 0,
    0, 0, 0, 0, 0, 0, 0, 0,
    0, 0, 0, 0, 0, 0, 0, 0,
    0, 0, 0, 0, -37, -9, -37, -20,
    0, 0, 0, -16, 0, -43, -4, -7,
    0, 0, 0, -9, -4, -21, 0, -12,
    -8, 0, -8, 0, 0, 0, -4, 0,
    0, 0, 0, -6, 0, -7, 0, 0,
    0, 0, 0, 0, 0, 0, 0, 0,
    0, 0, 0, 0, 0, 0, 0, 0,
    0, 0, 0, 0, 0, 0, 0, 0,
    0, 0, 0, 0, 0, 0, 0, 0,
    0, 0, 0, 0, 0, 0, 0, 0,
    0, 0, 0, 0, 0, 0, 0, 0,
    0, 0, 0, 0, 0, 0, 0, 0,
    0, 0, 0, 0, 0, 0, 0, 0,
    -4, 0, -9, 0, 0, 0, 0, 0,
    -3, 0, -5, -5, -6, 0, -3, -1,
    -3, -4, -4, 0, -3, -4, 0, -3,
    0, 0, 0, 0, 0, 0, 0, 0,
    -5, 0, -5, 0, 0, 0, 0, 0,
    0, 0, 0, 0, 0, 0, 0, 0,
    0, 0, 0, 0, 0, 0, 0, 0,
    0, 0, 0, 0, 0, 0, 0, 0,
    0, 0, 0, 0, 0, 0, 0, 0,
    0, 0, 0, 0, 0, 0, 0, 0,
    0, 0, 0, 0, 0, 0, 0, 0,
    0, 0, 0, 0, 0, 0, 0, 0,
    0, 0, 0, 0, 0, -5, 0, 4,
    0, 0, 0, 0, 0, 0, 0, -6,
    -6, -7, 0, 0, 0, 0, -6, 0,
    0, 0, 0, 0, 0, 0, 0, 0,
    0, -9, 0, 0, 0, 0, 0, -4,
    0, 0, 0, 0, 0, 0, 0, 0,
    0, 0, 0, 0, 0, 0, 0, 0,
    0, 0, 0, 0, 0, 0, 0, 0,
    0, 0, 0, 0, 0, 0, 0, 0,
    0, 0, 0, 0, 0, 0, 0, 0,
    0, 0, 0, 0, 0, 0, 0, 0,
    0, 0, 0, 0, 0, 0, 0, 0,
    0, 0, 0, 0, 0, 0, 0, 0,
    0, 0, 0, -34, -21, -34, -24, -7,
    -7, 0, -13, -9, -37, -10, 0, 0,
    0, 0, -7, -6, -15, 0, -21, -22,
    -5, -21, 0, 0, -14, -18, -5, -14,
    -9, -9, -10, -9, -21, 0, 0, 0,
    0, 0, 0, 0, 0, 0, 0, 0,
    0, 0, 0, 0, 0, 0, 0, 0,
    0, 0, 0, 0, 0, 0, 0, 0,
    0, 0, 0, 0, 0, 0, 0, 0,
    0, 0, 0, 0, 0, 0, 0, 0,
    0, 0, 0, 0, 0, 0, 0, 0,
    0, 0, 0, 0, 0, 0, 0, 0,
    0, 0, 0, 0, 0, 0, 0, 0,
    -8, 0, -8, -8, 0, 0, 0, -5,
    0, -17, -4, 0, 0, -3, 0, -4,
    -6, 0, 0, -3, 0, 0, -4, 0,
    0, 0, -3, 0, 0, 0, 0, -5,
    0, 0, 0, 0, 0, 0, 0, 0,
    0, 0, 0, 0, 0, 0, 0, 0,
    0, 0, 0, 0, 0, 0, 0, 0,
    0, 0, 0, 0, 0, 0, 0, 0,
    0, 0, 0, 0, 0, 0, 0, 0,
    0, 0, 0, 0, 0, 0, 0, 0,
    0, 0, 0, 0, 0, 0, 0, 0,
    0, 0, 0, 0, 0, 0, 0, 0,
    0, 0, 0, 0, 0, -22, -7, -22,
    -12, 0, 0, 0, -6, -4, -21, -4,
    0, -4, 2, 0, 0, 0, -7, 0,
    -10, -6, 0, -7, 0, 0, -7, -6,
    0, -10, -4, -4, -6, -4, -8, 0,
    0, 0, 0, 0, 0, 0, 0, 0,
    0, 0, 0, 0, 0, 0, 0, 0,
    0, 0, 0, 0, 0, 0, 0, 0,
    0, 0, 0, 0, 0, 0, 0, 0,
    0, 0, 0, 0, 0, 0, 0, 0,
    0, 0, 0, 0, 0, 0, 0, 0,
    0, 0, 0, 0, 0, 0, 0, 0,
    0, 0, 0, 0, 0, 0, 0, 0,
    0, 0, -12, -4, -12, -6, 0, 0,
    0, 0, -2, -17, -2, 0, 0, 0,
    0, 0, 0, -2, 0, -5, 0, 0,
    -3, 0, 0, 0, 0, 0, 0, 0,
    0, 0, 0, -4, 0, 0, 0, 0,
    0, 0, 0, 0, 0, 0, 0, 0,
    0, 0, 0, 0, 0, 0, 0, 0,
    0, 0, 0, 0, 0, 0, 0, 0,
    0, 0, 0, 0, 0, 0, 0, 0,
    0, 0, 0, 0, 0, 0, 0, 0,
    0, 0, 0, 0, 0, 0, 0, 0,
    0, 0, 0, 0, 0, 0, 0, 0,
    0, 0, 0, 0, -4, 0, -4, 0,
    -11, 0, 0, 0, 0, 0, -2, -8,
    -4, -6, -7, -4, 0, 0, 0, 0,
    0, 0, -4, -5, -8, 0, 0, 0,
    0, 0, -8, -4, -8, -6, -4, -8,
    -6, 0, 0, 0, 0, 0, 0, 0,
    0, 0, 0, 0, 0, 0, 0, 0,
    0, 0, 0, 0, 0, 0, 0, 0,
    0, 0, 0, 0, 0, 0, 0, 0,
    0, 0, 0, 0, 0, 0, 0, 0,
    0, 0, 0, 0, 0, 0, 0, 0,
    0, 0, 0, 0, 0, 0, 0, 0,
    0, 0, 0, 0, 0, 0, 0, 0,
    0, 0, 0, 0, -31, -22, -31, -18,
    -10, -10, -5, -6, -6, -30, -6, -6,
    -4, 0, 0, 0, 0, -8, 0, -23,
    -16, 0, -19, 0, 0, -13, -16, -14,
    -12, -6, -9, -12, -6, -17, 0, 0,
    0, 0, 0, 0, 0, 0, 0, 0,
    0, 0, 0, 0, 0, 0, 0, 0,
    0, 0, 0, 0, 0, 0, 0, 0,
    0, 0, 0, 0, 0, 0, 0, 0,
    0, 0, 0, 0, 0, 0, 0, 0,
    0, 0, 0, 0, 0, 0, 0, 0,
    0, 0, 0, 0, 0, 0, 0, 0,
    0, 0, 0, 0, 0, 0, 0, 0,
    0, 0, -9, 0, 0, 0, 0, 0,
    -2, -7, -9, -10, 0, -4, -2, -2,
    0, -6, -5, 0, -5, -6, -7, -5,
    0, 0, 0, 0, -6, -6, -5, -5,
    -9, -5, 0, 0, 0, 0, 0, 0,
    0, 0, 0, 0, 0, 0, 0, 0,
    0, 0, 0, 0, 0, 0, 0, 0,
    0, 0, 0, 0, 0, 0, 0, 0,
    0, 0, 0, 0, 0, 0, 0, 0,
    0, 0, 0, 0, 0, 0, 0, 0,
    0, 0, 0, 0, 0, 0, 0, 0,
    0, 0, 0, 0, 0, 0, 0, 0,
    0, 0, 0, 0, 0, 0, 0, 0,
    0, 0, 0, 0, 0, 0, 0, 0,
    0, -23, -8, -15, -8, 0, -21, 0,
    0, 0, 0, 0, 7, 0, 18, 0,
    0, 0, 0, -7, -4, 0, 1, 0,
    0, 0, 0, 0, 0, 0, -23, 0,
    0, 0, 0, 0, 0, 0, 0, 0,
    0, 0, 0, 1, 0, 0, 0, 0,
    0, 0, 0, 0, 0, 0, 0, 0,
    0, 0, 0, 0, 0, 0, 0, 0,
    0, 0, 0, 0, 0, 0, 0, 0,
    0, 0, 0, 0, 0, 0, 0, 0,
    0, 0, 0, 0, 0, 0, 0, 0,
    0, 0, -15, 0, 0, 0, 0, 0,
    0, -8, 0, 0, 0, 0, -9, 0,
    -8, -3, 0, -9, 0, 0, 0, 0,
    0, 0, 0, 0, 0, 0, -6, 0,
    0, 0, 0, 0, 0, 0, 0, 0,
    0, 0, 0, 0, 0, 0, 0, 0,
    0, 0, 0, 0, 0, 0, 0, 0,
    0, 0, 0, 0, 0, 0, 0, 0,
    0, 0, 0, 0, 0, 0, 0, 0,
    0, 0, 0, 0, 0, 0, 0, 0,
    0, 0, 0, 0, 0, 0, 0, 0,
    0, 0, 0, 0, 0, 0, 0, 0,
    0, 0, 0, 0, 0, -8, 0, -6,
    -4, -1, -4, 0, 0, 0, -8, 0,
    0, 0, 0, -18, 0, -7, 0, -3,
    -16, 0, -11, -5, 0, -2, 0, 0,
    0, 0, -2, -8, 0, -3, -3, -8,
    -3, -4, 0, 0, 0, 0, 0, 0,
    0, 0, 0, 0, 0, 0, 0, 0,
    0, 0, 0, 0, 0, 0, 0, 0,
    0, 0, 0, 0, 0, 0, 0, 0,
    0, 0, 0, 0, 0, 0, 0, 0,
    0, 0, 0, 0, 0, 0, 0, 0,
    0, 0, 0, 0, 0, 0, 0, 0,
    0, 0, 0, 0, 0, 0, 0, 0,
    0, 0, 0, 0, 0, 0, -10, 0,
    0, 0, 0, 0, 0, 0, 0, 0,
    -7, 0, -6, 0, 0, -9, 0, 0,
    -4, -9, 0, -4, 0, 0, 0, 0,
    -4, 0, -1, -1, -1, -1, 0, 0,
    0, 0, 0, 0, 0, 0, 0, 0,
    0, 0, 0, 0, 0, 0, 0, 0,
    0, 0, 0, 0, 0, 0, 0, 0,
    0, 0, 0, 0, 0, 0, 0, 0,
    0, 0, 0, 0, 0, 0, 0, 0,
    0, 0, 0, 0, 0, 0, 0, 0,
    0, 0, 0, 0, 0, 0, 0, 0,
    0, 0, 0, 0, 0, 0, 0, 0,
    0, -9, 0, 2, 0, 0, 0, 0,
    -5, 0, 0, -7, -7, -9, 0, -8,
    -4, 0, -11, 0, -10, -5, 0, -2,
    -4, 0, 0, 0, 0, -4, 0, -2,
    -2, -5, -2, -3, 0, 0, 0, 0,
    0, 0, 0, 0, 0, 0, 0, 0,
    0, 0, 0, 0, 0, 0, 0, 0,
    0, 0, 0, 0, 0, 0, 0, 0,
    0, 0, 0, 0, 0, 0, 0, 0,
    0, 0, 0, 0, 0, 0, 0, 0,
    0, 0, 0, 0, 0, 0, 0, 0,
    0, 0, 0, 0, 0, 0, 0, 0,
    0, 0, 0, 1, 10, 10, 0, -18,
    -6, -18, -4, 0, 0, 5, 0, 0,
    0, 0, 11, 0, 17, 11, 7, 13,
    0, 12, -7, -4, 0, -5, 0, -4,
    0, -3, 0, 0, 1, 0, -3, 0,
    -6, 0, 0, 0, 0, 0, 0, 0,
    0, 0, 0, 0, 0, 0, 0, 0,
    0, 0, 0, 0, 0, 0, 0, 0,
    0, 0, 0, 0, 0, 0, 0, 0,
    0, 0, 0, 0, 0, 0, 0, 0,
    0, 0, 0, 0, 0, 0, 0, 0,
    0, 0, 0, 0, 0, 0, 0, 0,
    0, 0, 0, 0, 0, 0, 0, 0,
    0, 0, 1, -9, 0, 0, 0, 9,
    0, 0, -14, 0, 0, 0, 0, -11,
    0, 0, 0, 0, -6, 0, 0, -6,
    -6, 0, 0, 0, 11, 0, 0, 0,
    0, -3, -3, 0, 1, -6, 0, 0,
    0, 0, 0, 0, 0, 0, 0, 0,
    0, 0, 0, 0, 0, 0, 0, 0,
    0, 0, 0, 0, 0, 0, 0, 0,
    0, 0, 0, 0, 0, 0, 0, 0,
    0, 0, 0, 0, 0, 0, 0, 0,
    0, 0, 0, 0, 0, 0, 0, 0,
    0, 0, 0, 0, 0, 0, 0, 0,
    0, 0, 0, 0, 0, 0, 0, 0,
    -9, 0, 0, 0, 0, 0, 0, -5,
    0, 0, 0, 0, -9, 0, -4, 0,
    0, -8, 0, 0, 0, 0, 0, 0,
    0, 0, 0, 0, 0, 0, 0, 0,
    0, 0, 0, 0, 0, 0, 0, 0,
    0, 0, 0, 0, 0, 0, 0, 0,
    0, 0, 0, 0, 0, 0, 0, 0,
    0, 0, 0, 0, 0, 0, 0, 0,
    0, 0, 0, 0, 0, 0, 0, 0,
    0, 0, 0, 0, 0, 0, 0, 0,
    0, 0, 0, 0, 0, 0, 0, 0,
    0, 0, 0, 0, 0, 0, 0, 0,
    0, 0, 0, 0, 0, -7, 1, -20,
    1, 0, 1, 1, -8, 0, 0, 0,
    0, -14, 0, 0, 0, 0, -6, 0,
    0, -4, -8, 0, -4, 0, -4, 0,
    0, -10, -6, 0, 0, -5, 0, -5,
    0, 0, 0, 0, 0, 0, 0, 0,
    0, 0, 0, 0, 0, 0, 0, 0,
    0, 0, 0, 0, 0, 0, 0, 0,
    0, 0, 0, 0, 0, 0, 0, 0,
    0, 0, 0, 0, 0, 0, 0, 0,
    0, 0, 0, 0, 0, 0, 0, 0,
    0, 0, 0, 0, 0, 0, 0, 0,
    0, 0, 0, 0, 0, 0, 0, 0,
    0, 0, 0, 0, 0, 0, 0, 0,
    0, 0, 0, 0, 0, 0, 0, 0,
    0, 0, 0, 0, 0, 0, 0, 0,
    0, 0, 0, 2, 0, 0, 0, 0,
    0, 0, 0, 0, 0, 0, 0, 0,
    0, 0, 0, 0, 0, 0, 0, 0,
    0, 0, 0, 0, 0, 0, 0, 0,
    0, 0, 0, 0, 0, 0, 0, 0,
    0, 0, 0, 0, 0, 0, 0, 0,
    0, 0, 0, 0, 0, 0, 0, 0,
    0, 0, 0, 0, 0, 0, 0, 0,
    0, 0, 0, 0, 0, 0, 0, 0,
    0, 0, 0, 0, 0, 0, 0, -7,
    0, 0, 0, 0, 0, 0, 0, 0,
    0, 0, 0, -7, 0, -6, 0, 0,
    -10, 0, 0, 0, 0, 0, 0, 0,
    0, 0, 0, 0, 0, 0, 0, 0,
    0, 0, 0, 0, 0, 0, 0, 0,
    0, 0, 0, 0, 0, 0, 0, 0,
    0, 0, 0, 0, 0, 0, 0, 0,
    0, 0, 0, 0, 0, 0, 0, 0,
    0, 0, 0, 0, 0, 0, 0, 0,
    0, 0, 0, 0, 0, 0, 0, 0,
    0, 0, 0, 0, 0, 0, 0, 0,
    0, 0, 0, 0, 0, 0, 0, 0,
    0, 0, 0, 0, 0, -23, -9, -23,
    -9, 3, 3, 0, -6, 0, -20, 0,
    0, 0, 0, 0, 0, 0, -4, 1,
    -9, -4, 0, -4, 0, 0, 0, -3,
    0, 0, 3, 2, 0, 3, -3, 0,
    0, 0, 0, 0, 0, 0, 0, 0,
    0, 0, 0, 0, 0, 0, 0, 0,
    0, 0, 0, 0, 0, 0, 0, 0,
    0, 0, 0, 0, 0, 0, 0, 0,
    0, 0, 0, 0, 0, 0, 0, 0,
    0, 0, 0, 0, 0, 0, 0, 0,
    0, 0, 0, 0, 0, 0, 0, 0,
    0, 0, 0, 0, 0, 0, 0, 0,
    0, -12, 0, 2, 0, 0, 0, 0,
    -7, 0, 0, 0, 0, -9, 0, -4,
    0, 0, -7, 0, 0, 0, 0, 0,
    0, 0, 0, 0, 0, -7, 0, 0,
    0, 0, 0, 0, 0, 0, 0, 0,
    0, 0, 0, 0, 0, 0, 0, 0,
    0, 0, 0, 0, 0, 0, 0, 0,
    0, 0, 0, 0, 0, 0, 0, 0,
    0, 0, 0, 0, 0, 0, 0, 0,
    0, 0, 0, 0, 0, 0, 0, 0,
    0, 0, 0, 0, 0, 0, 0, 0,
    0, 0, 0, 0, 0, 0, 0, 0,
    0, 0, 0, 0, 0, 0, 0, -3,
    -11, -3, -1, 1, 1, -11, 0, 0,
    0, 0, -6, 0, 0, 0, 0, -3,
    0, 0, -7, -6, 0, -4, 0, 0,
    0, -4, -7, 0, 0, 0, -5, 0,
    0, 0, 0, 0, 0, 0, 0, 0,
    0, 0, 0, 0, 0, 0, 0, 0,
    0, 0, 0, 0, 0, 0, 0, 0,
    0, 0, 0, 0, 0, 0, 0, 0,
    0, 0, 0, 0, 0, 0, 0, 0,
    0, 0, 0, 0, 0, 0, 0, 0,
    0, 0, 0, 0, 0, 0, 0, 0,
    0, 0, 0, 0, 0, 0, 0, 0,
    0, 0, 0, -5, -16, -5, -16, -7,
    0, 0, 0, -5, 0, -13, 0, -7,
    0, -4, 0, 0, -6, -4, 0, -7,
    -3, 0, 0, 0, -4, 0, 0, 0,
    0, 0, 0, 0, 0, -9, 0, 0,
    0, 0, 0, 0, 0, 0, 0, 0,
    0, 0, 0, 0, 0, 0, 0, 0,
    0, 0, 0, 0, 0, 0, 0, 0,
    0, 0, 0, 0, 0, 0, 0, 0,
    0, 0, 0, 0, 0, 0, 0, 0,
    0, 0, 0, 0, 0, 0, 0, 0,
    0, 0, 0, 0, 0, 0, 0, 0,
    0, 0, 0, 0, 0, 0, 0, 0,
    -5, -19, 0, -19, -2, 0, 0, 0,
    -3, 0, -10, 0, -9, 0, -4, 0,
    -6, -9, 0, 0, -4, -3, 0, 0,
    0, -4, 0, 0, 0, 0, 0, 0,
    0, 0, -8, 0, 0, 0, 0, 0,
    0, 0, 0, 0, 0, 0, 0, 0,
    0, 0, 0, 0, 0, 0, 0, 0,
    0, 0, 0, 0, 0, 0, 0, 0,
    0, 0, 0, 0, 0, 0, 0, 0,
    0, 0, 0, 0, 0, 0, 0, 0,
    0, 0, 0, 0, 0, 0, 0, 0,
    0, 0, 0, 0, 0, 0, 0, 0,
    0, 0, -6, 0, 0, -8, 2, -6,
    -5, 0, 0, 2, 0, 0, -4, 0,
    -3, -9, 0, -6, 0, -4, -12, 0,
    0, -4, -8, 0, 0, 0, 0, 0,
    0, -9, 0, 0, 0, 0, -4, 0,
    0, 0, 0, 0, 0, 0, 0, 0,
    0, 0, 0, 0, 0, 0, 0, 0,
    0, 0, 0, 0, 0, 0, 0, 0,
    0, 0, 0, 0, 0, 0, 0, 0,
    0, 0, 0, 0, 0, 0, 0, 0,
    0, 0, 0, 0, 0, 0, 0, 0,
    0, 0, 0, 0, 0, 0, 0, 0,
    0, 0, 0, 0, 0, 0, 0, 0,
    0, 0, 0, -16, 0, -16, -4, 0,
    0, 0, 0, 0, -13, 0, -7, 0,
    -3, 0, -3, -5, 0, 0, -7, -3,
    0, 0, 0, -4, 0, 0, 0, 0,
    0, 0, -6, 0, -9, 0, 0, 0,
    0, 0, 0, 0, 0, 0, 0, 0,
    0, 0, 0, 0, 0, 0, 0, 0,
    0, 0, 0, 0, 0, 0, 0, 0,
    0, 0, 0, 0, 0, 0, 0, 0,
    0, 0, 0, 0, 0, 0, 0, 0,
    0, 0, 0, 0, 0, 0, 0, 0,
    0, 0, 0, 0, 0, 0, 0, 0,
    0, 0, 0, 0, 0, 0, 0, 0,
    0, -8, 0, 0, 0, 0, 0, 0,
    0, 0, 0, -8, 0, 0, 0, 0,
    -8, 0, 0, -6, -4, 0, -2, 0,
    0, 0, 0, 0, -4, -3, 0, 0,
    -3, 0, 0, 0, 0, 0, 0, 0,
    0, 0, 0, 0, 0, 0, 0, 0,
    0, 0, 0, 0, 0, 0, 0, 0,
    0, 0, 0, 0, 0, 0, 0, 0,
    0, 0, 0, 0, 0, 0, 0, 0,
    0, 0, 0, 0, 0, 0, 0, 0,
    0, 0, 0, 0, 0, 0, 0, 0,
    0, 0, 0, 0, 0, 0, 0, 0,
    0, 0, -20, 0, -27, 0, 0, 0,
    0, 0, 0, -11, 0, -4, 0, 0,
    -13, -5, -6, 0, -2, -6, 0, -13,
    0, 0, -4, 0, 0, 0, 0, 0,
    -6, 0, -6, 0, 0, -6, 0, -2,
    0, 2, 0, 2, -4, -20, 0, 0,
    4, 0, 0, 4, 0, 0, 1, 4,
    0, -6, -5, -3, -11, 0, 0, 0,
    0, 0, 0, 0, 0, 0, 0, 0,
    0, 0, 0, 0, 0, 0, 0, 0,
    0, 0, 0, 0, 0, 0, 0, 0,
    0, 0, 0, 0, 0, 0, 0, 0,
    0, 0, 0, 0, 0, 0, 0, 0,
    0, -10, 0, 0, 0, 0, 0, 0,
    0, 0, 0, 0, 0, 0, 0, 0,
    0, 0, 0, 0, 0, 0, 0, 0,
    0, 0, 0, 0, 0, 0, 0, 0,
    0, 0, 0, 0, 0, 0, -1, -7,
    -1, 0, -9, 0, 0, 0, 0, 0,
    0, 0, 0, -6, 0, 0, -4, -6,
    -4, -4, -4, 0, 0, 0, 0, 0,
    0, 0, 0, 0, 0, 0, 0, 0,
    0, 0, 0, 0, 0, 0, 0, 0,
    0, 0, 0, 0, 0, 0, 0, 0,
    0, 0, 0, 0, 0, 0, 0, 0,
    0, 0, 0, 0, 0, 0, 0, -44,
    -32, -44, 0, -7, -7, 0, 0, 0,
    0, 0, 0, 0, 0, 0, 0, 0,
    0, 0, 0, 0, 0, 0, 0, 0,
    0, 0, 0, 0, 0, 0, 0, 0,
    0, -19, 0, -31, -13, -31, -11, 0,
    0, -13, -26, -14, -16, -29, -29, 0,
    -17, -32, -16, -10, -12, -10, -16, -31,
    0, 0, 0, 0, 0, 0, 0, 0,
    0, 0, 0, 0, 0, 0, 0, 0,
    0, 0, 0, 0, 0, 0, 0, 0,
    0, 0, 0, 0, 0, 0, 0, 0,
    0, 0, 0, 0, 0, 0, 0, 0,
    0, -3, 4, 0, 4, -4, 4, 0,
    4, 4, -6, 0, 0, 0, 0, 0,
    0, 0, 0, 0, 0, 0, 0, 0,
    0, 0, 0, 2, 0, 0, 0, 0,
    0, 0, 0, 0, 0, 0, 0, -3,
    8, 0, 8, -4, -7, 0, 0, 2,
    0, 2, 10, 2, 0, 0, 8, 4,
    -4, -1, 0, -5, 1, 0, 0, 0,
    0, 0, 0, 0, 0, 0, 0, 0,
    0, 0, 0, 0, 0, 0, 0, 0,
    0, 0, 0, 0, 0, 0, 0, 0,
    0, 0, 0, 0, 0, 0, 0, 0,
    0, 0, 0, 0, 0, 0, 0, 0,
    0, 0, 0, 0, 0, 0, 0, 0,
    0, 0, 0, 0, 0, 0, 0, 0,
    0, 0, 0, 0, 0, 0, 0, 0,
    0, 0, 0, 0, 0, 0, 0, 0,
    0, 0, 0, 0, 0, 0, -9, 0,
    0, 0, 0, 0, 0, -6, 0, 0,
    -4, 0, -4, 0, 0, -9, -4, -13,
    -6, 0, 0, 0, 0, 0, 0, 0,
    0, 0, 0, 0, 0, 0, 0, 0,
    0, 0, 0, 0, 0, 0, 0, 0,
    0, 0, 0, 0, 0, 0, 0, 0,
    0, 0, 0, 0, 0, 0, 0, 0,
    0, 0, 0, 0, 0, -9, 0, 0,
    0, -5, 0, 0, 0, -4, 0, -15,
    0, -7, 0, -4, 0, -8, -7, -7,
    0, 0, 0, 0, 0, 0, 0, 0,
    0, 0, 0, 0, 0, 0, 0, 0,
    -4, 0, -6, -14, -5, 0, -9, 0,
    0, 0, 0, 0, 0, 0, -3, -6,
    -5, 0, 0, 0, -6, 0, -3, 0,
    0, 0, 0, 0, 0, 0, 0, 0,
    0, 0, 0, 0, 0, 0, 0, 0,
    0, 0, 0, 0, 0, 0, 0, 0,
    0, 0, 0, 0, 0, 0, 0, 0,
    0, 0, 0, 0, 0, 0, 0, 0,
    0, 0, 0, -37, -9, -37, -20, 0,
    0, 0, 0, 0, 0, 0, 0, 0,
    0, 0, 0, 0, 0, 0, 0, 0,
    0, 0, 0, 0, 0, 0, 0, 0,
    0, 0, 0, 0, 0, -16, 0, -23,
    -17, -23, 0, -7, -7, 0, -12, 0,
    0, -14, -8, 0, -7, -19, 0, 0,
    0, -6, 0, -7, 0, 0, 0, 0,
    0, 0, 0, 0, 0, 0, 0, 0,
    0, 0, 0, 0, 0, 0, 0, 0,
    0, 0, 0, 0, 0, 0, 0, 0,
    0, 0, 0, 0, 0, 0, 0, 0,
    0, 0, 0, 0, 0, 0, 0, 0,
    0, -11, 0, 0, 0, 0, 0, 0,
    0, 0, 0, 0, 0, 0, 0, 0,
    0, 0, 0, 0, 0, 0, 0, 0,
    0, 0, 0, 0, 0, 0, 0, 0,
    0, 0, 0, 0, 0, -4, 0, -11,
    -5, 0, 0, 0, -7, 0, 0, 0,
    0, 0, 0, 0, -11, -6, 0, -13,
    0, 0, 0, 0, 0, 0, 0, 0,
    0, 0, 0, 0, 0, 0, 0, 0,
    0, 0, 0, 0, 0, 0, 0, 0,
    0, 0, 0, 0, 0, 0, 0, 0,
    0, 0, 0, 0, 0, 0, 0, 0,
    0, 0, 0, 0, 0, -34, -21, -34,
    -24, -7, -7, 0, 0, 0, 0, 0,
    0, 0, 0, 0, 0, 0, 0, 0,
    0, 0, 0, 0, 0, 0, 0, 0,
    0, 0, 0, 0, 0, 0, 0, -13,
    0, -17, -9, -19, -9, 0, 0, -7,
    -21, -10, -14, -25, -22, 0, -14, -28,
    -14, -5, -9, -10, -11, -26, 0, 0,
    0, 0, 0, 0, 0, 0, 0, 0,
    0, 0, 0, 0, 0, 0, 0, 0,
    0, 0, 0, 0, 0, 0, 0, 0,
    0, 0, 0, 0, 0, 0, 0, 0,
    0, 0, 0, 0, 0, 0, 0, 0,
    1, 0, -28, -13, -28, 0, 0, 0,
    1, 0, 0, 0, 0, 0, 0, 0,
    0, 0, 0, 0, 0, 0, 0, 0,
    0, 0, 0, 0, 0, 0, 0, 0,
    0, 0, 0, 0, -13, 0, -19, -9,
    -21, -3, 0, -7, -3, -9, -6, -10,
    -19, -13, -11, -12, -25, -10, -6, -5,
    -6, -7, -17, 0, 0, 0, 0, 0,
    0, 0, 0, 0, 0, 0, 0, 0,
    0, 0, 0, 0, 0, 0, 0, 0,
    0, 0, 0, 0, 0, 0, 0, 0,
    0, 0, 0, 0, 0, 0, 0, 0,
    0, 0, 0, 0, 0, 0, -15, 0,
    0, 0, 0, 0, 0, -8, 0, 0,
    0, 0, 0, 0, 0, 0, 0, 0,
    0, 0, 0, 0, 0, 0, 0, 0,
    0, 0, 0, 0, 0, 0, 0, 0,
    0, 0, 0, 0, 0, 0, 0, -9,
    0, 0, 0, 0, 0, 0, 0, 0,
    0, 0, 0, -6, 0, 0, 0, 0,
    0, 0, 0, 0, 0, 0, 0, 0,
    0, 0, 0, 0, 0, 0, 0, 0,
    0, 0, 0, 0, 0, 0, 0, 0,
    0, 0, 0, 0, 0, 0, 0, 0,
    0, 0, 0, 0, 0, 0, 0, 0,
    0, 0, 0, 0, 0, 0, 0, 0,
    0, 0, 0, 0, 0, 0, 0, 0,
    0, 0, 0, 0, 0, 0, 0, 0,
    0, 0, 0, 0, 0, 0, 0, 0,
    0, 0, 0, 0, 0, 0, 0, 0,
    0, 0, 0, 0, 0, 0, 0, -4,
    0, 0, 0, 0, -3, -10, -4, 0,
    -12, -5, -8, -4, -4, 0, 0, 0,
    0, 0, 0, 0, 0, 0, 0, 0,
    0, 0, 0, 0, 0, 0, 0, 0,
    0, 0, 0, 0, 0, 0, 0, 0,
    0, 0, 0, 0, 0, 0, 0, 0,
    0, 0, 0, 0, 0, 0, 0, 0,
    0, 0, 0, 0, 0, 0, 0, 0,
    0, 0, 0, 0, 0, 0, 0, 0,
    0, 0, 0, 0, 0, 0, 0, 0,
    0, 0, 0, 0, 0, 0, 0, 0,
    0, 0, 0, 0, 0, 0, 0, 0,
    0, 0, 0, 0, 0, 0, 0, 0,
    0, 0, -7, 0, 0, -9, -3, 0,
    -4, -3, 0, 0, 0, 0, 0, 0,
    0, 0, 0, 0, 0, 0, 0, 0,
    0, 0, 0, 0, 0, 0, 0, 0,
    0, 0, 0, 0, 0, 0, 0, 0,
    0, 0, 0, 0, 0, 0, 0, 0,
    0, 0, 0, 0, 0, 0, -30, -12,
    -30, 0, 0, 0, 0, 0, 0, 0,
    0, 0, 0, 0, 0, 0, 0, 0,
    0, 0, 0, 0, 0, 0, 0, 0,
    0, 0, 0, 0, 0, 0, 0, 0,
    0, 0, 0, 0, 0, 0, 0, 0,
    0, -12, 0, 0, -14, -12, -4, -7,
    -19, 0, 0, -4, -6, 0, -12, 0,
    0, 0, 0, 0, 0, 0, 0, 0,
    0, 0, 0, 0, 0, 0, 0, 0,
    0, 0, 0, 0, 0, 0, 0, 0,
    0, 0, 0, 0, 0, 0, 0, 0,
    0, 0, 0, 0, 0, 0, 0, 0,
    -5, 4, 0, 4, -3, 4, 0, 4,
    4, 0, 0, 0, 0, 0, 0, 0,
    0, 0, 0, 0, 0, 0, 0, 0,
    0, 0, 0, 0, 0, 0, 0, 0,
    0, 0, 0, 0, 0, 0, 0, 0,
    0, 0, 0, 0, 0, 0, 1, 0,
    0, 10, 0, -1, 0, 5, 2, -6,
    -3, 0, -3, 0, 0, 0, 0, 0,
    0, 0, 0, 0, 0, 0, 0, 0,
    0, 0, 0, 0, 0, 0, 0, 0,
    0, 0, 0, 0, 0, 0, 0, 0,
    0, 0, 0, 0, 0, 0, 0, 0,
    0, 0, 0, 0, 0, 0, 0, -9,
    0, 2, 0, 0, 0, 0, -5, 0,
    0, 0, 0, 0, 0, 0, 0, 0,
    0, 0, -10, 0, 0, 0, 0, 0,
    0, 0, 0, 0, 0, 0, 0, 0,
    0, 0, 0, 0, 0, 0, 0, 0,
    -9, 0, 0, -5, 0, 0, 0, 0,
    -3, 0, 0, 0, -4, -2, -5, 0,
    -3, 0, 0, 0, 0, 0, 0, 0,
    0, 0, 0, 0, 0, 0, 0, 0,
    0, 0, 0, 0, 0, 0, 0, 0,
    0, 0, 0, 0, 0, 0, 0, 0,
    0, 0, 0, 0, 0, 0, 0, 0,
    0, 0, 0, 0, 0, 0, -9, 0,
    0, 0, 0, 0, 0, 0, 0, 0,
    0, 0, 0, 0, 0, 0, 0, 0,
    0, 0, 0, 0, 0, 0, 0, 0,
    0, 0, 0, 0, 0, 0, 0, 0,
    0, 0, 0, 0, 0, 0, 0, 0,
    -4, -3, 0, 6, -8, -5, 0, 0,
    0, -8, -6, 0, -8, -8, 0, 0,
    0, 0, 0, 0, 0, 0, 0, 0,
    0, 0, 0, 0, 0, 0, 0, 0,
    0, 0, 0, 0, 0, 0, 0, 0,
    0, 0, 0, 0, 0, 0, 0, 0,
    0, 0, 0, 0, 0, 0, 0, 0,
    0, -7, 0, 0, 0, 0, 0, 0,
    0, 0, 0, 0, 0, 0, 0, 0,
    0, 0, 0, 0, 0, 0, 0, 0,
    0, 0, 0, 0, 0, 0, 0, 0,
    0, 0, 0, 0, 0, 0, 0, 0,
    0, 0, -7, 0, 0, 0, 0, 0,
    0, 0, 0, 0, 0, 0, 0, 0,
    0, 0, 0, 0, 0, 0, 0, 0,
    0, 0, 0, 0, 0, 0, 0, 0,
    0, 0, 0, 0, 0, 0, 0, 0,
    0, 0, 0, 0, 0, 0, 0, 0,
    0, 0, 0, 0, 0, 0, 0, 0,
    0, 0, 0, 0, -8, 0, -6, -4,
    -1, -4, 0, 0, 0, -8, 0, 0,
    0, 0, 0, 0, 0, 0, 0, 0,
    0, -11, 0, 0, 0, 0, 0, 0,
    0, 0, 0, 0, 0, 0, 0, 0,
    0, 0, 0, 0, 0, 0, 0, -18,
    0, 0, -5, 0, 0, 0, 0, 0,
    -8, 0, 0, -8, -3, -8, 0, -3,
    0, 0, 0, 0, 0, 0, 0, 0,
    0, 0, 0, 0, 0, 0, 0, 0,
    0, 0, 0, 0, 0, 0, 0, 0,
    0, 0, 0, 0, 0, 0, 0, 0,
    0, 0, 0, 0, 0, 0, 0, 0,
    0, 0, 0, 0, 0, -10, 0, 0,
    0, 0, 0, 0, 0, 0, 0, 0,
    0, 0, 0, 0, 0, 0, 0, 0,
    0, 0, 0, 0, 0, 0, 0, 0,
    0, 0, 0, 0, 0, 0, 0, 0,
    0, 0, 0, 0, -7, 0, 0, -4,
    -5, 0, 0, -9, 0, 0, 1, 0,
    -4, -1, -1, -4, -4, 0, 0, 0,
    0, 0, 0, 0, 0, 0, 0, 0,
    0, 0, 0, 0, 0, 0, 0, 0,
    0, 0, 0, 0, 0, 0, 0, 0,
    0, 0, 0, 0, 0, 0, 0, 0,
    0, 0, 0, 0, 0, 0, 0, 0,
    0, -3, -11, -3, -1, 1, 1, -11,
    0, 0, 0, 0, 0, 0, 0, 0,
    0, 0, 0, 0, 0, 0, 0, 0,
    0, 0, 0, 0, 0, 0, 0, 0,
    0, 0, 0, 0, 0, 0, 0, 0,
    0, -6, 0, 0, -7, 0, 0, -8,
    -6, 0, -7, -13, 0, -7, 0, -5,
    0, -11, 0, 0, 0, 0, 0, 0,
    0, 0, 0, 0, 0, 0, 0, 0,
    0, 0, 0, 0, 0, 0, 0, 0,
    0, 0, 0, 0, 0, 0, 0, 0,
    0, 0, 0, 0, 0, 0, 0, 0,
    0, 0, 0, 0, 0, 0, -16, 0,
    -16, -4, 0, 0, 0, 0, 0, 0,
    0, 0, 0, 0, 0, 0, 0, 0,
    0, 0, 0, 0, 0, 0, 0, 0,
    0, 0, 0, 0, 0, 0, 0, 0,
    0, 0, 0, 0, 0, 0, -7, 0,
    0, -7, 0, 0, -5, -3, -7, -6,
    -5, 0, 0, 0, -6, 0, -7, 0,
    0, 0, 0, 0, 0, 0, 0, 0,
    0, 0, 0, 0, 0, 0, 0, 0,
    0, 0, 0, 0, 0, 0, 0, 0,
    0, 0, 0, 0, 0, 0, 0, 0,
    0, 0, 0, 0, 0, 0, 0, -6,
    0, 0, -8, 2, -6, -5, 0, 0,
    2, 0, 0, 0, 0, 0, 0, 0,
    0, 0, 0, 0, 0, 0, 0, 0,
    0, 0, 0, 0, 0, 0, 0, 0,
    0, 0, 0, 0, 0, 0, 0, 0,
    0, 0, -4, -9, 0, 0, -4, -4,
    0, 6, -8, -5, -5, 0, 0, -9,
    -4, 0, -6, -8, 0, 0, 0, 0,
    0, 0, 0, 0, 0, 0, 0, 0,
    0, 0, 0, 0, 0, 0, 0, 0,
    0, 0, 0, 0, 0, 0, 0, 0,
    0, 0, 0, 0, 0, 0, 0, 0,
    0, 0, 0, 0, 0, -25, 0, 0,
    0, 0, 0, 0, 0, 0, -7, 0,
    0, 0, 0, 0, 0, 0, 0, 0,
    0, 0, 0, 0, 0, 0, 0, 0,
    0, 0, 0, 0, 0, 0, 0, 0,
    0, 0, 0, 0, 0, 0, 0, 0,
    0, 0, 0, 0, 0, 0, 0, 0,
    -3, -7, 0, 0, -21, -8, -6, -9,
    -4, 0, 0, 0, 0, 0, 0, 0,
    0, 0, 0, 0, 0, 0, 0, 0,
    0, 0, 0, 0, 0, 0, 0, 0,
    0, 0, 0, 0, 0, 0, 0, 0,
    0, 0, 0, 0, 0, 0, 0, 0,
    0, 0, 0, 0, 0, 0, 0, 0,
    0, 0, 0, 0, 0, 0, 0, 0,
    0, 0, 0, 0, 0, 0, 0, 0,
    0, 0, 0, 0, 0, 0, 0, 0,
    0, 0, 0, 0, 0, 0, 0, 0,
    0, 0, 0, 0, 0, 0, 0, 0,
    0, 0, 0, 0, 0, 0, 0, 0,
    0, 0, 0, 0, 0, 0, 0, 0,
    0, 0, 0, 0, 0, 0, 0, 0,
    -5, 0, 0, 0, 0, 0, 0, 0,
    0, 0, 0, 0, 0, 0, 0, 0,
    0, 0, 0, 0, 0, -5, 0, 0,
    0, 0, 0, 0, 0, 0, 0, 0,
    0, 0, 0, 0, 0, 0, 0, 0,
    0, 0, 0, 0, 0, 0, 0, 0,
    0, 0, 0, 0, 0, 0, 0, 0,
    0, 0, 0, 0, 0, 0, 0, 0,
    0, 0, 0, 0, 0, 0, 0, 0,
    0, 0, 0, 0, 0, 0, 0, 0,
    0, 0, 0, 0, 0, 0, 0, 0,
    0, 0, 0, 0, 0, 0, 0, 0,
    0, 0, 0, 0, 0, -8, 0, 0,
    0, 0, 0, 0, 0, 0, 0, 0,
    0, 0, 0, 0, 0, 0, 0, 0,
    0, 0, 0, 0, 0, 0, 0, 0,
    0, 0, 0, 0, 0, 0, 0, 0,
    0, 0, 0, 0, 0, 0, 0, 0,
    0, 0, 0, 0, 0, 0, 0, 0,
    0, 0, 0, 0, 0, 0, 0, 0,
    0, 0, 0, 0, 0, 0, 0, 0,
    0, 0, 0, 0, 0, 0, 0, 0,
    0, 0, 0, 0, 0, 0, 0, 0,
    0, 0, 0, 0, 0, 0, 0, 0,
    0, -15, 0, 0, 0, 0, 0, 0,
    0, 0, 0, 0, 0, 0, 0, 0,
    0, 0, 0, 0, 0, 0, 0, 0,
    0, 0, 0, 0, 0, 0, 0, -5,
    -5, 0, 0, 0, 0, 0, 0, -26,
    0, 0, 0, 0, 0, 0, 0, 0,
    0, 0, 0, 0, 0, 0, 0, 0,
    0, 0, 0, 0, 0, 0, 0, 0,
    0, 0, 0, 0, 0, 0, 0, 0,
    0, 0, 0, 0, 0, 0, 0, 0,
    0, 0, 0, 0, 0, 0, 0, 0,
    0, 0, 0, 0, 0, 0, 0, 0,
    0, 0, 0, 0, 0, -5, -5, 0,
    0, 0, 0, 0, 0, 0, 0, 0,
    0, 0, 0, 0, 0, 0, 0, 0,
    0, 0, 0, 0, 0, 0, 0, 0,
    0, 0, 0, 0, 0, 0, 0, 0,
    0, 0, 0, 0, -15, 0, 0, 0,
    0, 0, 0, 0, 0, 0, 0, 0,
    0, 0, 0, 0, 0, 0, 0, 0,
    0, 0, 0, 0, 0, 0, 0, 0,
    0, 0, 0, 0, 0, 0, 0, 0,
    0, 0, 0, 0, 0, 0, 0, 0,
    0, 0, 0, 0, 0, 0, 0, 0,
    0, 0, 0, 0, 0, 0, 0, 0,
    0, 0, -18, -13, 0, -5, 0, 0,
    0, 0, 0, 0, 0, 0, 0, 0,
    0, 0, 0, 0, 0, 0, 0, 0,
    0, 0, 0, 0, 0, 0, 0, 0,
    0, 0, 0, 0, 0, 0, 0, 0,
    0, -8, 0, 0, 0, 0, 0, 0,
    0, 0, 0, 0, 0, 0, 0, 0,
    0, 0, 0, 0, 0, 0, 0, 0,
    0, 0, 0, 0, 0, 0, 0, 0,
    0, 0, 0, 0, 0, 0, 0, 0,
    0, 0, 0, 0, 0, 0, 0, 0,
    0, 0, 0, 0, 0, 0, 0, 0,
    0, 0, 0, 0, 0, 0, 0, 0,
    0, 0, -5, 0, 0, 0, 0, 0,
    0, -8, 0, 0, 10, 0, 0, 0,
    0, 0, 0, 0, 0, 0, 0, 0,
    0, 0, 0, 0, 0, 0, 0, 0,
    0, 0, 0, 0, 0, 0, -8, 0,
    0, 0, 0, 0, 0, 0, 0, 0,
    0, 0, 0, 0, 0, 0, 0, 0,
    0, 0, 0, 0, 0, 0, 0, 0,
    0, 0, 0, 0, 0, 0, 0, 0,
    0, 0, 0, 0, 0, 0, 0, 0,
    0, 0, 0, 0, 0, 0, 0, 0,
    0, 0, 0, 0, 0, 0, 0, 0,
    0, 0, 0, 0, -5, 0, 0, 0,
    0, 0, 0, -5, 0, 0, 0, 0,
    0, 0, 0, 0, 0, 0, 0, 0,
    0, 0, 0, 0, 0, 0, 0, 0,
    0, 0, 0, 0, 0, 0, 0, 0,
    0, 0, 0, -13, 0, 0, 0, 0,
    0, 0, 0, 0, 0, 0, 0, 0,
    0, 0, 0, 0, 0, 0, 0, 0,
    0, 0, 0, 0, 0, 0, 0, 0,
    0, 0, 0, 0, 0, 0, 0, 0,
    0, 0, 0, 0, 0, 0, 0, 0,
    0, 0, 0, 0, 0, 0, 0, 0,
    0, 0, 0, 0, 0, 0, 0, 0,
    0, 0, 0, 0, 0, 0, 0, 0,
    -5, 0, 0, -8, 0, 0, 0, 0,
    0, 0, 0, -5, 0, 0, 0, 0,
    0, 0, 0, 0, 0, 0, 0, 0,
    0, 0, 0, 0, 0, 0, 0, 0,
    0, 0, 0, 0, 0, 0, 0, 0,
    0, 0, 0, 0, 0, 0, 0, 0,
    0, 0, 0, 0, 0, 0, 0, 0,
    0, 0, 0, 0, 0, 0, 0, 0,
    0, 0, 0, 0, 0, 0, 0, 0,
    0, 0, 0, 0, 0, 0, 0, 0,
    0, 0, 0, 0, 0, 0, 0, 0,
    0, 0, 0, 0, 0, 0, -20, -26,
    0, 0, 0, 0, 0, 0, 0, 0,
    3, 0, 0, 0, 0, 0, 0, -8,
    0, 0, 0, 0, 0, 0, 0, 0,
    0, 0, -15, 0, 0, 0, 0, -23,
    0, 0, 0, 0, 0, -10, 0, 0,
    0, 0, 0, 0, 0, 0, 0, 0,
    0, 0, 0, 0, 0, 0, 0, 0,
    0, 0, 0, 0, 0, 0, 0, 0,
    0, 0, 0, 0, 0, 0, 0, 0,
    0, 0, 0, 0, 0, 0, 0, 0,
    0, 0, 0, 0, 0, 0, 0, 0,
    0, 0, 0, 0, 0, 0, 0, 0,
    0, 0, 0, 0, 0, 0, 0, 0,
    0, 0, 0, 0, 0, 0, 0, -8,
    0, 0, 0, 0, 0, 0, 0, 0,
    0, 0, 0, 0, 0, 0, 0, 0,
    0, 0, 0, 0, 0, 0, 0, 0,
    0, 0, -5, 0, 0, 0, 0, 0,
    0, 0, 0, 0, 0, 0, 0, 0,
    0, 0, 0, 0, 0, 0, 0, 0,
    0, 0, 0, 0, 0, 0, 0, 0,
    0, 0, 0, 0, 0, 0, 0, 0,
    0, 0, 0, 0, 0, 0, 0, 0,
    0, 0, 0, 0, 0, 0, 0, 0,
    0, 0, 0, 0, 0, 0, 0, 0,
    -8, -8, 0, 0, 0, 0, 0, 0,
    0, 0, 0, 0, -5, 0, 0, 0,
    0, 0, 0, 0, 0, 0, 0, 0,
    0, 0, 0, 0, 0, 0, 0, 0,
    0, 0, 0, 0, 0, 0, 0, -13,
    0, 0, 0, 0, 0, 0, 0, 0,
    0, 0, 0, 0, 0, 0, 0, 0,
    0, 0, 0, 0, 0, 0, 0, 0,
    0, 0, 0, 0, 0, 0, 0, 0,
    0, 0, 0, 0, 0, 0, 0, 0,
    0, 0, 0, 0, 0, 0, 0, 0,
    0, 0, 0, 0, 0, 0, 0, 0,
    0, 0, 0, 0, 0, -13, -8, -8,
    0, 0, -8, -8, 0, 0, 0, 0,
    -5, -13, 0, 0, 0, 0, 0, 0,
    0, 0, 0, 0, 0, 0, 0, 0,
    0, 0, 0, 0, 0, 0, 0, 0,
    0, 0, 0, 0, -18, 0, 0, 0,
    0, 0, 0, 0, 0, 0, 0, 0,
    0, 0, 0, 0, 0, 0, 0, 0,
    0, 0, 0, 0, 0, 0, 0, 0,
    0, 0, 0, 0, 0, 0, 0, 0,
    0, 0, 0, 0, 0, 0, 0, 0,
    0, 0, 0, 0, 0, 0, 0, 0,
    0, 0, 0, 0, 0, 0, 0, 0,
    0, 0, -10, -10, -3, 0, 0, 0,
    0, 0, 0, 0, 0, 0, 0, 0,
    0, 0, 0, 0, 0, 0, 0, 0,
    0, 0, 0, 0, 0, 0, 0, 0,
    0, 0, 0, 0, 0, 0, 0, 0,
    0, -10, 0, 0, 0, 0, 0, 0,
    0, 0, 0, 0, 0, 0, 0, 0,
    0, 0, 0, 0, 0, 0, 0, 0,
    0, 0, 0, 0, 0, 0, 0, 0,
    0, 0, 0, 0, 0, 0, 0, 0,
    0, 0, 0, 0, 0, 0, 0, 0,
    0, 0, 0, 0, 0, 0, 0, 0,
    0, 0, 0, 0, 0, 0, 0, -8,
    0, 0, 0, -5, 0, -5, 3, 0,
    0, 0, 0, 0, 0, 0, 0, 0,
    0, 0, 0, 0, 0, 0, 0, 0,
    0, 0, 0, 0, 0, 0, 0, 0,
    0, 0, 0, 0, 0, 0, -13, 0,
    0, 0, 0, 0, 0, 0, 0, 0,
    0, 0, 0, 0, 0, 0, 0, 0,
    0, 0, 0, 0, 0, 0, 0, 0,
    0, 0, 0, 0, 0, 0, 0, 0,
    0, 0, 0, 0, 0, 0, 0, 0,
    0, 0, 0, 0, 0, 0, 0, 0,
    0, 0, 0, 0, 0, 0, 0, 0,
    0, 0, 0, 0, 0, 0, 0, 0,
    0, -8, 0, 0, 0, 0, 0, 0,
    0, 0, 0, 0, 0, 0, 0, 0,
    0, 0, 0, 0, 0, 0, 0, 0,
    0, 0, 0, 0, 0, 0, 0, 0,
    0, 0, 0, -15, 0, 0, 0, 0,
    0, 0, 0, 0, 0, 0, 0, 0,
    0, 0, 0, 0, 0, 0, 0, 0,
    0, 0, 0, 0, 0, 0, 0, 0,
    0, 0, 0, 0, 0, 0, 0, 0,
    0, 0, 0, 0, 0, 0, 0, 0,
    0, 0, 0, 0, 0, 0, 0, 0,
    0, 0, 0, 0, 0, 0, 0, 0,
    0, 0, 0, 0, 0, 0, 0, 0,
    0, 0, -5, 0, 0, 0, 0, 0,
    0, 0, 0, 0, 0, 0, 0, 0,
    0, 0, 0, 0, 0, 0, 0, 0,
    0, 0, 0, 0, 0, 0, 0, 0,
    0, 0, 0, 0, 0, 0, 0, 0,
    0, 0, 0, 0, 0, 0, 0, 0,
    0, 0, 0, 0, 0, 0, 0, 0,
    0, 0, 0, 0, 0, 0, 0, 0,
    0, 0, 0, 0, 0, 0, 0, 0,
    0, 0, 0, 0, 0, 0, 0, 0,
    0, 0, 0, 0, 0, 0, 0, 0,
    0, 0, 0, 0, 0, 0, -10, -10,
    0, 0, 0, 0, 0, 0, -8, 0,
    0, 0, 0, 0, 0, 0, 0, 0,
    0, 0, 0, 0, 0, 0, 0, 0,
    0, 0, 0, 0, 0, 0, 0, 0,
    0, 0, 0, 0, 0, -13, 0, 0,
    0, 0, 0, 0, 0, 0, 0, 0,
    0, 0, 0, 0, 0, 0, 0, 0,
    0, 0, 0, 0, 0, 0, 0, 0,
    0, 0, 0, 0, 0, 0, 0, 0,
    0, 0, 0, 0, 0, 0, 0, 0,
    0, 0, 0, 0, 0, 0, 0, 0,
    0, 0, 0, 0, 0, 0, 0, 0,
    0, 0, 0, 0, 0, 0, 0, 0,
    0, 0, 0, 0, 0, 0, 0, 0,
    0, 0, 0, 0, 0, 0, 0, 0,
    0, 0, 0, 0, 0, 0, 0, 0,
    0, 0, 0, 0, 0, 0, 0, 0,
    0, 0, -10, 0, 0, 0, 0, 0,
    0, 0, 0, 0, 0, 0, 0, 0,
    0, 0, 0, 0, 0, 0, 0, 0,
    0, 0, 0, 0, 0, 0, 0, 0,
    0, 0, 0, 0, 0, 0, 0, 0,
    0, 0, 0, 0, 0, 0, 0, 0,
    0, 0, 0, 0, 0, 0, 0, 0,
    0, 0, 0, 0, 0, 0, 0, 0,
    0, 0, 0, 0, 0, 0, 0, 0,
    0, 0, 0, 0, 0, 0, 0, 0,
    0, 0, 0, 0, 0, 0, 0, 0,
    0, 0, 0, 0, 0, 0, 0, 0,
    0, 0, 0, 0, 0, 0, 0, -13,
    0, 0, 0, 0, 0, 0, 0, 0,
    0, 0, 0, 0, 0, 0, 0, 0,
    0, 0, 0, 0, 0, 0, 0, 0,
    0, 0, 0, 0, 0, 0, 0, 0,
    0, 0, 0, 0, 0, 0, 0, 0,
    0, 0, 0, 0, 0, 0, 0, 0,
    0, 0, 0, 0, 0, 0, 0, 0,
    0, 0, 0, 0, 0, -10, -5, 0,
    0, 0, 0, 0, 0, 0, 0, 0,
    0, 0, 0, 0, 0, 0, 0, 0,
    0, 0, 0, 0, 0, 0, 0, 0,
    0, 0, 0, 0, 0, 0, 0, 0,
    0, 0, 0, 0, -18, 0, 0, 0,
    0, 0, 0, 0, 0, 0, 0, 0,
    0, 0, 0, 0, 0, 0, 0, 0,
    0, 0, 0, 0, 0, 0, 0, 0,
    0, 0, 0, 0, 0, 0, 0, 0,
    0, 0, 0, 0, 0, 0, 0, 0,
    0, 0, 0, 0, 0, 0, 0, 0,
    0, 0, 0, 0, 0, 0, 0, 0,
    0, 0, 0, 0, 0, 0, 0, 0,
    0, 0, 0, 0, 0, 0, 0, 0,
    0, 0, 0, 0, 0, 0, 0, 0,
    0, 0, 0, 0, 0, 0, 0, 0,
    0, 0, 0, 0, -10, 0, 0, 0,
    0, 0, 0, 0, 0, 0, 0, 0,
    0, 0, 0, 0, 0, 0, 0, 0,
    0, 0, 0, 0, 0, 0, 0, 0,
    0, 0, 0, 0, 0, 0, 0, 0,
    0, 0, 0, 0, 0, 0, 0, 0,
    0, 0, 0, 0, 0, 0, 0, 0,
    0, 0, 0, 0, 0, 0, 0, 0,
    0, 0, 0, 0, 0, 0, 0, 3,
    3, 0, 0, 0, 0, 0, 0, 0,
    0, -8, 0, 0, 0, 0, 0, 0,
    0, 0, 0, 0, 0, 0, 0, 0,
    0, 0, 0, 0, 0, 0, 0, 0,
    0, 0, 0, 0, 0, 0, 0, 0,
    0, 0, 0, 0, 0, 0, 0, 0,
    0, 0, 0, 0, 0, 0, 0, 0,
    0, 0, 0, 0, 0, 0, 0, 0,
    0, 0, 0, 0, 0, 0, 0, 0,
    0, 0, 0, 0, 0, 0, 0, 0,
    0, 0, 0, 0, 0, 0, 0, 0,
    0, 0, 0, 0, 0, 0, 0, 0,
    0, 0, 0, 0, 0, 0, 0, 0,
    0, 0, 0, -5, 0, 0, -13, 0,
    0, 0, 0, 0, 0, 0, 0, 0,
    0, 0, 0, 0, 0, 0, 0, 0,
    0, 0, 0, 0, 0, 0, 0, 0,
    0, 0, 0, 0, 0, 0, 0, 0,
    0, 0, 0, 0, 0, 0, 0, 0,
    0, 0, 0, 0, 0, 0, 0, 0,
    0, 0, 0, 0, 0, 0, 0, 0,
    0, 0, 0, 0, 0, 0, 0, 0,
    0, 0, 0, 0, 0, 0, 0, 0,
    0, 0, 0, 0, 0, 0, 0, 0,
    0, 0, 0, 0, 0, 0, 0, 0,
    0, -26, -26, 0, 0, 0, 0, 0,
    0, 0, 0, 0, 0, 0, 0, 0,
    -13, 0, -13, 0, -10, 0, -5, 0,
    0, 0, 0, 0, 0, -23, -10, -5,
    0, 0, -5, 0, 0, -3, -10, -15,
    -26, 0, 0, 0, 0, 0, 0, 0,
    0, 0, 0, 0, 0, 0, 0, 0,
    0, 0, 0, 0, 0, 0, 0, 0,
    0, 0, 0, 0, 0, 0, 0, 0,
    0, 0, 0, 0, 0, 0, 0, 0,
    0, 0, 0, 0, 0, 0, 0, 0,
    0, 0, 0, 0, 0, 0, 0, 0,
    0, 0, 0, 0, 0, 0, -5, -5,
    0, 0, 0, 0, 0, 0, 0, 0,
    0, 0, 0, 0, 0, 0, 0, -5,
    0, 0, -8, 0, -10, -10, 0, -5,
    0, 0, 0, -5, -5, 0, 0, 0,
    0, 0, 0, 0, 0, 0, 0, 0,
    0, 0, 0, 0, 0, 0, 0, 0,
    0, 0, 0, 0, 0, 0, 0, 0,
    0, 0, 0, 0, 0, 0, 0, 0,
    0, 0, 0, 0, 0, 0, 0, 0,
    0, 0, 0, 0, 0, 0, 0, 0,
    0, 0, 0, 0, 0, 0, 0, 0,
    0, 0, 0, 0, 0, 0, 0, 0,
    0, 0, 0, -15, -15, 0, 0, 0,
    0, 0, 0, 0, 0, 0, 0, 0,
    0, 0, 0, 0, -5, 0, 0, 0,
    0, 0, 0, 0, 0, 0, 0, 0,
    0, 0, 0, 0, 0, 0, 0, 0,
    0, 0, -13, 0, 0, 0, 0, 0,
    0, 0, 0, 0, 0, 0, 0, 0,
    0, 0, 0, 0, 0, 0, 0, 0,
    0, 0, 0, 0, 0, 0, 0, 0,
    0, 0, 0, 0, 0, 0, 0, 0,
    0, 0, 0, 0, 0, 0, 0, 0,
    0, 0, 0, 0, 0, 0, 0, 0,
    0, 0, 0, 0, 0, 0, 0, 0,
    -5, 0, 0, 0, 0, 0, 0, 0,
    0, 0, 0, 0, 0, 0, 0, 0,
    0, 0, 0, 0, 0, 0, 0, 0,
    0, 0, 0, 0, 0, 0, 0, 0,
    0, 0, 0, 0, 0, 0, 0, -8,
    0, 0, 0, 0, 0, 0, 0, 0,
    0, 0, 0, 0, 0, 0, 0, 0,
    0, 0, 0, 0, 0, 0, 0, 0,
    0, 0, 0, 0, 0, 0, 0, 0,
    0, 0, 0, 0, 0, 0, 0, 0,
    0, 0, 0, 0, 0, 0, 0, 0,
    0, 0, 0, 0, 0, 0, 0, 0,
    0, 0, 0, 0, 0, -10, -10, 0,
    0, 0, 0, 0, 0, 0, 0, 0,
    0, 0, 0, 0, 0, 0, 0, 0,
    0, -8, 0, 0, 0, 0, 0, 0,
    0, -18, 0, 0, 0, 0, 0, 0,
    0, 0, -8, 0, -8, 0, 0, 0,
    0, 0, 0, 0, 0, 0, 0, 0,
    0, 0, 0, 0, 0, 0, 0, 0,
    0, 0, 0, 0, 0, 0, 0, 0,
    0, 0, 0, 0, 0, 0, 0, 0,
    0, 0, 0, 0, 0, 0, 0, 0,
    0, 0, 0, 0, 0, 0, 0, 0,
    0, 0, 0, 0, 0, 0, 0, 0,
    0, 0, -23, -20, 0, 0, 0, 0,
    0, 0, 0, 0, 0, 0, 0, 0,
    0, 0, 0, -10, 0, 0, -8, 0,
    -10, -10, 0, 0, 0, 0, -15, -13,
    -13, 0, 0, 0, 0, 0, -8, 0,
    0, -23, 0, 0, 0, 0, 0, 0,
    0, 0, 0, 0, 0, 0, 0, 0,
    0, 0, 0, 0, 0, 0, 0, 0,
    0, 0, 0, 0, 0, 0, 0, 0,
    0, 0, 0, 0, 0, 0, 0, 0,
    0, 0, 0, 0, 0, 0, 0, 0,
    0, 0, 0, 0, 0, 0, 0, 0,
    0, 0, 0, 0, 0, 0, 0, -23,
    -23, 0, 0, 0, 0, 0, 0, 0,
    0, 0, 0, 0, 0, 0, 0, 0,
    0, 0, 0, -5, 0, 0, 0, 0,
    0, 0, 0, -5, -10, -10, 0, 0,
    0, 0, 0, 0, 0, 0, -18, 0,
    0, 0, 0, 0, 0, 0, 0, 0,
    0, 0, 0, 0, 0, 0, 0, 0,
    0, 0, 0, 0, 0, 0, 0, 0,
    0, 0, 0, 0, 0, 0, 0, 0,
    0, 0, 0, 0, 0, 0, 0, 0,
    0, 0, 0, 0, 0, 0, 0, 0,
    0, 0, 0, 0, 0, 0, 0, 0,
    0, 0, 0, 0, -8, -8, 0, 0,
    0, 0, 0, 0, 0, 0, 0, 0,
    0, 0, 0, 0, 0, 0, 0, 0,
    0, 0, -5, -5, 0, 0, 0, 0,
    -5, -15, -15, 0, 0, 0, 0, -13,
    0, 0, 0, -8, 0, 0, 0, 0,
    0, 0, 0, 0, 0, 0, 0, 0,
    0, 0, 0, 0, 0, 0, 0, 0,
    0, 0, 0, 0, 0, 0, 0, 0,
    0, 0, 0, 0, 0, 0, 0, 0,
    0, 0, 0, 0, 0, 0, 0, 0,
    0, 0, 0, 0, 0, 0, 0, 0,
    0, 0, 0, 0, 0, 0, 0, 0,
    0, 0, 0, 0, 0, 0, 0, 0,
    0, 0, 0, 0, 0, 0, 0, 0,
    0, 0, 0, 0, 0, 0, 0, 0,
    0, 0, 0, 0, 0, 0, 0, 0,
    0, 0, -18, -8, 0, 0, 0, 0,
    0, 0, 0, 0, 0, 0, 0, 0,
    0, 0, 0, 0, 0, 0, 0, 0,
    0, 0, 0, 0, 0, 0, 0, 0,
    0, 0, 0, 0, 0, 0, 0, 0,
    0, 0, 0, 0, 0, 0, 0, 0,
    0, 0, 0, 0, 0, 0, 0, 0,
    0, 0, 0, 0, 0, 0, 0, 0,
    0, 0, 0, 0, 0, 0, -8, -8,
    0, 0, 0, 0, 0, 0, 0, 0,
    0, 0, 0, 0, 0, 0, 0, 0,
    0, 0, 0, 0, 0, 0, 0, 0,
    0, 0, -8, 0, 0, 0, 0, 0,
    0, 0, 0, 0, 0, -13, 0, 0,
    0, 0, 0, 0, 0, 0, 0, 0,
    0, 0, 0, 0, 0, 0, 0, 0,
    0, 0, 0, 0, 0, 0, 0, 0,
    0, 0, 0, 0, 0, 0, 0, 0,
    0, 0, 0, 0, 0, 0, 0, 0,
    0, 0, 0, 0, 0, 0, 0, 0,
    0, 0, 0, 0, 0, 0, 0, 0,
    0, 0, 0, -13, -8, 0, 0, 0,
    0, 0, 0, 0, 0, 0, 0, 0,
    0, 0, 0, 0, 0, 0, 5, 0,
    0, 0, 0, 0, 0, 0, 0, -8,
    0, 0, 0, 0, 0, 0, 0, 0,
    0, 0, -13, 0, 0, 0, 0, 0,
    0, 0, 0, 0, 0, 0, 0, 0,
    0, 0, 0, 0, 0, 0, 0, 0,
    0, 0, 0, 0, 0, 0, 0, 0,
    0, 0, 0, 0, 0, 0, 0, 0,
    0, 0, 0, 0, 0, 0, 0, 0,
    0, 0, 0, 0, 0, 0, 0, 0,
    0, 0, 0, 0, 0, 0, 0, 0,
    -3, -3, 0, 0, 0, 0, 0, 0,
    0, 0, 0, 0, 0, 0, 0, 0,
    0, 0, 0, 0, 0, 0, 0, 0,
    0, 0, 0, 0, 0, 0, 0, 0,
    0, 0, 0, 0, 0, 0, 0, -13,
    0, 0, 0, 0, 0, 0, 0, 0,
    0, 0, 0, 0, 0, 0, 0, 0,
    0, 0, 0, 0, 0, 0, 0, 0,
    0, 0, 0, 0, 0, 0, 0, 0,
    0, 0, 0, 0, 0, 0, 0, 0,
    0, 0, 0, 0, 0, 0, 0, 0,
    0, 0, 0, 0, 0, 0, 0, 0,
    0, 0, 0, 0, 0, -8, -8, 0,
    0, 0, 0, 0, 0, 0, 0, 0,
    0, 0, 0, 0, 0, 0, 0, 0,
    0, 0, 0, 0, 0, 0, 0, 0,
    0, -8, 0, 0, 0, 0, 0, 0,
    0, 0, 0, 0, -10, 0, 0, 0,
    0, 0, 0, 0, 0, 0, 0, 0,
    0, 0, 0, 0, 0, 0, 0, 0,
    0, 0, 0, 0, 0, 0, 0, 0,
    0, 0, 0, 0, 0, 0, 0, 0,
    0, 0, 0, 0, 0, 0, 0, 0,
    0, 0, 0, 0, 0, 0, 0, 0,
    0, 0, 0, 0, 0, 0, 0, 0,
    0, 0, -8, -8, 0, 0, 0, 0,
    0, 0, 0, 0, 0, 0, 0, 0,
    0, 0, 0, 0, 0, 0, 0, 0,
    0, 0, 0, 0, 0, 0, 0, 0,
    0, 0, 0, 0, 0, 0, 0, 0,
    0, -13, 0, 0, 0, 0, 0, 0,
    0, 0, 0, 0, 0, 0, 0, 0,
    0, 0, 0, 0, 0, 0, 0, 0,
    0, 0, 0, 0, 0, 0, 0, 0,
    0, 0, 0, 0, 0, 0, 0, 0,
    0, 0, 0, 0, 0, 0, 0, 0,
    0, 0, 0, 0, 0, 0, 0, 0,
    0, 0, 0, 0, 0, 0, 0, -5,
    -5, 0, 0, 0, 0, 0, 0, 0,
    0, 0, 0, 0, 0, 0, 0, 0,
    0, 0, 0, 0, 0, 0, 0, 0,
    0, 0, 0, 0, 0, 0, 0, 0,
    0, 0, 0, 0, 0, 0, -8, 0,
    0, 0, 0, 0, 0, 0, 0, 0,
    0, 0, 0, 0, 0, 0, 0, 0,
    0, 0, 0, 0, 0, 0, 0, 0,
    0, 0, 0, 0, 0, 0, 0, 0,
    0, 0, 0, 0, 0, 0, 0, 0,
    0, 0, 0, 0, 0, 0, 0, 0,
    0, 0, 0, 0, 0, 0, 0, 0,
    0, 0, 0, 0, -10, -5, 0, 0,
    0, 0, 0, 0, 0, 0, 0, 0,
    0, 0, 0, 0, 0, 0, 0, 0,
    0, 0, 0, 0, 0, 0, 0, 0,
    -5, 0, 0, 0, 0, 0, 0, 0,
    0, 0, 0, -5, 0, 0, 0, 0,
    0, 0, 0, 0, 0, 0, 0, 0,
    0, 0, 0, 0, 0, 0, 0, 0,
    0, 0, 0, 0, 0, 0, 0, 0,
    0, 0, 0, 0, 0, 0, 0, 0,
    0, 0, 0, 0, 0, 0, 0, 0,
    0, 0, 0, 0, 0, 0, 0, 0,
    0, 0, 0, 0, 0, 0, 0, 0,
    0, -5, -5, 0, 0, 0, 0, 0,
    0, 0, 0, 0, 0, 0, 0, 0,
    0, 0, 0, 0, 0, 0, 0, -5,
    0, -5, 0, 0, 0, 0, 0, 0,
    0, 0, 0, 0, 0, 0, 0, 0,
    0, 0, 0, 0, 0, 0, 0, 0,
    0, 0, 0, 0, 0, 0, 0, 0,
    0, 0, 0, 0, 0, 0, 0, 0,
    0, 0, 0, 0, 0, 0, 0, 0,
    0, 0, 0, 0, 0, 0, 0, 0,
    0, 0, 0, 0, 0, 0, 0, 0,
    0, 0, 0, 0, 0, 0, 0, 0,
    0, 0, 0, 0, 0, 0, 0, 0,
    0, 0, 0, 0, 0, 0, 0, 0,
    0, 0, 0, 0, 0, 0, 0, 0,
    0, 0, 0, 0, 0, 0, 0, 0,
    8, 0, 0, 0, 0, 0, 0, 0,
    0, 0, 0, 13, 0, 3, 0, 0,
    0, 0, 0, 0, 0, 0, 0, 0,
    0, 0, 0, 0, 0, 0, 0, 0,
    0, 0, 0, 0, 0, 0, 0, 0,
    0, 0, 0, 0, 0, 0, 0, 0,
    0, 0, 0, 0, 0, 0, 0, 0,
    0, 0, 0, 0, 0, 0, 0, 0,
    0, 0, 0, 0, 0, 0, 0, 0,
    0, 0, 0, 0, 0, 0, 0, 0,
    0, 0, 0, 0, 0, 0, 0, 0,
    0, 0, 0, 0, 0, 0, 0, 0,
    0, 0, 0, 0, 0, 8, 0, 0,
    0, 0, 0, 0, 0, 0, 0, 0,
    13, 0, 0, 0, 0, 0, 0, 0,
    0, 0, 0, 0, 0, 0, 0, 0,
    0, 0, 0, 0, 0, 0, 0, 0,
    0, 0, 0, 0, 0, 0, 0, 0,
    0, 0, 0, 0, 0, 0, 0, 0,
    0, 0, 0, 0, 0, 0, 0, 0,
    0, 0, 0, 0, 0, 0, 0, 0,
    0, 0, 0, 0, 0, 0, 0, 0,
    -10, -10, 0, 0, 0, 0, 0, 0,
    0, 0, 0, 0, 0, 0, 0, 0,
    0, 0, 0, 0, 0, 0, 0, 0,
    0, 0, 0, 0, 0, 0, 0, 0,
    0, 0, 0, 0, 0, 5, 0, -5,
    0, 0, 0, 0, 0, 0, 0, 0,
    0, 0, 0, 0, 0, 0, 0, 0,
    0, 0, 0, 0, 0, 0, 0, 0,
    0, 0, 0, 0, 0, 0, 0, 0,
    0, 0, 0, 0, 0, 0, 0, 0,
    0, 0, 0, 0, 0, 0, 0, 0,
    0, 0, 0, 0, 0, 0, 0, 0,
    0, 0, 0, 0, 0, -13, -8, 0,
    0, 0, 0, 0, 0, 0, 0, 0,
    0, 0, 0, 0, 0, 0, 0, 0,
    0, 0, 0, 0, 0, 0, 0, 0,
    0, -8, 0, 0, 0, 0, 0, 0,
    0, 0, 0, 0, -13, 0, 0, 0,
    0, 0, 0, 0, 0, 0, 0, 0,
    0, 0, 0, 0, 0, 0, 0, 0,
    0, 0, 0, 0, 0, 0, 0, 0,
    0, 0, 0, 0, 0, 0, 0, 0,
    0, 0, 0, 0, 0, 0, 0, 0,
    0, 0, 0, 0, 0, 0, 0, 0,
    0, 0, 0, 0, 0, 0, 0, 0,
    0, 0, -5, -5, 0, 0, 0, 0,
    0, 0, 0, 0, 0, 0, 0, 0,
    0, 0, 0, 0, 0, 0, 0, 0,
    0, 0, 0, 0, 0, 0, 0, 0,
    0, 0, 0, 0, 0, 0, 0, 0,
    0, 0, 0, 0, 0, 0, 0, 0,
    0, 0, 0, 0, 0, 0, 0, 0,
    0, 0, 0, 0, 0, 0, 0, 0,
    0, 0, 0, 0, 0, 0, 0, 0,
    0, 0, 0, 0, 0, 0, 0, 0,
    0, 0, 0, 0, 0, 0, 0, 0,
    0, 0, 0, 0, 0, 0, 0, 0,
    0, 0, 0, 0, 0, 0, 0, -5,
    -5, 0, 0, 0, 0, 0, 0, 0,
    0, 0, 0, 0, 0, 0, 0, 0,
    0, 0, -5, -5, 0, 0, 0, 0,
    0, 0, 0, -5, -3, -3, 0, 0,
    0, 0, 0, 0, 0, 0, -13, 0,
    0, 0, 0, 0, 0, 0, 0, 0,
    0, 0, 0, 0, 0, 0, 0, 0,
    0, 0, 0, 0, 0, 0, 0, 0,
    0, 0, 0, 0, 0, 0, 0, 0,
    0, 0, 0, 0, 0, 0, 0, 0,
    0, 0, 0, 0, 0, 0, 0, 0,
    0, 0, 0, 0, 0, 0, 0, 0,
    0, 0, 0, 0, 0, 0, 0, 0,
    0, 0, 0, 0, 0, 0, 0, 0,
    0, 0, 0, 0, -8, 0, 0, 0,
    0, 0, 0, 0, 0, 0, 0, 0,
    0, 0, 0, 0, 0, 0, 0, 0,
    0, -5, 0, 0, 0, 0, 0, 0,
    0, 0, 0, 0, 0, 0, 0, 0,
    0, 0, 0, 0, 0, 0, 0, 0,
    0, 0, 0, 0, 0, 0, 0, 0,
    0, 0, 0, 0, 0, 0, 0, 0,
    0, 0, 0, 0, 0, 0, 0, 0,
    0, 0, 0, 0, 0, 0, 0, 0,
    0, 0, 0, 0, 0, 0, 0, 0,
    0, -15, -15, 0, 0, 0, 0, 0,
    0, 0, 0, 0, 0, 0, 0, 0,
    0, 0, 0, 0, 0, 0, 0, 0,
    0, 0, 0, 0, 0, -13, -5, -5,
    0, 0, 0, 0, 0, 0, 0, 0,
    -13, 0, 0, 0, 0, 0, 0, 0,
    0, 0, 0, 0, 0, 0, 0, 0,
    0, 0, 0, 0, 0, 0, 0, 0,
    0, 0, 0, 0, 0, 0, 0, 0,
    0, 0, 0, 0, 0, 0, 0, 0,
    0, 0, 0, 0, 0, 0, 0, 0,
    0, 0, 0, 0, 0, 0, 0, 0,
    0, 0, 0, 0, 0, 0, -15, -15,
    0, 0, 0, 0, 0, 0, 0, 0,
    0, 0, 0, 0, 0, 0, 0, 0,
    0, 0, -5, 0, 0, 0, 0, 0,
    0, -5, -13, 0, 0, -8, -8, 0,
    0, 0, 0, 0, 0, -13, 0, 0,
    0, 0, 0, 0, 0, 0, 0, 0,
    0, 0, 0, 0, 0, 0, 0, 0,
    0, 0, 0, 0, 0, 0, 0, 0,
    0, 0, 0, 0, 0, 0, 0, 0,
    0, 0, 0, 0, 0, 0, 0, 0,
    0, 0, 0, 0, 0, 0, 0, 0,
    0, 0, 0, 0, 0, 0, 0, 0,
    0, 0, 0, -3, -3, 0, 0, 0,
    0, 0, 0, 0, 0, -15, 0, 0,
    0, -10, 0, 0, 0, -5, -5, -13,
    0, 0, 0, 0, 0, 0, 0, -15,
    -3, -3, -15, -15, 0, 0, 0, 0,
    -13, 0, 0
};


/*Collect the kern class' data in one place*/
static const lv_font_fmt_txt_kern_classes_t kern_classes =
{
    .class_pair_values   = kern_class_values,
    .left_class_mapping  = kern_left_class_mapping,
    .right_class_mapping = kern_right_class_mapping,
    .left_class_cnt      = 119,
    .right_class_cnt     = 101,
};

/*--------------------
 *  ALL CUSTOM DATA
 *--------------------*/

#if LVGL_VERSION_MAJOR == 8
/*Store all the custom data of the font*/
static  lv_font_fmt_txt_glyph_cache_t cache;
#endif

#if LVGL_VERSION_MAJOR >= 8
static const lv_font_fmt_txt_dsc_t font_dsc = {
#else
static lv_font_fmt_txt_dsc_t font_dsc = {
#endif
    .glyph_bitmap = glyph_bitmap,
    .glyph_dsc = glyph_dsc,
    .cmaps = cmaps,
    .kern_dsc = &kern_classes,
    .kern_scale = 16,
    .cmap_num = 4,
    .bpp = 4,
    .kern_classes = 1,
    .bitmap_format = 0,
#if LVGL_VERSION_MAJOR == 8
    .cache = &cache
#endif
};



/*-----------------
 *  PUBLIC FONT
 *----------------*/

/*Initialize a public general font descriptor*/
#if LVGL_VERSION_MAJOR >= 8
const lv_font_t waferlog_font_16 = {
#else
lv_font_t waferlog_font_16 = {
#endif
    .get_glyph_dsc = lv_font_get_glyph_dsc_fmt_txt,    /*Function pointer to get glyph's data*/
    .get_glyph_bitmap = lv_font_get_bitmap_fmt_txt,    /*Function pointer to get glyph's bitmap*/
    .line_height = 19,          /*The maximum line height required by the font*/
    .base_line = 4,             /*Baseline measured from the bottom of the line*/
#if !(LVGL_VERSION_MAJOR == 6 && LVGL_VERSION_MINOR == 0)
    .subpx = LV_FONT_SUBPX_NONE,
#endif
#if LV_VERSION_CHECK(7, 4, 0) || LVGL_VERSION_MAJOR >= 8
    .underline_position = -2,
    .underline_thickness = 1,
#endif
    .dsc = &font_dsc,          /*The custom font data. Will be accessed by `get_glyph_bitmap/dsc` */
#if LV_VERSION_CHECK(8, 2, 0) || LVGL_VERSION_MAJOR >= 9
    .fallback = NULL,
#endif
    .user_data = NULL,
};



#endif /*#if WAFERLOG_FONT_16*/

